RelativePath,Bytes,SHA256
PowerToysUserSetup-0.101.2362.0-x64.exe,296370216,d56fa7130fa68afe553068c15a59a6b24c8dbcc9a0989a43ef0fc5a373230de3
app/Accessibility.dll,20776,7ce3bd7a5d0ec61be7d5d139e51831c4a20ae32cb7635baac739846fd0fc07b4
app/Assets/Awake/Awake.ico,103870,4bb2825da00261e8f28366a3634d7b817c6f09ebdebf6a950992c31dd7c7fa7d
app/Assets/Awake/disabled.ico,97566,67776a40f6f093a7e1b41378214e60f9354c69cc4f3b953bc5718ee3beea1030
app/Assets/Awake/expirable.ico,97566,b3eceb438254fe9d460982b6e0607a3a10e95bc2095430ba96f2364a1e70cd64
app/Assets/Awake/indefinite.ico,97566,f11ea297af1e23ffe6904b71ec0ec78311ae470cace7fb71fa30b80319f1ffdc
app/Assets/Awake/normal.ico,97566,cadbf9299d2034483293b3963a5d279ca2a1da8165ddc2c733aaf4edee360c96
app/Assets/Awake/scheduled.ico,97566,58f86f53aa44365239d453c2369d1b9a10ce1ff14a6650f18a8ccc3153f2a51f
app/Assets/Awake/timed.ico,97566,0e9c3ff8801434033fddfb22f189073daf78aa312a91094002a4c3d62f848cb5
app/BackgroundActivator.winmd,2048,492f2f55086c075fa6e1b0c05a02b9a62fbecfa4ed185ad6a6370723b6dd3264
app/CalculatorEngineCommon.dll,3156320,b51dbe8705d5f0412562189881801136a5fc0f0922cefdf895c57b547ef5ec30
app/CalculatorEngineCommon.winmd,2048,ebb879c845bb8892a64aa4c3dbfca772859a3ce20a7f56b000485417e4483d03
app/CmdPalKeyboardService.dll,105824,76032d7cb199e6f9c4a91ddec7e5f02c6846e5138bc725e35af7febe3783a278
app/CmdPalKeyboardService.winmd,2560,6dc3bf1c6d3ec7465556945dc03792eb8afeb50de17a6b2d65fb5a07d356b7d1
app/ControlzEx.dll,463160,4b6eb1c39327362228ca20a65456c53a6531d72c7fcc0c9705d0d239289d6714
app/CoreMessagingXP.dll,1042232,00a4f20a39a24542024bc091b939f6f3852f6aa24e30286a3fc183531e165606
app/D3DCompiler_47_cor3.dll,4741488,a05f99734f7c4822fefc12b367af21fd0976ed6608752fb1e1e80b6ece7ecbbb
app/DWriteCore.dll,3252576,426674b9c74612bd2a29d0812212faf0641ad93a48521aeb58eb9a50fac8708d
app/Dia2Lib.dll,59024,6c4cac68010fe032218efe5e9fcf46eef9f77bfaa5f3bd33f03c5ff77d5a8fac
app/DirectML.dll,18710680,7ae717a1304253c71f0793e5d8a172ad779934e7465b0648b64013da832fd8ae
app/DirectWriteForwarder.dll,505640,2526dcb41392b1756fd8fdb517fdca1c852b774b957e6e6c66715f616e5fc027
app/DwmSceneI.dll,2365240,4ee2c7584d9736eb8bd25e78a8c11978f9b2c3f735ea1fe9cf47623cc1177b4b
app/FancyZonesCLI.deps.json,53462,97f2c8e08627f29f72463c7c40b1ed6212b86c6a5f18e5dab2514427a66d8f3f
app/FancyZonesCLI.dll,81760,eb79b6b00294ea6de03e1e2e633f08cdbe9ce0ccd4f6e6f299eeb7ac54c85bc5
app/FancyZonesCLI.exe,172896,d1182bc08db6dd32e89b6604a6eceef96583a8be5c8be20a8f6b34fa649441f6
app/FancyZonesCLI.runtimeconfig.json,867,1401ad3714099edb8aedded755dd6f5f780c5b7682c18e227ec76e8d1e6fa3bf
app/FileLocksmithCLI.exe,708448,b358f577991d1d675f5bad913b46d94626ec06109f951f942abefc72a7221325
app/HelixToolkit.Core.Wpf.dll,596344,08963763be5e3e75acaf3f1ec74d256e96f95f6d761201af368f7615021aadc2
app/HelixToolkit.dll,16760,90a50ef49b4518254cb99b5ed41ecacd77901f2b200a91555d8a30826137e2f0
app/Interop.Microsoft.Office.Interop.OneNote.dll,33656,ed2db597b4df73bfbb272e3b2f2900b8da9bad29a8b52454adece791ff15f322
app/LazyCache.dll,34168,dd795b42e31813f821529af3eb75a096e3f4f56af9ee9f27f766c824d440561f
app/MRM.dll,288568,1e542a07fd1351b40465d5a06a2b3db7323089b01acf40f17f6129115772bada
app/Mages.Core.dll,269688,29f40e25a837aa13d6adb7d67686eda4157ad5f6c1726ce3e85feca848dc2a6f
app/Markdig.Signed.dll,473976,d4b6d5e387d7849969f6b4334e56296b616b2a5be0ef13e6e0a2c67f06035ec7
app/MessagePack.Annotations.dll,28536,99ed41ffba1d26f326426b338c73a9667e07415bf56178a2c42bffc9ffa2842c
app/MessagePack.dll,392568,99d836f132f153fb0ffe88c17d558e7633a56d0ac0e793a6c40e75d33421e6a7
app/Microsoft.Bcl.AsyncInterfaces.dll,20264,bf58b47923b2f520c766ca905f68a1a65d217c4d828f05db538c41129cacf9d9
app/Microsoft.CSharp.dll,980816,2d073ff1f059dda2814c320ac5782536dc268b335e23e8e8b4d0d3b0833b617f
app/Microsoft.Data.Sqlite.dll,177504,4abd9c2a61e580eb853e93ca8953a3cef2c05714ae28d2d1859d4dbc5e5700bc
app/Microsoft.DiaSymReader.Native.amd64.dll,2195504,315a61c47c41b8d4c815f4274bb6584c1d24b4640c7eedc354ed5b03a9a1361e
app/Microsoft.Diagnostics.FastSerialization.dll,75312,d4263b5af49fe442ac5290f1ccc47f8737ce3b5bb96eb4fca08da0e1046a9b04
app/Microsoft.Diagnostics.NETCore.Client.dll,146368,baed2d25ca5bc53a3447c237d5572c92eac1fd842807b3e72602a711749b1b22
app/Microsoft.Diagnostics.Tracing.TraceEvent.dll,3163160,3e9b1cfd4bfd52f310b441476a11e6a1f030f3c749b90c545042b0c2e95892ed
app/Microsoft.DirectManipulation.dll,657248,ac0c857ffd98b8ce7b0f3e93c93522f709b56b7e5cb38021e8e37472e03bc76e
app/Microsoft.Extensions.Caching.Abstractions.dll,37672,d3e8d6b1bfe488c670c277ba27b871dea27192c60289e1d65173b21286a8eb32
app/Microsoft.Extensions.Caching.Memory.dll,47912,27a3b754253c2ecbd1e695bc3dc67c8d047d9dc3219f60f7dc0b84baf5f43023
app/Microsoft.Extensions.Configuration.Abstractions.dll,28456,cfdb91156d4d875ba6f540e53f96988e266ab24ab6f367150db6eb9b645cfeb3
app/Microsoft.Extensions.Configuration.Binder.dll,43304,6e30012a3f649ba2e4a4101ce77b777b0e89be05302fe7c11118cf680e561922
app/Microsoft.Extensions.Configuration.CommandLine.dll,25384,5b85cf6e3d3b6c5ec48192ff9202121b360d2e2c18c1d27c4725fbf689f1a3fd
app/Microsoft.Extensions.Configuration.EnvironmentVariables.dll,21840,4968b1713382a9683acdd3d70b783316646cc73b9da1624b70e058298d07b909
app/Microsoft.Extensions.Configuration.FileExtensions.dll,28456,3d7015f88ca1c903e288eb73cea65baef251cb41ed99e4cbb607b18816d32aac
app/Microsoft.Extensions.Configuration.Json.dll,27944,2b72db01838c8ba1f221ac767d28f2f67a0c63be581910bcfef2b0832bed115f
app/Microsoft.Extensions.Configuration.UserSecrets.dll,26448,f117a8b446857fcc2760d17255c6623d94f9dbbb11c7893b4276fd889042f711
app/Microsoft.Extensions.Configuration.dll,44880,7811862ac6c2456e1efd7ff300e6567ff373fbccf4266a853dac376b5b8c19c3
app/Microsoft.Extensions.DependencyInjection.Abstractions.dll,65832,43497d8f23b82159295933effe92c82447469b60cdbefcca4a62232e4ebbca99
app/Microsoft.Extensions.DependencyInjection.dll,95528,21a7fd5e0dba0f36c5d7643e572a11aaed01ac901532bd7b96a919eb02749389
app/Microsoft.Extensions.Diagnostics.Abstractions.dll,31056,629fcc3e78969fba52d7bf7ab21eaea2a7711fa4e0b4b91bd37ad8b35816d60c
app/Microsoft.Extensions.Diagnostics.dll,36136,e66c773c8976cf0c056b360ecf87637f28639810189bdf4d6bb579db6a3e3466
app/Microsoft.Extensions.FileProviders.Abstractions.dll,23336,c823eea339af2beca2c3004bb077118d0db6379f908e7324e59461ef2c08e4b6
app/Microsoft.Extensions.FileProviders.Physical.dll,45392,ab90ea779dad07f90a64d69ac7037befe97f3f70d025596d339ec0814401e86c
app/Microsoft.Extensions.FileSystemGlobbing.dll,47952,c6cd6e791178b3f99f5ff4b46e51955edb92e6fa76ed6709e778e52612a0594e
app/Microsoft.Extensions.Hosting.Abstractions.dll,54056,97d564d9adf28cdbc2e6ac36ba6bf242ae70edc8b6c8841387370aaaf095de7e
app/Microsoft.Extensions.Hosting.WindowsServices.dll,28968,327fdcdea21358502d83b3a74a0c02f5fcb4348369f3569187df6ad4d98fa653
app/Microsoft.Extensions.Hosting.dll,71976,d341be29a1aa7ce1026499776edbd457370586d0d1d6d231c42630e579fac09e
app/Microsoft.Extensions.Logging.Abstractions.dll,66856,cec836c1dff8e64701ee4fd3a710bd971fef953c90a34b577d9f4363103e6c39
app/Microsoft.Extensions.Logging.Configuration.dll,28456,b0e3dea3ef2f0169171a58d024ccebbad0c2a1d35d4278d5a21c6f8a537b59e7
app/Microsoft.Extensions.Logging.Console.dll,76072,97f7643ed779c0deb030ebef8e95388a9cbfb194e271391075dae297674d5897
app/Microsoft.Extensions.Logging.Debug.dll,19792,54dd5ec754cd6e98e5a1a2f6caef643d4cb4507c1b64281fc810d4db1b0a0578
app/Microsoft.Extensions.Logging.EventLog.dll,24872,45050b78770e4b1c10dadda4a71c31c04b7a9d24ff661bdfe52854e4c6e8e94e
app/Microsoft.Extensions.Logging.EventSource.dll,34640,64ec3197a6ec86920dbee666725bf5a9a5cd4b8aa4037b6153e4e29014b61b9d
app/Microsoft.Extensions.Logging.dll,51536,26d66b29b64a36bc7416e999b0fb55bc4b2d9d1358b6bef830c6a0ecdc81f86e
app/Microsoft.Extensions.ObjectPool.dll,22816,dba21041ab0064cf94f3e821df1435d880cec2ce5408144e3ec5199347349bc0
app/Microsoft.Extensions.Options.ConfigurationExtensions.dll,21800,4f6119f2f95f656412c4f31fdf80b739314060beeb374ea3aa92feb3164582f7
app/Microsoft.Extensions.Options.dll,65320,c734c6a9feca3a2df39597e028efea8eea796e7e5dfc815df8b5893384297728
app/Microsoft.Extensions.Primitives.dll,44880,1f9f027817b0f277f45cceb0927c14e41cabfe6d52dafb5ab6bf68895294814b
app/Microsoft.Foundation.winmd,11616,51e267a3e7d640c06b0e775c4bab9e29aa81e42a245d9d6fb763a7bea5cee4b3
app/Microsoft.Graphics.Display.dll,218936,7248902bacbc03939d220a5a3e0a9de73f15bcfa6b6c264879115aab4af33a5a
app/Microsoft.Graphics.Imaging.dll,139576,43b5c14c023cc8744abfe2888dc175559d9542cad60f1708b24ce346694c663f
app/Microsoft.Graphics.Imaging.winmd,13624,67bfecaf7a18a9bc9fb09ea60a98fd0d7f0025b2b8c8cadc2883d0bd9424aae8
app/Microsoft.Graphics.ImagingInternal.ImageObjectRemover.winmd,12088,e46d32b6340ecd55d03afb57c41df15a5a8f9928c9cdb6fa0cc68b0df10fd044
app/Microsoft.Graphics.ImagingInternal.winmd,16696,b3bf44a93e048c90eb2669c0486689a73678eb2f0906df8fca93240f2c91a62a
app/Microsoft.Graphics.Internal.Imaging.winmd,18232,cdeaf48bf23a0b55f15a5e365d0934d88443048d3641e94ad3cb552a617f3220
app/Microsoft.Graphics.winmd,21304,d5fff8f0bdf7bd18515b75ba92837e7835c77f60dc2b67bb87a44698fdd89bc6
app/Microsoft.InputStateManager.dll,456504,0445c8d2f062462924ade3f2c5b66143f9e837e3e69e2012a07681ad555356e4
app/Microsoft.Internal.FrameworkUdk.dll,931248,01dc25426567fa74d17869e0199e38267d739a73414409830e919cd0433cabab
app/Microsoft.NET.StringTools.dll,30880,e51c8678fd602a21c249b369e833966019935132476f9434da896bef808ba3b1
app/Microsoft.Security.Authentication.OAuth.winmd,24376,a3a7040d7052c5f160e420380511e84f31af5e4c7b0773defe14e5f2fd737a78
app/Microsoft.Toolkit.Uwp.Notifications.dll,144080,036564a649f47b92250dff4f205c8d44804b0b41a69d783bd4212d189eb5f694
app/Microsoft.Toolkit.Win32.UI.XamlHost.dll,110800,98a87914e37600c7f97a27ca603a6b994dd51ffd390ce5b34e073939d258c2f4
app/Microsoft.Toolkit.Win32.UI.XamlHost.pri,768,14f448af38b1188fd5001bd6e7021b042833aaa72d1c9bc807384ed75b95ea5a
app/Microsoft.UI.Composition.OSSupport.dll,67384,a80774593ec2af30718099e318c12c5ba40476af9d2b07154713645c043e88f9
app/Microsoft.UI.Designer.dll,120632,b448f6a386c02b036238a473908d9049025a9d1ead48c5e7ae8a8923ccc9adc2
app/Microsoft.UI.Input.dll,1570616,7e24fb014303d387c140de4fedd4c65d079a2b0dd6ddde01135972b887a8e403
app/Microsoft.UI.Text.winmd,35128,eeadebd8d48d72e2016020db1b16b83adc2b89a8eec2bd416d017a292ec6bcd3
app/Microsoft.UI.Windowing.Core.dll,542520,ccc64f8f6b07c8e39ebaee6e51346d8214ae606a5e2a8fb402d955a5eee61f41
app/Microsoft.UI.Windowing.dll,550712,de777fc7f88256dc3158138b5e267a151fda461a2ef71b24320ccac7cc5a3b75
app/Microsoft.UI.Xaml.Controls.dll,6645560,44479ef18ea26abd9f01315e150de1adde9900f448a4e391fa25bbdd1bfbd5ab
app/Microsoft.UI.Xaml.Controls.pri,1259720,304f09338fd6dc69edd6d0225896a4b50edc57d712e3528e148a795bb5a20e07
app/Microsoft.UI.Xaml.Internal.dll,936800,e3b9f23db45064809be2c9e2d1d8216a16457bdeb1062db9ecb811052567e3cb
app/Microsoft.UI.Xaml.Phone.dll,1103672,ca8d88d4cccfa5da6aec0d9090dfddd403301d9e85686327e4608d3e07716f47
app/Microsoft.UI.Xaml.pri,18962536,7409d633fbba50196bc17bae4f5f2fb6dc94bc55f5bcad88b6528d6c170974e3
app/Microsoft.UI.Xaml.winmd,1633080,3251bbefaabbc96ef7b5d10c0062462acca0f17faa2f854d3cc29422d0ed5733
app/Microsoft.UI.dll,177976,21509e8198b80be168e3a8ff89868bdd0f459afe8c7390b0bb004b2b71117359
app/Microsoft.UI.pri,101512,db52527854555e33c473787beab45ab6caeb063b50a84282c54ba6f2e4d16ef9
app/Microsoft.UI.winmd,293176,509244546deec251a0e88a2df10f67fbc2cd036f4d7b064cb24cbd153ddc9f05
app/Microsoft.VisualBasic.Core.dll,1193808,6c267acb79006291cda2484bd9d39f289419b7d3448e1a1f30ef7c2ad7dce82c
app/Microsoft.VisualBasic.Forms.dll,247592,640f7fc1fcd098e04f3f8d03668039719cfe799d2a12eda7a9c6a2e9bc1e2acf
app/Microsoft.VisualBasic.dll,18728,a7ac7e8ea4a71db42adb99f55af9ba270c3518652fe1a1f47b4eea939553138d
app/Microsoft.VisualStudio.Threading.dll,442400,a689dad58b0c872cb34433a208c02675d9c2a649f053326e04038a735d0ea312
app/Microsoft.VisualStudio.Validation.dll,36256,cc08390e5e26ddf7284e673bc744bac25a3bbb755a238c7c0abea7184ac527e4
app/Microsoft.Web.WebView2.Core.dll,708376,a53501cfb80043f052829bac644ed0649fa2a53d9b440729db740296dcb8717c
app/Microsoft.Web.WebView2.Core.winmd,143240,36cd474809aab1fe126929fb72640b42aaab19f06a93279805ed2c1e9155c7af
app/Microsoft.Web.WebView2.WinForms.dll,49432,4ba3d47c963edd6cb31184d5d10b5e71f8900edd209aee7ef17441e0f980da40
app/Microsoft.Web.WebView2.Wpf.dll,94488,92b5ef7a28f1ee7216dc8f40a5d21b2f5f52c91c24442ee7e7fba186cce15a23
app/Microsoft.Win32.Primitives.dll,15656,07ee7d2780a74c523af5ca4babdc63d006fa896b3a1463c2e638c5bb2843f9b9
app/Microsoft.Win32.Registry.AccessControl.dll,34600,21452fb52e66252603c5efb3f3f8e330af094435840f8807803e4ee458e4625b
app/Microsoft.Win32.Registry.dll,116520,5f7623b92c1ef07c98546f63c83613f5f5f7af6513dc52e2e9e11447b6c1c7f6
app/Microsoft.Win32.SystemEvents.dll,116520,4c2b3c4a44fa0ff1dd288d2fd0b2d4c8a5f713c149a4b2d37a26e03a7da261fa
app/Microsoft.Windows.AI.AICapabilities.dll,112440,30d47de2108a3280c7fff252fa6bc815c762356a1e31bc7427ba31825d83b438
app/Microsoft.Windows.AI.ContentModerationInternal.winmd,13112,6a6885b53e4ad73daac18627bd9c2aecade6cdc108e8bbb9cd00a813341047a7
app/Microsoft.Windows.AI.ContentSafety.dll,104760,4acb72db1126239c838816588760ea46a13e5a4cffe958b18bb4c5ed3792e19a
app/Microsoft.Windows.AI.ContentSafety.winmd,15672,cae814a496278c33f17de777c4989551785862523f42bc3efc9acb309ccbb02a
app/Microsoft.Windows.AI.Foundation.winmd,12600,e2f4d7598bb227ad93021de0ad50fd683845d428f01cc4d199d5a1fbbe7cc09a
app/Microsoft.Windows.AI.FoundationInternal.winmd,12600,da2072ea9b746b37d58cad0ef9abd248047e283bc36c87092320c64d72ad6fff
app/Microsoft.Windows.AI.GenerativeInternal.winmd,19768,42a765a3fe83ae0bc7b00e7ff53b425f81543987c99e88d113b4d8912aa8e0c3
app/Microsoft.Windows.AI.Imaging.dll,769336,beec87b1dfa548e1c3966060f039b6909e56d3b015160e4abcf3d34843e067ee
app/Microsoft.Windows.AI.Imaging.winmd,21304,85b1deec7d1b1157518a0edce4001ad7821e79c4291a578db694668170313f6b
app/Microsoft.Windows.AI.MachineLearning.dll,922248,9439653d0bbba26414e3f5356d23efb8e70d49b3d3fd07ace88b2a5e3d6423c3
app/Microsoft.Windows.AI.Text.dll,695648,1fffb46e994d4087bc267ddcb8c893260263b3f895beb9e4aa10da7efa4ff43e
app/Microsoft.Windows.AI.Text.winmd,25400,ae0118809c6256d65357351ac5af589e1757396d331204a7a856a40714286239
app/Microsoft.Windows.AI.Video.dll,545592,d92b79107eee9e3a0b230ba699c1f08e843d2dbf61d8c933968ba6ee211fadbe
app/Microsoft.Windows.AI.Video.winmd,14136,10d9fb66c97ef1f7425e903c21e4e65eb64b4abe249a6d51dcc78341247f2298
app/Microsoft.Windows.AI.winmd,13664,049098facee8a842e5dd6fbee5a8e292aa841d52bd793082f27ee173b1b8b48a
app/Microsoft.Windows.AppLifecycle.winmd,17208,67a9e7820ff029961b668be68057fc1637bae84cde75ffb7f555a7ba516b3102
app/Microsoft.Windows.AppNotifications.Builder.winmd,24376,c6113832200b79fa72f429939934589935816e416c100db63376b6962ffd0f2c
app/Microsoft.Windows.AppNotifications.winmd,19768,175f4f03e825e0a4b5bec37705dedeab0554e8edd5de32843003341d60062f30
app/Microsoft.Windows.ApplicationModel.Background.UniversalBGTask.dll,86840,50d24d9618c9971e89bf66c1dfbbe0d563e9dd49f8c65e988ee2ae28d5633bea
app/Microsoft.Windows.ApplicationModel.Background.UniversalBGTask.winmd,12600,088bf3faee94fd001ce5b4e5d27ee97cbbb86385f2b27a19954c86f4c95e6e64
app/Microsoft.Windows.ApplicationModel.Background.winmd,13624,651034b2f30a798fad4ab7619983bdbd8e492a839b48b2e4199244bbd0523ec9
app/Microsoft.Windows.ApplicationModel.DynamicDependency.winmd,18232,d0b8b9daef7a46762024d62ea36458616bf3ae3ee0ff199dc758299ce137ecc0
app/Microsoft.Windows.ApplicationModel.Resources.dll,158048,e382ed81f91fad95e23e2023b4c25c34fa01a9f03e64d29fdbea51e28482f3ee
app/Microsoft.Windows.ApplicationModel.Resources.winmd,19256,fe357794a9f0f724377008fe9e8c9c83e33dec03653d3f3a7fff3b221a8f5776
app/Microsoft.Windows.ApplicationModel.WindowsAppRuntime.winmd,19256,ca9b40d21bed6fabdc13b8137febdc82d0acc8effff4e3464a732ff4486bfa69
app/Microsoft.Windows.BadgeNotifications.winmd,13112,1b8f50ce19ea7ade0c30f0c8733f26b3172fc03b08a2a329f708ed4581dbffb9
app/Microsoft.Windows.Foundation.winmd,16184,8a0ce33a68e01a93ef5019b210caf5bf22a168c5f2f77e96fda99409a7f9a2ae
app/Microsoft.Windows.Globalization.winmd,12600,1073e8423c1567842d5cfe564e50f501e14b6eb9cf84138e7b021d0e3bd4d283
app/Microsoft.Windows.ImageCreationInternal.winmd,14648,4ab60a3c1a60d9945050b4217f90033d561718ea20326a95e844d27447f6b7a7
app/Microsoft.Windows.Internal.AI.ContentModeration.winmd,14136,bb59e868b0ddfe531a59af7a17c8ec928be3850689c050b79e5e1ecdefe376d1
app/Microsoft.Windows.Internal.AI.Generative.winmd,25400,c4d3d10bd681df7fcb7d4bfdbf41405ab9c0056dbb224ab9283ae43a4b3823ad
app/Microsoft.Windows.Internal.ImageCreation.winmd,14176,0c4c5a5bb63c28b3476358515a7fb022d1a524a3597e877cc8c032a5db9c883b
app/Microsoft.Windows.Internal.SemanticSearch.winmd,19296,139f51fc079e519fa7d62680b1615e6af501c66284a2572994f8bc4cfd60057c
app/Microsoft.Windows.Internal.Vision.winmd,15160,c061b712ba215abea92993d7bb02b81159e253cb6fe6748468a9a38ca477aadb
app/Microsoft.Windows.Management.Deployment.winmd,42296,a4e43620ae24dda22a84fbe76673addaffc989edf46eb3bd3ed618afa85705ad
app/Microsoft.Windows.Media.Capture.winmd,16184,3fc11fee07286fa65191e3ba600c4bb071845196e0670d23559f5f387db66e1e
app/Microsoft.Windows.Private.Workloads.SessionManager.winmd,13624,0cd6f8bf7d467a57cec61f2de0cc681aafa4a8c406271779d1edce46fcacf27f
app/Microsoft.Windows.PrivateCommon.winmd,15672,4b8a17984a4c072e85a345d72cd5cb50ab7fd41a58a38e41c386af213032a885
app/Microsoft.Windows.PushNotifications.winmd,15672,1fcbb1179df64cd46da03eef26af9e46429daaaf4150c86cdde325ef29868b15
app/Microsoft.Windows.SDK.NET.dll,26693664,4964dd17fdffa3a13873e9b76d3ad4f6e4f01f55e187be443791693bae952c45
app/Microsoft.Windows.Security.AccessControl.winmd,12600,a4d9db5297844deb9ae798523d2fcdec554ac9103e3534119ba6761215f26bcb
app/Microsoft.Windows.SemanticSearch.winmd,12600,d87d1ec3dc1c90e735ba8a99fbee383ed5050081e3e2e543bbceaacd70409e70
app/Microsoft.Windows.SemanticSearchInternal.winmd,19256,fb0a875e6d0f6b0e0f7bad6032b0152de61dec7623fa430d4f84385e5ff9f99e
app/Microsoft.Windows.Storage.Pickers.winmd,19768,ee39c2f2af40579699ea629bc2c3fb42f9bd76bb177922c5ebb404610e7f6475
app/Microsoft.Windows.Storage.winmd,16184,1e6bd289d5f1495322885a1f0afe9a1805c5951072b41ed488814023853d801a
app/Microsoft.Windows.System.Power.winmd,17208,9bf1776eda186b2376b8b568f179beadeff92822f01f965824d207ba690b68b1
app/Microsoft.Windows.System.winmd,13624,75e8038fc1c304216725c6ca12c11814621a039af7983ab2db92cfdabcdb312a
app/Microsoft.Windows.Vision.winmd,12128,9cdae4582e10f4a7fbbf71f97a65514bc54e22605d1188c228942a69ae510ffc
app/Microsoft.Windows.VisionInternal.winmd,17208,99af0e53d8e5e7b035d354f95f51c5802a0b5aade481d361bde3c052cdf947af
app/Microsoft.Windows.Widgets.dll,2469688,86aa4b3fc152adbc8bb10b58c069d5423c03542a9794bffbed27f7605aa32b81
app/Microsoft.Windows.Widgets.winmd,36152,f3b410a5772de1ef0945719bb4d9cd24e78a21928ecd0f6703c2a9996cd88bca
app/Microsoft.Windows.Workloads.Resources.dll,162144,8e4b403db0834020916269025fc6dc5dde8e2052a68e7723ff40c7ce2a9cc71e
app/Microsoft.Windows.Workloads.Resources_ec.dll,174944,3d0844380974c844a7e29d60093849674cca36ff3fa818be8a23b4fe71d38ff5
app/Microsoft.Windows.Workloads.dll,400696,59113b964eccfc5497c9a23ef15bc7eb843f0905f19728a597d0c8b3071ab3f6
app/Microsoft.Windows.Workloads.pri,1680,b0c170307c815146a2ecbc4bb08b8d6223da167ff5c048e942ccd9a9a192ae86
app/Microsoft.Windows.Workloads.winmd,11576,8260ec6eb9c2333ad0ee48b72be382da13583c4304cf20342657b118e8f753b3
app/Microsoft.WindowsAppRuntime.Bootstrap.dll,394040,a63d0d7f5e3e863e0781d0a9467011598189f7149a169b91296fea90a31e9906
app/Microsoft.WindowsAppRuntime.dll,2600248,9e69baef0cca50c4c51bce45fd662ee7a77cbf9c3531b9c4e45e246ff2f62605
app/Microsoft.WindowsAppRuntime.pri,11296,0ec8d17e6ce296ba51aa539f8f3fc1b93b8bb53c20c82ba440f07e5cd1ce081e
app/Microsoft.Xaml.Behaviors.dll,145272,8f782ad7adfdeeaa933183065aa7a0be9387abce6038e912455e78527b04adca
app/Microsoft.ui.xaml.dll,15096672,2b22eb6130821f43a26239d441ef3a898bea24b1c1078b5941249431c4b4fbf8
app/Microsoft.ui.xaml.resources.19h1.dll,566072,4568bfb9f87fa8a032c700d5ed01744a3f956f5973ebaee9798daba3b8021245
app/Microsoft.ui.xaml.resources.common.dll,55096,63875af66a9a275e1500371260fd6007668d0f9f2e9f46de97194f354ed04e13
app/ModernWpf.Controls.dll,712568,b22ce73d5946783db7f186aacafc0d6da6830bcff1e2bcd5f48ed8c49db874a8
app/ModernWpf.dll,924024,4cb741674d81da17e6139d22bd6982e579aee06a414e816d8f3a25c41fcf09ab
app/NJsonSchema.Annotations.dll,30072,3fa6400d2db5b5303778e456b7103409b1433f49734c4d287afd9ca22d29cfc3
app/NJsonSchema.dll,252792,3fd82bab95d234942384b39158298e34c109a7489b7bda5be48e0b94292574ec
app/NLog.Extensions.Logging.dll,73592,d85242b607be39e9616d74768d1e7be4211104d22d9159ac4304b680a7017ad4
app/NLog.dll,949112,6fb0b78396f1a74606e3b355f31082d72a478652ba7d4abb208ee03048378d36
app/NPUDetect.dll,287584,262729072ac5fafafd7ed22bb5a43a949af09177f4bef00aad91d535ee07a27c
app/Namotion.Reflection.dll,81272,b4c763981b721d46cb1a1eb3285922ade244e224c12f8be3291cb039517a1c92
app/Nerdbank.Streams.dll,228936,8095f4f2f8479d6263dd20cff555190184bfe2f20905babb2cde0fb26bb05578
app/Newtonsoft.Json.dll,733504,3bf917f66b73352d83d47b4e429831eb1ff5766e0046f2995a64aac7724e2fc0
app/PenImc_cor3.dll,157992,8052e85cd5a3ae9a939872b32de5b90a827456a21d8ccfc4d0c76599f1fcc217
app/PerceptiveStreaming.dll,1760608,acc6ceac030b6464f5c25bf8c4fee79bfbddc60855541c0ccf0929de7d95b4e9
app/PowerDisplay.Models.dll,69984,ef7b42b766a00e9adfeb28023c6f3275c88983d6a8348af400cf42955325dd34
app/PowerToys.ActionRunner.exe,616288,2b34182ba624e0bc5eb36168aea804c85ced8cf27ae01cf8f53bfda0778b1068
app/PowerToys.AdvancedPasteModuleInterface.dll,1017184,1d92d8930e49ed4c9648435ba2538c6726abe6e61a98bbe1632d4880fc7ec0da
app/PowerToys.AltWindowCycle.dll,702816,e17037c0d220fac00c95d9a325747b4b3216836f28b3fb2a00cf7f1f12d1e7db
app/PowerToys.AlwaysOnTop.exe,899424,1e1f00664e22f275b065b259c6f5454bd8b49fb693c04c9d515201e83a1d13c1
app/PowerToys.AlwaysOnTopModuleInterface.dll,654688,b827b10709a7d721d43d04e4f65eda8e3bae354df95beb1fd66a74b099a45951
app/PowerToys.Awake.deps.json,60538,5f903b97bcd1f16743503f7ba214b644687179b1b0c5e27030cec3db5eec96c9
app/PowerToys.Awake.dll,200544,01d4d3232bcc0c0e1ac5ebc40e857fbc01c276dc3be3dded28c7ef73d6a293c2
app/PowerToys.Awake.exe,276832,9d5f21a2ff59867e4520b0305261d47105f8ba08bb26ce5d05a9bf016a15b8da
app/PowerToys.Awake.runtimeconfig.json,867,1401ad3714099edb8aedded755dd6f5f780c5b7682c18e227ec76e8d1e6fa3bf
app/PowerToys.AwakeModuleInterface.dll,668512,473c6f0f896e7dc78b055cc2b9ce2d8381f21c5e94d6560ba5edb6705bb42fbc
app/PowerToys.BackgroundActivatorDLL.dll,66400,14f598307616d6a6e49a2416a624a61154dfd52be2bc214586a893f8e3f779c2
app/PowerToys.BgcodePreviewHandler.deps.json,58896,837efb0182c4d382a6ded66a09f5d0691f21e3e0569d45245e8537d3e6c5e45e
app/PowerToys.BgcodePreviewHandler.dll,43872,96530937a30f1f7c9108f4b34f37fd43d02c4004b4acc52a7a2e2e01c4b9b58d
app/PowerToys.BgcodePreviewHandler.exe,172896,8febd0ece865fda71c3c11b182e5cac25a487285b06504dc66499851a43bc746
app/PowerToys.BgcodePreviewHandler.runtimeconfig.json,867,1401ad3714099edb8aedded755dd6f5f780c5b7682c18e227ec76e8d1e6fa3bf
app/PowerToys.BgcodePreviewHandlerCpp.dll,647008,40aa964223fba8071bea36b00dfc6bbbaaad1cb1e0bd916ae66ff0399678d579
app/PowerToys.BgcodeThumbnailProvider.deps.json,56470,d0b8027d532756a62cf8a3c94bd3f3d3e06cbbfd8d536cf8650c1f885621962a
app/PowerToys.BgcodeThumbnailProvider.dll,38240,0ce112aabdb0e347902bdc7a2f9bbef05fd77217f8cf8d9fb73dfd0e1e7030e9
app/PowerToys.BgcodeThumbnailProvider.exe,172896,6c37d91fc022fa1894b174a10c52845c9f3a21dcffdf91316b35d18f5a995734
app/PowerToys.BgcodeThumbnailProvider.runtimeconfig.json,867,1401ad3714099edb8aedded755dd6f5f780c5b7682c18e227ec76e8d1e6fa3bf
app/PowerToys.BgcodeThumbnailProviderCpp.dll,652640,ba2e654b5656cd777ed2aec1fc091995f7f5901172c78b85e9cfc72121be544e
app/PowerToys.CmdNotFoundModuleInterface.dll,679776,29c2eb89b038d31c584f511fd1324a6b6239287beedc7a97dcff4282e4209b96
app/PowerToys.CmdPalModuleInterface.dll,805728,95b1a2f184641746f7252cb2b46a04c147df13682a1dee236d09abc0cbf6dd3d
app/PowerToys.ColorPicker.dll,687968,e64090fbe7f94bcba6f2b5c8c467bf5b64c4d3070b229254153a567036e0dc19
app/PowerToys.ColorPickerUI.deps.json,61270,beb566d293f9062245272e8ee56b12a88b1b205f9fbfd7cf3d6a7706c4f4e6d4
app/PowerToys.ColorPickerUI.dll,433504,9027d8a96b5594917ceb47e0eac58d7e314c1a6129d3f79704f84d79920f4804
app/PowerToys.ColorPickerUI.exe,300384,e5b41ab0d6891bbbd997e1ad7b3021f82b555c97f4f107dc9fafa6b7a33d5617
app/PowerToys.ColorPickerUI.runtimeconfig.json,867,1401ad3714099edb8aedded755dd6f5f780c5b7682c18e227ec76e8d1e6fa3bf
app/PowerToys.Common.UI.dll,24416,87870d198812b46bfa696499a4817c08c2cd6d352bfffb94b4475448aeb9df93
app/PowerToys.CropAndLock.exe,880480,74e8fc77ad9edb65f3888bacd134dcb4307d7539201cd0226a91e7d3694aba44
app/PowerToys.CropAndLockModuleInterface.dll,738144,ce86cafdff87c905b7660805f174b7c9f32ebbb1ca7accbb7dfd18259b9d48c9
app/PowerToys.CursorWrap.dll,729440,d10240d6551b28e9a60fc9ad63bd3f88dfe9a76b07f49dbe77f7c8778adc0061
app/PowerToys.DSC.deps.json,60388,8302e107d902474ab6bb7eaf03e88b2b3cc71c4158207e99ffa9ca69819ae09c
app/PowerToys.DSC.dll,40800,8f29337f720f77eafce2e6aa17781d8dceb4d85a94ff530102fe9cc7da5a3ee2
app/PowerToys.DSC.exe,172896,b92ce5ad69a9e9016ddb271713b0e10b3f28815d850cefd9ab613c8033223d45
app/PowerToys.DSC.runtimeconfig.json,867,1401ad3714099edb8aedded755dd6f5f780c5b7682c18e227ec76e8d1e6fa3bf
app/PowerToys.FancyZones.exe,1469792,673104b515374bba8b1df80720906cb14c5ff9a8e868ecdae1fccd071e5f87ba
app/PowerToys.FancyZonesEditor.deps.json,74017,3da7eb7ee2844ae338f59de23aea6d02abb2bdf053e87119a84fd89f75d1e56c
app/PowerToys.FancyZonesEditor.dll,345952,90abed4e06af9307a96a4f14c2b7e4a29fb741285d4ff79cc0a6d3ffb4d46878
app/PowerToys.FancyZonesEditor.exe,231264,df67fd09c6e6f16f1e95e079702c294c636cd54f592ce719704d4eed2a77744d
app/PowerToys.FancyZonesEditor.runtimeconfig.json,867,1401ad3714099edb8aedded755dd6f5f780c5b7682c18e227ec76e8d1e6fa3bf
app/PowerToys.FancyZonesEditorCommon.dll,123744,bca6ffe7ba61d213d93ef6c0bc19491fbc4a5fd8dbacd505c086c448edc31224
app/PowerToys.FancyZonesModuleInterface.dll,757088,6d69949ef8b97589d7b735fbb952ab690b2c52f76b536b425f0e1ccac3efb949
app/PowerToys.FilePreviewCommon.dll,52064,35cb5f5e8e1d201d22db5d6b956195c04ae1a79469d36f25b90b6eeee6240ab7
app/PowerToys.FindMyMouse.dll,797536,187f80630fbc118da071b96694ea383a6f2b2242a06af761cbae4713622b82ee
app/PowerToys.FindMyMouse.pri,712,d73a4472411f61026c99246890ae5088b2a3995dff313afb93fdd60cf22a06e4
app/PowerToys.GPOWrapper.dll,195424,f4fbb1d64c5926a5284294f4b569123005ead987c57136bbde2b74c8ea691a15
app/PowerToys.GPOWrapper.winmd,8192,d9faf937680a65ae6e712ddfdc493ce048b833325a7b756319841a377070baba
app/PowerToys.GPOWrapperProjection.dll,35168,f642cbdead32451433c5c5e9ba63ab4cc01f283c3e734867c9e243eed1a55ccb
app/PowerToys.GcodePreviewHandler.deps.json,58872,579a50a55f05b20e657d283b6e02d1ae1338fe5a06661e52287c52fec1a76f99
app/PowerToys.GcodePreviewHandler.dll,43872,4c34667aa92a6f5d84510159a578d1e80dd5a0e2af2ea51bc70194749d001bec
app/PowerToys.GcodePreviewHandler.exe,172896,cf585fdbfe1d42fc0c05012d6572639eb6e1aa04f708207ab113d15862fc8d3f
app/PowerToys.GcodePreviewHandler.runtimeconfig.json,867,1401ad3714099edb8aedded755dd6f5f780c5b7682c18e227ec76e8d1e6fa3bf
app/PowerToys.GcodePreviewHandlerCpp.dll,647008,baf2f25ca64f782fa06c69cc4bbdd6dcc9ac0edbc0e32a2ba6e74e191727a848
app/PowerToys.GcodeThumbnailProvider.deps.json,56467,ea20295ceded09ac8de4cb85a4baf84ba0b254f9e25a216cd7167084c236b40e
app/PowerToys.GcodeThumbnailProvider.dll,38240,32be2daa168412ef1b40814564d72552187c08d5ca168cad45b2044abd005aa6
app/PowerToys.GcodeThumbnailProvider.exe,172896,14060aef5ca933d0552da63a147146c31c635a95d413f5b46175600426cc5d6f
app/PowerToys.GcodeThumbnailProvider.runtimeconfig.json,867,1401ad3714099edb8aedded755dd6f5f780c5b7682c18e227ec76e8d1e6fa3bf
app/PowerToys.GcodeThumbnailProviderCpp.dll,652640,a08eea7a7d2a8b38b698a29f44789e77973c1549798446d1d5520ef9fc21d64e
app/PowerToys.GrabAndMove.exe,738144,3da327420a4f523aa0dab7335e99f82dff7c57259dc6bb2d3c68715c81f1b5ae
app/PowerToys.GrabAndMoveModuleInterface.dll,673120,3de4f9f9416c0450685fa28250609b386f7e33a8667ed75a9dcbd6ea689aff84
app/PowerToys.Interop.dll,501600,32adb72bcfe3841c8986c3b024d52bd17b83bee5ffe8f09b0e3545361f025ae1
app/PowerToys.Interop.winmd,10752,4e76d20a494a40dc76401f9268580f5589c9b2ff9d2e9421ee5878f5e329c069
app/PowerToys.KeyboardManager.dll,700768,a99387a87ed853f39628e608c39c2e6e49d35cd27fcd0f855554a98afc95f9c4
app/PowerToys.Launcher.dll,706400,d9594505d84391c85d1713bca461090f5ed092d2b568c8dac45be0c7c62cef61
app/PowerToys.LightSwitchModuleInterface.dll,730976,6b70f907c7fd86073d87a50866d9c567866cbd50bb19915d4a5254021ec79256
app/PowerToys.ManagedCommon.dll,114016,bda41514c5575e0fccd240c2609fc63559b94df3b70c40d26b71bf5c8fca75c2
app/PowerToys.ManagedTelemetry.dll,21856,a6b3decf60df51361676a7e4bf8d33aa0608288f1b8ec49bc2051f06ba48f540
app/PowerToys.MarkdownPreviewHandler.deps.json,64312,9870332aa9c355cc054a468ffdb2e9945a87157689ba1d01b77fcda1245d90f3
app/PowerToys.MarkdownPreviewHandler.dll,55136,e47fcc38944ab5920aa49a31a2d0fef212865d1f5a62a65a08012a1767bed9cc
app/PowerToys.MarkdownPreviewHandler.exe,172896,d48704360aa8c8d5a3f572a055b176d50d58206f386cda49b2760beb3fd00cd9
app/PowerToys.MarkdownPreviewHandler.runtimeconfig.json,867,1401ad3714099edb8aedded755dd6f5f780c5b7682c18e227ec76e8d1e6fa3bf
app/PowerToys.MarkdownPreviewHandlerCpp.dll,653152,25511eb9f5749289e2f547ef0693e4c4a37c54cfab82f2a0557824564dd43c4c
app/PowerToys.MonacoPreviewHandler.deps.json,64209,2ce32c619428faaea8c6ad090a01bc6f4ef9a556438646147eb8f11357af20a5
app/PowerToys.MonacoPreviewHandler.dll,56160,723fb1db38231f6b82e99bab92865dc566c4fb5c3ad909bcf9464e7e81539fea
app/PowerToys.MonacoPreviewHandler.exe,172896,117b107cef0c3ce7e0ca272e72f0c9428b7a88d7cf49b6df0f0e860811c31911
app/PowerToys.MonacoPreviewHandler.runtimeconfig.json,867,1401ad3714099edb8aedded755dd6f5f780c5b7682c18e227ec76e8d1e6fa3bf
app/PowerToys.MonacoPreviewHandlerCpp.dll,647008,62212e22b380499e3b6e7ce08bed2899c51d9fe051ce6ba4de3ca2efe7951c16
app/PowerToys.MouseHighlighter.dll,790880,2dd5bbaf7dd52fc093eeb20ae0bc798d270658dc0ba2e856f3f97b0bcec7b0e0
app/PowerToys.MouseJump.Common.dll,95584,57ebae0fa43325b1e021ce091b03986b6ec8b82aa4f20346b5c8d44572746e7c
app/PowerToys.MouseJump.Models.dll,45408,da7b4edebbfb403c952bb22386d68742250d7c6fe49a16f611fcdfab02275c1d
app/PowerToys.MousePointerCrosshairs.dll,765792,dc20bbb0530ed35c06df3a7964357f4c3abc7675083e5425e94e070b7e8a44b3
app/PowerToys.MouseWithoutBorders.deps.json,89288,e3527c3feab80d25b576d0fd1fa03bef92354eb65a7695203c2faa14a82ce467
app/PowerToys.MouseWithoutBorders.dll,890720,e0da8b0cb5471ad801db8be5482703a660c1eeadca6cc9cd960b370b1271209b
app/PowerToys.MouseWithoutBorders.exe,312160,99805a821cfcc9d51dd4fe6c45f5011a6af05c3ed405afe436a3929116875c92
app/PowerToys.MouseWithoutBorders.runtimeconfig.json,867,1401ad3714099edb8aedded755dd6f5f780c5b7682c18e227ec76e8d1e6fa3bf
app/PowerToys.MouseWithoutBordersHelper.deps.json,89306,981d0feb61116389d60229d63427c2ee18e39a85a6f1e035deb59af26accae3e
app/PowerToys.MouseWithoutBordersHelper.dll,247648,fd03caef070eb98149cb61cdcb2daa712c3ea546b221edebc9f4324e9101af8b
app/PowerToys.MouseWithoutBordersHelper.exe,312160,e37c94cd2e21486cf80098d39952960c9bf2ef95fb03d2901edc317a668e5150
app/PowerToys.MouseWithoutBordersHelper.runtimeconfig.json,867,1401ad3714099edb8aedded755dd6f5f780c5b7682c18e227ec76e8d1e6fa3bf
app/PowerToys.MouseWithoutBordersModuleInterface.dll,735584,a4b8651b79fce7030347a60cd7be40240ff5bf3de2879cf262b3d3e98c7e7ca5
app/PowerToys.MouseWithoutBordersService.deps.json,111249,bd6af7ee25894245dd7fca75c7f6fdf956a269a8ee1149337eb679a2f88b0c46
app/PowerToys.MouseWithoutBordersService.dll,208224,48acbf48c4986b81abcf803af862545e64678850ca1f1db207074acffaf77cff
app/PowerToys.MouseWithoutBordersService.exe,312160,bc96e570a8f6c94704579ac7f6f60e0e6c67005e26fa7eafb0a8272c1869d095
app/PowerToys.MouseWithoutBordersService.runtimeconfig.json,867,1401ad3714099edb8aedded755dd6f5f780c5b7682c18e227ec76e8d1e6fa3bf
app/PowerToys.PdfPreviewHandler.deps.json,56829,fecf2315788c0433c74219c32d05a6b1c93abc742b2041df75031eb1927917f8
app/PowerToys.PdfPreviewHandler.dll,45920,c12601238055eb743e1e6a9671fc8097ac676c6f1d2a380e0c6d0ca476d36d2a
app/PowerToys.PdfPreviewHandler.exe,172896,9e94aa353b53105a9f88e4b320b7143bfa05deb64906becf7072ef5a5d34f08b
app/PowerToys.PdfPreviewHandler.runtimeconfig.json,867,1401ad3714099edb8aedded755dd6f5f780c5b7682c18e227ec76e8d1e6fa3bf
app/PowerToys.PdfPreviewHandlerCpp.dll,645984,d536825052eae39929fa2b87202734125377cbaad2fcaabb73b2feedeaff8eb8
app/PowerToys.PdfThumbnailProvider.deps.json,54466,1350ffbb9d7de0359f5964ff552bc37caaa8860b37a05591fbd9a43a6dd88e93
app/PowerToys.PdfThumbnailProvider.dll,39264,24ba8f71454e5196a067a28598427421196854e20bf36c77e9ed7a254a3fcd0e
app/PowerToys.PdfThumbnailProvider.exe,172896,d311af7e94658c86f4317324fefb13250ea0dc1c9cea8ab5c3c09cb6f5fe6d26
app/PowerToys.PdfThumbnailProvider.runtimeconfig.json,867,1401ad3714099edb8aedded755dd6f5f780c5b7682c18e227ec76e8d1e6fa3bf
app/PowerToys.PdfThumbnailProviderCpp.dll,653152,364aa6c7d9f044f0bed22a81d2541897d17fbaab1716d3dd067e39165a4235f4
app/PowerToys.PowerAccentModuleInterface.dll,673120,1475a76c11ad5d1819e14aba15fd9fe63e47437ee8149a2224c967c42b5cc12a
app/PowerToys.PowerDisplayModuleInterface.dll,920928,f347fbc208942b2e547ca11aca484774a5193a34013f5b52230e0f42ce31b787
app/PowerToys.PowerLauncher.Telemetry.dll,19296,6d9c1f0b79c91ad0a2062a536f9cc9c1980fae776fdf22f77ee5e7c3e829f3d1
app/PowerToys.PowerLauncher.deps.json,99168,80444bab8e163d5c80a68664a8d07b4a5eebd5e89eefb8adf41af3bd0586d42d
app/PowerToys.PowerLauncher.dll,234336,c488c138cc10199c9b18d6688974ddf728c8ba170f488d448cdad2e01077ade3
app/PowerToys.PowerLauncher.exe,192352,3a7a6899f9081832e5804f028b8cfbf6a6e1f59d3d124c6d172cc4fd21b90aee
app/PowerToys.PowerLauncher.runtimeconfig.json,867,1401ad3714099edb8aedded755dd6f5f780c5b7682c18e227ec76e8d1e6fa3bf
app/PowerToys.PowerOCR.deps.json,60942,f4656cd12d895b6fda04f6913b492e47c1b9be089d9a5cc33d47f3ea05feb712
app/PowerToys.PowerOCR.dll,363872,412a88ead67336554fd695d0f3a1e235d93ea27bc45ea7ced75689aa126be185
app/PowerToys.PowerOCR.exe,302944,266170af32c766c1f57247601c8395897050c6b28b205f1f9bab4cc4464d83ac
app/PowerToys.PowerOCR.runtimeconfig.json,867,1401ad3714099edb8aedded755dd6f5f780c5b7682c18e227ec76e8d1e6fa3bf
app/PowerToys.PowerOCRModuleInterface.dll,687968,4ea8066b1dd1711b63345594cac6c8607744eaa9d63d8047c6af31868e278b89
app/PowerToys.PreviewHandlerCommon.deps.json,6063,93fc0cd0885e19bf4a489d38e56035ff09067a19b369383aec4d56765c050dab
app/PowerToys.PreviewHandlerCommon.dll,34656,23511a032241a0960884783d490e108c473066a7aa7cda1ac07baa5f4207ed92
app/PowerToys.QoiPreviewHandler.deps.json,58824,fe2460a8eaf7f4fcf7d407ea125cb119628aa4ff495842053a1de72d69da1eaf
app/PowerToys.QoiPreviewHandler.dll,43360,14f3cc992a25eb8afcc73395cc42881d7f9e9a88a4c38f417c7c12f57529dd75
app/PowerToys.QoiPreviewHandler.exe,172896,6b125a3b94df9fcc9fd8abac4a9ca9fb9205492032dfa61c6e351b5db57deaa3
app/PowerToys.QoiPreviewHandler.runtimeconfig.json,867,1401ad3714099edb8aedded755dd6f5f780c5b7682c18e227ec76e8d1e6fa3bf
app/PowerToys.QoiPreviewHandlerCpp.dll,647008,2a5eda30ddeae7c0df6456ec4763fcfa042187a21e7422742f14cd98a3691b50
app/PowerToys.QoiThumbnailProvider.deps.json,56461,54a70b22f79e7eb724e3fb27223df4612871e18710529d9b0f564cb43d3fab1e
app/PowerToys.QoiThumbnailProvider.dll,38240,33e82f658bb97535c55013a83f9c66024c1195b85b32d96d57f596ddcf7590cd
app/PowerToys.QoiThumbnailProvider.exe,172896,e60c709fc0360f74e2f7f823952fa2b62873ef3644a5fd00ae73a5ebb6d57f90
app/PowerToys.QoiThumbnailProvider.runtimeconfig.json,867,1401ad3714099edb8aedded755dd6f5f780c5b7682c18e227ec76e8d1e6fa3bf
app/PowerToys.QoiThumbnailProviderCpp.dll,652640,599a548c54426805f741cc09e2fae5685b3fa9169fa8a94b8bf8fdfb0a52bfcf
app/PowerToys.Settings.UI.Lib.dll,1290592,c14435c4dd871bb05b7b4a8c7123eb07b783883e85920e36d9a3be85ed8c5faa
app/PowerToys.StlThumbnailProvider.deps.json,59440,a5c8fe28e16f94a877a55c40534a9cb7147633a02d22e004f7477875b6aa7ef2
app/PowerToys.StlThumbnailProvider.dll,39776,7f8ea41f24951d22eb59f07203339cdf6e2d2806ff464a6f570d0de7ce38c113
app/PowerToys.StlThumbnailProvider.exe,172896,a0cd6bc43b7908ecccdea6c73293ecef10857eb10bf37082796a2b3c9096d228
app/PowerToys.StlThumbnailProvider.runtimeconfig.json,867,1401ad3714099edb8aedded755dd6f5f780c5b7682c18e227ec76e8d1e6fa3bf
app/PowerToys.StlThumbnailProviderCpp.dll,653152,3cd014fcf5747d163454f9dde174b2fbbfdd89fe09090d20934d5c71e25fd35e
app/PowerToys.SvgPreviewHandler.deps.json,62149,b6416728d2792b3aea2eabc6a6d4500c64e5acb4a6b7fd8424a4d104763dac8b
app/PowerToys.SvgPreviewHandler.dll,60768,6ed44aafae0291a2336137c2380e1d4baee85ea209ff161c06c4fd12b1481d26
app/PowerToys.SvgPreviewHandler.exe,172896,5885a4368eb3091783e159e7661fe4c404b1be092633e46db72043ea2acdc071
app/PowerToys.SvgPreviewHandler.runtimeconfig.json,867,1401ad3714099edb8aedded755dd6f5f780c5b7682c18e227ec76e8d1e6fa3bf
app/PowerToys.SvgPreviewHandlerCpp.dll,646496,d6eb9952c7696c0bf56216a49200506ac567f12688216e3c8eadb0c92d16a5d7
app/PowerToys.SvgThumbnailProvider.deps.json,54518,dc41bd84203d2a6217320c8b0adb3a534c9261447997cc7b0f22e873c51ef20d
app/PowerToys.SvgThumbnailProvider.dll,47968,cf91f84432e94c2c51e58ddfb299bb545555389e0c834597d89d5d9096b3f422
app/PowerToys.SvgThumbnailProvider.exe,172896,fe56fcdca4eb04f79e706e74ac5418f4f7db78cb1c4a7cceb5aeef3584912585
app/PowerToys.SvgThumbnailProvider.runtimeconfig.json,867,1401ad3714099edb8aedded755dd6f5f780c5b7682c18e227ec76e8d1e6fa3bf
app/PowerToys.SvgThumbnailProviderCpp.dll,653152,90af58f80e588dd73223353f47f27bf81d14a77055114b37abf6116757d1cf73
app/PowerToys.Update.exe,834912,c8a0e2df970200e522101b458cb3e3a7d05bf4e70cf6d868286228c04f730282
app/PowerToys.WorkspacesCsharpLibrary.deps.json,4754,db61b95b1a1287cf10afb4868bdf518c5a60a8d94894ef3c9d7f0ad4877fdaba
app/PowerToys.WorkspacesCsharpLibrary.dll,85856,e967f00188152634a4e6c9e98c42e78e2817bb8959ce5bbcc9cc1807b9808d54
app/PowerToys.WorkspacesEditor.deps.json,61584,6b7eed2b92a98fdbaeb9aae7406f9d706203f41a24c85b331befd2c79613c279
app/PowerToys.WorkspacesEditor.dll,596832,07209e792e815a6f8ccc33371f0b801d0652a9ae25df572b668cdb03892842e3
app/PowerToys.WorkspacesEditor.exe,643424,539351e5880cb4ca24e97891734fb410aa39842372c08f463bee7756376c2bd4
app/PowerToys.WorkspacesEditor.runtimeconfig.json,867,1401ad3714099edb8aedded755dd6f5f780c5b7682c18e227ec76e8d1e6fa3bf
app/PowerToys.WorkspacesLauncher.exe,1587040,7e19705f02b48c3c251a96792109bcf5c0bdee2bab0fee97e5479ab7fe6ff803
app/PowerToys.WorkspacesLauncherUI.deps.json,61680,bebe51b92edf21d03c35a1b5a83635da75522aec1d040adcb27ab1ce39692b11
app/PowerToys.WorkspacesLauncherUI.dll,509280,9a2700ecc7cf60a222d5f53eef00b87bf90e5c5f276ec2f002e743a80ceab368
app/PowerToys.WorkspacesLauncherUI.exe,643424,e267c49f099bcd6d64d8c7a1ec17c846126a06bd0bc03c7396a17e46bcc0e518
app/PowerToys.WorkspacesLauncherUI.runtimeconfig.json,867,1401ad3714099edb8aedded755dd6f5f780c5b7682c18e227ec76e8d1e6fa3bf
app/PowerToys.WorkspacesModuleInterface.dll,724320,71571d161bc9b432cf9f2fc9f0de716bfd66b3b2aa41c8527c15bd4116101275
app/PowerToys.WorkspacesSnapshotTool.exe,1474400,4d54d328479c1cd1a3e72ee4793f3eca4e59e33cd7403e94043953b8788fff54
app/PowerToys.WorkspacesWindowArranger.exe,1484640,f8f19240e484b25e97d1a14278e8fdb8d32aa6392b366008eb00dac738d9014a
app/PowerToys.ZoomIt.exe,8691040,cd96ab584a207cd0fa16a987b7384f0aceb0c723bba84eda25eaeee494e93683
app/PowerToys.ZoomItModuleInterface.dll,663904,1c2df73664cb7b6e73ebe5ab3a48cafbda3a562a88ff104262a45ce16e6dbdb9
app/PowerToys.ZoomItSettingsInterop.dll,284000,e053f7e3dad2ddb5cf3fda17a4b5b5b5705b484d1bb2328a8573366a8b4ffa50
app/PowerToys.ZoomItSettingsInterop.winmd,2048,d886d1296fea401e0ad71cc13bbcbeb7f36f6cc2df2b78afaef0e44f3b43938e
app/PowerToys.powerpreview.dll,865632,b89ca36dcc16264cdfaca75bf968f77fabd7c8932d4db067f12cf4038d6d4de1
app/PowerToys.pri,1356416,fe3e242dc12830dc55527d561707670423eed54f78c8e13c1792cc391aed634a
app/PowerToysSparse.msix,10245,e65d76aa7f92e5bb784ca02c13f1f7b1dc8114d2002fda156553d771969c016a
app/PresentationCore.dll,8324904,c2ac0752b0a3018331519b8aec6fa085346bfc59609ea29954821a0ab19ee839
app/PresentationFramework-SystemCore.dll,38696,4f259c2085ac4453e42f465d62673d6b932bbc5a26d053461b65d605b04c392f
app/PresentationFramework-SystemData.dll,34640,097cd5aab0816a52b8bf784afd6b587e66bdc68fd4c9089615026bdd706b2222
app/PresentationFramework-SystemDrawing.dll,34600,de894badf00611f47c053bafbd45be4ccd73a945fb34b4bcd0fe8290740e69aa
app/PresentationFramework-SystemXml.dll,34600,bf68aa126af58c0733846e1df00f705a18a2dda051ce120754eca5e27b585cf5
app/PresentationFramework-SystemXmlLinq.dll,30544,1531f60dfc898626522ce3b59efa25e7b50e0886055e6f18d4558f400a4ecb0f
app/PresentationFramework.Aero.dll,440104,e8b0e3ef3dba55f865ae30b9da7225ec43ea666fb05b15fff7f2ff2bba241bf4
app/PresentationFramework.Aero2.dll,444200,5673f7f99321cef2eba08453b5c94f723a48fe94e8b746c6882c022696fea7ea
app/PresentationFramework.AeroLite.dll,239400,f6b5a3684bf1b036cf7cdc8b8287f9e098a15a106c51111d789db7e93c841a8c
app/PresentationFramework.Classic.dll,272160,71cc82c96ecba63970a66bb7f05b37ae04eed20967e0906edce02cac7337897d
app/PresentationFramework.Fluent.dll,980776,4a9bf1a9b7002b626e57615768c802bace6b835ad2bf2bf34bcc51bdecf79289
app/PresentationFramework.Luna.dll,669480,d3a3f42fe8fa15e5655620fdd526300bc3ae94a63d1ba13ded1d899b2a304e75
app/PresentationFramework.Royale.dll,333648,01f3efec49e73e83fe6561e51a01ad34dae52445f260c7217cd75a86e036ca35
app/PresentationFramework.dll,15816528,fa9aa188f9c92dc95b4e56f303b1875244bf45786733948c79034fe95fb0cd86
app/PresentationNative_cor3.dll,1235240,42e2e543c17e1b37499baf00d956433b8afb655348ec0fae89c926fb7d149b6e
app/PresentationUI.dll,1259344,5f0aacc579e63b5ff75f0ce77b03cdc68f819163fb7f3572de31433f4459284c
app/PushNotificationsLongRunningTask.ProxyStub.dll,33080,7b22a66781c19aa2ef1d95295012a50621088d5f545fe09fbad12a32befa4119
app/ReachFramework.dll,1570600,0a29d87be9b09a4e2c65f7f585715797cc71f77b091aed53a3b65a06250fdfec
app/RestartAgent.exe,77624,aaec35e5217ff04c55731717c6aa1b41850e7f43ba3a70c10cc90ae41c4fb987
app/SQLitePCLRaw.batteries_v2.dll,15224,b27ba15bd8092454c841510f00a6ba7e5be3e4026f9223069de1b1e4bdf483e4
app/SQLitePCLRaw.core.dll,61304,5562626857aaec9d2b44ca0d3a585d01a9034cc588d5e64266be8aed3cd22e6b
app/SQLitePCLRaw.provider.e_sqlite3.dll,46968,8d97f06418114f9d7ebfe0620b5fb4441ec4e9dbd9dea04d2229d96e23e275c8
app/ScipBe.Common.Office.OneNote.dll,24952,8901e621b5c47f136065609c1cf8ca82649c1164aa7dce5c294e933ee12544a6
app/SessionHandleIPCProxyStub.dll,34144,6e10a946454517255022f0c3756b310eda532300dd28ec289994569edadcb2e6
app/StreamJsonRpc.dll,352824,1d4a9d7345ace6e3fa1452c747512220929ab0c29861955f4bb9a0fffc3708e0
app/System.AppContext.dll,15184,36447d0e4c9c86352905726eaf37292c55caed5b87c74c22836ae8b0334395c3
app/System.Buffers.dll,15144,7efc8dfef9548771ec328610de7b8e5c4308a8ea6b1ca73021f336fc00653176
app/System.CodeDom.dll,476968,97700d9efaae699829db24da93bb1343e426c1990d5805e9181b24ff11a4874d
app/System.Collections.Concurrent.dll,231208,569667e92dda0af323a9f289c6bbe7a046bab7354f9fa0d37fc97404a0499ed3
app/System.Collections.Immutable.dll,976680,623ad5fa5ac38c460df0073f37fbb649e219ac486c926b822f77ebf02676d56c
app/System.Collections.NonGeneric.dll,104232,8cf296b4868c0dea441c452c50ed5c322837bf736a7c173f46dda4ebdfeb4c0b
app/System.Collections.Specialized.dll,104232,61702e1173c49f32e7b1804667a249f8709680f01859d46cf30e74197fedc1c5
app/System.Collections.dll,296744,5aea9c285f011d1e83f05834e12632ee5ebf65da1d546e696f525af47101a3b0
app/System.CommandLine.dll,205216,2158cfc2c484ebdec95fd9959c7eecaebe44657e1e1dee5abb78fc971276829f
app/System.ComponentModel.Annotations.dll,198440,be6047dc8b7d2545c2dd099c6868d3736ecd81ea053c6714e9a6f92ff547358e
app/System.ComponentModel.Composition.Registration.dll,50472,812d727593a8438cc2345307697f2a16476f6e072d5ddd2afd42ede0d9546984
app/System.ComponentModel.Composition.dll,296232,1964ba10529f492a1d25faf7b0cb36a9edfd6f59c071e81aabf45ed7f38f368b
app/System.ComponentModel.DataAnnotations.dll,16720,c4ad5b72e9461f82b6f5346af3b2f4f46d76763daaf51586943f99f1cc7d5afb
app/System.ComponentModel.EventBasedAsync.dll,46928,704d58b299577d640f365a4541089d99d8187b3071ff680599d3640251e470da
app/System.ComponentModel.Primitives.dll,79696,b671ae0e9463f65d2ad08366c890043fd570f7d3149bb57bc16b8d427d9684f5
app/System.ComponentModel.TypeConverter.dll,767824,d24ca7be9b39ff4117edb0d207ff5ab1a0e1587557a3daaa44391f0b04d93816
app/System.ComponentModel.dll,30544,615f1d4f821d25f46e61bc70dd879b4129daa754f42f427a23fa68c4dc74f09a
app/System.Configuration.ConfigurationManager.dll,1046352,bd36ea6b9d4cb140d6f2b88b30678d9e2559a4ecde7ac5956828a84ae1f7a6d3
app/System.Configuration.dll,19240,495b65cd3c8488fa39a4905f072d14b336a5851c87f1b70d3b57afc565025a9f
app/System.Console.dll,169768,a50d6f54e509342c49b6b7c8d72684f68701fc97fade19956d4618a4a30e84fa
app/System.Core.dll,23336,c4908dd3c89942880310cd1c19cc2dca2c8ce3d564be04be80897cb7f5b9d351
app/System.Data.Common.dll,2770728,951bc9ff57eea7c382eb75cc595a9598afde341db853291b937be37da6ca3e81
app/System.Data.DataSetExtensions.dll,15656,abd30bf053ce162967b8ee2b95e4a4a60ddf288bb959cd64dfc107bc6c7d762e
app/System.Data.Odbc.dll,298320,a99264cf44f33638ae55a83421d501dba8c94c948d3820170ca3df2353be43c4
app/System.Data.OleDb.dll,415528,1479ca00ac14e813ed088b3735fa846cb05c85d31aefe6906680c15de2fd226c
app/System.Data.SqlClient.dll,1027344,9d864a90b92bded2e59baf4a4bf37c6d3aca31316c8918e062d18995a895bfcc
app/System.Data.dll,25384,ef6e30cc3aa9c93ca43f58f3cdc763ed31614b35ce835be57cb7da57358d2734
app/System.Design.dll,23336,50250d023c53b39520dff62d7263e70cd432e2a2355b8b16320ced2dcf0fcd08
app/System.Diagnostics.Contracts.dll,16168,764267aee046b300a4598eea0fa328348ec496c01281b31d00573a25ad8bd58f
app/System.Diagnostics.Debug.dll,15656,44b71cb2bc82e2e93c99c095a0e493f3c4afc0e50aafe8e91849629da295e6dc
app/System.Diagnostics.DiagnosticSource.dll,501544,3e8ff9bb002715f5ab50263f6fe7c340355a5a963c03821c3a240ffa36b9f223
app/System.Diagnostics.EventLog.Messages.dll,800552,48b87f5f629d05588fa885628bf3febf96ad731e5294664feda288ffe62d2ea9
app/System.Diagnostics.EventLog.dll,366416,9d49f6a312b511677c6aa47fb50c5f8ca3f0041090dd76c3363dea99428b13e0
app/System.Diagnostics.FileVersionInfo.dll,46888,cbf1da7048153697f1c47175b61579e5f8e79e178d62b04787d626055ed9792e
app/System.Diagnostics.PerformanceCounter.dll,300840,3daab70f7ea0663258ca764b8273d67a9d41d1d6cb3d2a21440b8967a7b86593
app/System.Diagnostics.Process.dll,329512,2b4871e02b366113c6ccf3b1436fadde5e69fc0a3e3ac421e2fa0f7af8c2bc3b
app/System.Diagnostics.StackTrace.dll,46888,6578cef25cba5dcd0f7c34f2bbe6fad5c2cb59b601ab708c5f3e8d1dbfc60a95
app/System.Diagnostics.TextWriterTraceListener.dll,67368,65fbeb64bd73d658860c4a65799c1e57edc2d985e73fec1fe585b1dc660b1c91
app/System.Diagnostics.Tools.dll,15144,4bfc11bebae21c6a604f090f8ec94ce2d76d57fcfeafd8ffc9beb139af2a086e
app/System.Diagnostics.TraceSource.dll,141136,63e22e512f3db18ab51d57663364479ce56fcd924085fd0d6bd136f299106fa6
app/System.Diagnostics.Tracing.dll,16168,3275b203f9ec3d62c6a6c57b0771513f99f5c3d81cb4505b77ee679165fed800
app/System.DirectoryServices.AccountManagement.dll,303952,ea42a5e4ad6836d8dfa9e067bda089842daab66b7af8ee65f9a64cb60c737b28
app/System.DirectoryServices.Protocols.dll,182056,b5b77f0dea12264ed3c18919b4201c92fcb2f628c43d84ce685496053d87a1e0
app/System.DirectoryServices.dll,1021736,a5f5d8a09f176174397a076a08f30d532e3035136e6b725a9c5b6b061429fe33
app/System.Drawing.Common.dll,923472,1da14a3fda965ba22320026099df2b0388f1b85d417fecb14be86d9b0170a89e
app/System.Drawing.Design.dll,15696,c2a5c1f2d68683bf2b2d5207f07cd73cc90bc8ea26d82691d8633fb6b10b1d9a
app/System.Drawing.Primitives.dll,132904,e8c09040a03d506e08e8165cba4e80cd2d69fb26629d7df65b0d72c1a290c216
app/System.Drawing.dll,20816,e962e9cf231ab5d5d8dca30ec1fbc1c2e22020e5a9451018ea50ff21fb7fb6ef
app/System.Dynamic.Runtime.dll,16168,00b37b775253d8011e0220bacadda3566224272ea787cb0c4cc24fa6b70643ff
app/System.Formats.Asn1.dll,239440,ae3627515191e83d6ea062d3566af536a587d8f04ca6cce8aa71599b092d4a25
app/System.Formats.Nrbf.dll,137000,a8ae7b08354ae3f024c54ed6aeddb73ad9d4beab1f08fa1340a1c05feceaecd1
app/System.Formats.Tar.dll,272208,d630c4db760a4a793f7ff3df0a3f6edeec40bcb94307e92ac493ad2d3eda1eaa
app/System.Globalization.Calendars.dll,15656,885967adb01ef10e764ef54a0f6d646fd41deab81bd80908407d0ba8f834dcac
app/System.Globalization.Extensions.dll,15184,5dc6a7838a0b2f472fdc093fd1206c61df3494c66d1e5bfb1081ee00a372f50b
app/System.Globalization.dll,15696,28db274e2cbb417c61c346d437a0c8265fc0b3bb93cba7330e5ef75cb4d16226
app/System.IO.Abstractions.dll,15224,55c31efca60b930531252085f1208633cc72c0819930f45d98249c27a6b856d9
app/System.IO.Compression.Brotli.dll,83752,f6ac00e499ec8f6cd60e092c83391ea9bc176baabed66e9479ddcea796de3448
app/System.IO.Compression.FileSystem.dll,15184,aa87020c837176940637a4c672b2f2b33fd2517506fa12cae1f655ff1e515cc6
app/System.IO.Compression.Native.dll,937296,5869c7b088d1886f19f91b8be0d4b6db89ddb07dcfb02fb7dd759c92ef722919
app/System.IO.Compression.ZipFile.dll,100136,88d270860e5c00343057793d6a9b63b7e4cfdf847e62d8161a6ac8d1aa4bffb8
app/System.IO.Compression.dll,419624,99fc38bd6a7defd709b7459ff7e454543c15442d1c295238094504b6301a1050
app/System.IO.FileSystem.AccessControl.dll,104272,1d5f0b64af1920709aa26d5b38991787b458eaa6da8bb8d86b4bb46ca0434026
app/System.IO.FileSystem.DriveInfo.dll,55120,9a7268c66cc9a63128c2d23c4abb0eec155e59f352f5a6859eecff62912dafbf
app/System.IO.FileSystem.Primitives.dll,15184,6bf2b62e83f43b9e2a679abdcab875f37280a36e4c6e9feab99a410ab43f846c
app/System.IO.FileSystem.Watcher.dll,87888,a03f59c4562fe7c1e8f768765b1637239f145c37d4805c8c693ae48f426828eb
app/System.IO.FileSystem.dll,15656,1d619955d7495e7e040c446fb1a24fa4ff4b9145f9a7d39dd90e92c59666930c
app/System.IO.IsolatedStorage.dll,87848,66e5ef5d0e23b4edd96f6d19b32d3e0a04ce57270d5ac55acced2bf177bbf68d
app/System.IO.MemoryMappedFiles.dll,83792,21b24bb967a254328e2644e2dbfe00e1205463663504819bbfcae6f6b43d426d
app/System.IO.Packaging.dll,321320,81b79f1aa729fc08fb39d56682f82378589f2f2b5a0b9997a7a1cd10be5d3a11
app/System.IO.Pipelines.dll,190248,93ce5ddafb25ba6aeae208ffc750da0f243f25e89fe7dbc5287e1d8b4f26a2e0
app/System.IO.Pipes.AccessControl.dll,15696,d7c4e7f1a4cbada634b82e5939de9d9b3c87cc44ba8d4c1319bae0a796083e3c
app/System.IO.Pipes.dll,165712,244167c32b3db092253e21a2301afa1e763fc861ca8a2304cb29feb773b85322
app/System.IO.Ports.dll,88872,9d694a86e9894a37d12972c8cb673198d569450f29dd53c84d6170a12fefcd39
app/System.IO.UnmanagedMemoryStream.dll,15656,a988846408abf1513ac7ab81a9f72218ffcab410b2a06caf3844677604032075
app/System.IO.dll,15656,7a820716ee9ab010ea624b9448ea1acb4c78b0f79dfc9d98db01b7f99c610b6a
app/System.Linq.AsyncEnumerable.dll,1292072,0009a3da0de5b968f777f715103c873a5de5f1840b870c95f6b7c11ac05246c4
app/System.Linq.Expressions.dll,3639080,f5d05f16c2f31ae822bca8db63019067c8d83b09376b0a60c38b9c98fa0e088f
app/System.Linq.Parallel.dll,776016,d8cdfa91b3cedc1d928848a2724f230b130ee549e8b9008ad38e3ed10e8e9af6
app/System.Linq.Queryable.dll,182056,eddadcb60dd56a06eb83f6f1284f9ae42c181af3cde4b19350938b1930d6f531
app/System.Linq.dll,698152,139264775432faf15a813e607e1919ea869d3321079ba134ffa36b350577c271
app/System.Management.dll,314152,4bdf3b8bfb227ca148eb3a90aa8d0bd4f635460594054d65f73ab306ef9f0ff6
app/System.Memory.dll,161576,58a4dc8a9efac1fe0ee67138b0dda35b2b812addc14c5d8251cc222b278a5c2d
app/System.Net.Http.Json.dll,128808,552422be522e40937de77bdcaee0575282d2f2d449b19dd81f1a3ef23e85b73f
app/System.Net.Http.dll,1746728,8ae9f649d43f1f3fb635170784bcb753d305bc36a42703b4b0bedb15a29729f0
app/System.Net.HttpListener.dll,534312,c3bbbb42561e9de67da6accd846fa710944d38b4bde88ee111943ea4afb5b82f
app/System.Net.Mail.dll,481064,5e053f23212c0f0eb0ee1a17a94ced79afd7d8d2175b35f2750b85eb570b5db0
app/System.Net.NameResolution.dll,124752,1003e24eaf96e8aa019b188fefabab4a6ca488d5c51e70600140bfa4dabe3bda
app/System.Net.NetworkInformation.dll,157480,47b220c9a183125c8cf9e2a7b21b45947b3b1951412d719d7c5f047277c4927e
app/System.Net.Ping.dll,91944,c337caf03b0d50c7cf4a4822872bd34603d11e7f689d211ecaea3ee74f65518a
app/System.Net.Primitives.dll,210728,e678e0129a87751c624cbe2e3ab83d55055a091a5b77d8138f02255deda4b6c4
app/System.Net.Quic.dll,358184,a02b202989ff28adee64fae1c9cc7290057ca2f234ed7a05c647617399e6d4c7
app/System.Net.Requests.dll,374568,f2735dd7adbc04c505805e9f069f9d545f34f1ff689e2a9d6bcda1a2480d3da7
app/System.Net.Security.dll,665384,1605bb05b7cd623dc79c8f4ec2e10ea5779b5bd343f909a9c0dece472ee2a8f2
app/System.Net.ServerSentEvents.dll,83752,792c085fff01183ac597f69bf33db289d7301aabde1cc388904621a47efe719c
app/System.Net.ServicePoint.dll,15144,9645242a547b02bc0cbfa78c365fe8cbf02869c182debe4ce37bac32be1ca42b
app/System.Net.Sockets.dll,530256,b4bf19b0c8e412b9d0f479fc5268bf44e04ca656cd121044ca51f2652595af6c
app/System.Net.WebClient.dll,165712,ab06cb5eaff5ca00045dd847e167f0107a53114aca47d26ed3500adf38bd142b
app/System.Net.WebHeaderCollection.dll,63272,7abfc26269a95cec0d93ca2a6b8148aa45d504c8f50a62fbbbad72408966d45a
app/System.Net.WebProxy.dll,42832,d6f5fbc775d7b1639c1740e3e10834f6fb729fc5fe7619b972df79d528abaf18
app/System.Net.WebSockets.Client.dll,104272,ff5d42603b662a634857dcc6e1239547025d03794aea4f84d624579765c23ba9
app/System.Net.WebSockets.dll,243496,36fefd219495298b0b28a6bbf1d99fb9b2471467f5a0d382af9730f0a32fc8f1
app/System.Net.dll,17232,d7a4c693b1922e0e69aee3597ac72c25e0a5e1d3ac2d1072d7d8dc854d27e488
app/System.Numerics.Vectors.dll,15656,6beaf983fa8c33d25160c7a77e185967e8f113a5c02e6dc27f05f26e1b34763c
app/System.Numerics.dll,15144,fd4f0bc0541231fc01c21cab517a948019d4c9adbf66f81b65b276298e6ab922
app/System.ObjectModel.dll,79656,16d9a18630f1d33ec7a709ab2f31652c91ebdfbc7a5a481378aebe2e1102ffc2
app/System.Printing.dll,968488,ec96107496d33dfea819bb17be9b2ee7aa4cd456317d878ab1ae1c5dcc9cf53c
app/System.Private.CoreLib.dll,16033616,ed80a1a5dd066c0407ad59686f9af90a4f3e55dbf3e4c973b53cc8c9d0706f82
app/System.Private.DataContractSerialization.dll,2062120,631a7719e6e67e4f86e553031c56038eafca2ab5fa161c8cff786a92838a0255
app/System.Private.Uri.dll,255824,0546093ec627bf832c244be56d9acca471778385c534e0107f2a6dc6a78f93d2
app/System.Private.Windows.Core.dll,1906472,a36f0a0545a03b5f852dbcc1915865b22c9d0553a115585342c474357fd8b649
app/System.Private.Windows.GdiPlus.dll,427816,601d66965c00f6a5d26ba795f0b711d69976ddc1aa66119643f38fdd08904869
app/System.Private.Xml.Linq.dll,390992,0f4d2be70f3715853dca3bd6c9b67de7738a5f4ec6e9959f526ef1dbf1f7fa8e
app/System.Private.Xml.dll,7788328,d570b8cb9507f2fcac88f80a2fe7597d3e2331a84f337820a7d794632a67ed5d
app/System.Reactive.dll,1405008,0cf16813b64231215a3d218d949391e18a38a145b0f1aaabc12d520c1eaf9d4f
app/System.Reflection.Context.dll,83752,14a28bfc6f8d843f23d751f8a0d0acf6f4e7e6a926e9e7e1b0fa874b5bab4b74
app/System.Reflection.DispatchProxy.dll,75560,a08a235c45e6944b3a086f3df03e55b38a5958e7126948847eb33261fe1ca10b
app/System.Reflection.Emit.ILGeneration.dll,15696,5e38d9d71ce8fbab210a590f20543b19a2bf0cf1265f3ed78d63519e3b73b979
app/System.Reflection.Emit.Lightweight.dll,15656,c15be07e2131fdc8806d47e222b58e545981c2a3e7dc9c069a6c6076271a291f
app/System.Reflection.Emit.dll,309072,b4208981583d74994aa4d855e12788676fdebce63ba848be63a6e0a7fbe2cb3d
app/System.Reflection.Extensions.dll,15144,4e6967d52cbc95ae9eda01b8d8705f59c2c56f8b69471efaa6eca8f0e22a9a6a
app/System.Reflection.Metadata.dll,1156904,97152d5c07e1e5d7f080f871eff211ccdbecb2496e4eb1b086005cbd3656d431
app/System.Reflection.Primitives.dll,15696,d1ba728fab43e22821a1b19c508667995c0df10ee98d1f19e63aac94098ca8f5
app/System.Reflection.TypeExtensions.dll,42792,fbf5445d2a288ddce3bf163a6b692dbf97a10f6a17bb9de7c0d2d71387c6e440
app/System.Reflection.dll,16168,80fb9e206044c6f1c02bcc6895e2ce432119c670ea12248a6cba112afa78a9b6
app/System.Resources.Extensions.dll,194344,bde0bbbe8210ce184e34f95995af65dbd42b0d526fe1ab27d9c40c825e07a83a
app/System.Resources.Reader.dll,15184,ae5e53448adf49f3bb0e6fcc4df836bcd413ce0eeeaad0b94f7363ad238d71dd
app/System.Resources.ResourceManager.dll,15656,c3456835cfbd88d081a3ee4030ce533cb6fbb27ad0f60f954a5ae7d45b1422cd
app/System.Resources.Writer.dll,50984,a478bbfeac355e728d914f6f5e1e893ab1454c6f92d28da84ff0a75f04476277
app/System.Runtime.Caching.dll,92968,3bcf92b286fdabd4e4aadcc4d6225659be251d699925ffd1f2b5144b9a94a28b
app/System.Runtime.CompilerServices.Unsafe.dll,15144,6f396205abe594c9c72e618f4278657b4ff9da9cd2bc17d8083481b287838ecc
app/System.Runtime.CompilerServices.VisualC.dll,30504,67483e224e8019d1d725876485a6fca81dd977d5254cf26d79a26f2a73207fa9
app/System.Runtime.Extensions.dll,17744,633f210388e326f0a2fba3148312fb2900a9e0ba32f08015bb606abc44a3d634
app/System.Runtime.Handles.dll,15656,834ed37905ecafb69c3d33d1b659e5f8216cef9995cbfcc7b2cf858752add880
app/System.Runtime.InteropServices.JavaScript.dll,51024,6fedecfa2fb691e50175dccf64860da8dd147b9d64d942997259a79a7edb77d5
app/System.Runtime.InteropServices.RuntimeInformation.dll,15656,506dc257f2f039746172057cf574992d4db07e31f9338b0ab2d90e88d385c472
app/System.Runtime.InteropServices.dll,112424,9d0621f1e573bd20525287533bea24ec7824813eada7820a0c82252ede072ab9
app/System.Runtime.Intrinsics.dll,17192,c44fc7c6f2aff4a9c8b9a0b6abfd2c1b65a762b69fa982fcfca28c6001d022e3
app/System.Runtime.Loader.dll,15656,c858230d105ec1225cd58ec22623bf59bddee9dfc7077d7f93957d3321ec55f7
app/System.Runtime.Numerics.dll,354128,cadca5367aec4fb54df4a81cd033c62228f3e100736ef9701aafcd13123a5ef4
app/System.Runtime.Serialization.Formatters.dll,124752,ae2d71a1c6231a7e4c9f0264666acf90f743460ae7983d5331e9ad0271e7ad88
app/System.Runtime.Serialization.Json.dll,15656,7e44e9979e6c539e7ad22846ac9c6f250e888d28411ba88761122095dfed9727
app/System.Runtime.Serialization.Primitives.dll,38736,e15940836e5b22e89a0b7febfa0de2f158855563d9cca0ac36a84e4be9e3e683
app/System.Runtime.Serialization.Xml.dll,16680,286bbafd589189f1d684831c33dd81a4650e12b73db70920ba5d4e0a477fd33a
app/System.Runtime.Serialization.dll,17192,2092ad8e233c2a01a8dcc640ab218c1eabc059f6bebaaa8f81d1ce8225a939a0
app/System.Runtime.dll,44840,ef6d37d9334fcdf7c7e4b9590b730eb5ba623192d47f0cbe4ec478962625e586
app/System.Security.AccessControl.dll,227152,5fda871ac0ab09ba62884ba4160b5c84f8d9513d16c773b7d01e3b82dae905b4
app/System.Security.Claims.dll,100136,ca5a036a17ed63c6f90d92570c657bcec451dc2c894b1ffff0688855b61e455c
app/System.Security.Cryptography.Algorithms.dll,17192,35677214a8b8388d82ff5bf45789790fa048612f6aca8b8f71efb3aa93ef70b1
app/System.Security.Cryptography.Cng.dll,16168,328a4ea1c05177e97f65a24d68268c96674bbfbcfb5bc3906229eea2c46ac6d2
app/System.Security.Cryptography.Csp.dll,16168,0be1ded6ac6b8bdc53d0d49bb01292770f9a022fe7d2d2f1a480223eca5ca6ba
app/System.Security.Cryptography.Encoding.dll,15696,09fbbd2934040ba1260775f34a8b901f5f9edec9bd1a2203b3726686006b7829
app/System.Security.Cryptography.OpenSsl.dll,15656,695ebdf0901afd27b7504dd4fdbc504a5aae8ea87d3b342da800789a6a94a732
app/System.Security.Cryptography.Pkcs.dll,767824,f3e1cffab10cbbe7785026373277bb4bcc05bb90756a429c4d80f799336caabf
app/System.Security.Cryptography.Primitives.dll,15656,c4d76a73f7147df7999b371adbc091850984a40cd45f4d0464e85424de412e30
app/System.Security.Cryptography.ProtectedData.dll,59216,0da76965a258fcf03cb1a605e1921a62c89600ef4e94d6baadf87af358e7e0cf
app/System.Security.Cryptography.X509Certificates.dll,16720,bcbcd0c436bfd24052ae4f7a3785b434436cbc18e6465f0be19437a453872cf3
app/System.Security.Cryptography.Xml.dll,452392,c65b99c9eef09ae827899902d86fdee21f2b82ed39b9475ab57484af489d382e
app/System.Security.Cryptography.dll,2549584,bee61e6bdeff9fb0c4f3cbf9d48e9d1d97d12a8bb85d1eeab9178e818b582eee
app/System.Security.Permissions.dll,190248,61e00448fec3dabe10f133798aad38468cc67894e0600d6b1af119422fe83ec8
app/System.Security.Principal.Windows.dll,178000,ed56739aabc1fb6f81e8f71db89531beea985550f654d4d0e6c9a64c67e4e349
app/System.Security.Principal.dll,15144,f4e101d9d1b328868cd91199ca441e4ee273047fe96dd6ec34a1e889e523da21
app/System.Security.SecureString.dll,15656,f371fb101973637a772e44f75b48d66540466a914f61e4b1f4ae7eb01dad1b62
app/System.Security.dll,18256,2a0ee1358a507f20bb9099afb2c79745212bca44c1102e580c20742ecca560d5
app/System.ServiceModel.Duplex.dll,15424,8cde3443ef4d0360d7d392a353d91b1270ded64345e3ccf611e152d4b25a9978
app/System.ServiceModel.Http.dll,203832,0fa24d7da9b0189622ea983590d488b5e8473dac7eab76b34ab2268e4bed8f32
app/System.ServiceModel.NetFramingBase.dll,198200,9a7061b5102a252f6883cee596ce97b3dec4f7104287e88ee03712070fcfcc92
app/System.ServiceModel.NetTcp.dll,63032,3ef2c1ddc987d3050238bc6660f463be97f4f73a41d7e1d6990c1dcb81aa7918
app/System.ServiceModel.Primitives.dll,2389576,21804e970c13be46fd3977287f0e6e97e54d939a73dd3a2f8a1e099677f23b24
app/System.ServiceModel.Security.dll,16968,0d1336b177798ac63c13e0b22acd40cb16199bb255eddf7c1c1dea12660a85f1
app/System.ServiceModel.Syndication.dll,121640,e7c69ae23006cae49d6162ba6dfad0204db3ce28f63a548f5f113a1295de54c7
app/System.ServiceModel.Web.dll,16720,948e182337526b0decaab7a9274c1bde5be3e419b076cfe0161a335e22643ac3
app/System.ServiceModel.dll,25144,7b25feeecf406c6fd00fea3be98e5b0173506da4749b67010fd47ebdc5b05d4d
app/System.ServiceProcess.ServiceController.dll,91944,832b8fc644b18f79035e53be3837da00e4802bb22890e6ff39859f92de0e3792
app/System.ServiceProcess.dll,15656,04e5ca5a4df4d31e8e6b527ce5a16b6f150a256384b2cbdabeeba1f6974cfa99
app/System.Speech.dll,686928,c028b7b3ef5a05190f64d63245c7e2b66cfc11332f89b32e9b62469aaeedf57f
app/System.Text.Encoding.CodePages.dll,862032,56582910b3c0d17f10dc2eafc8e5746c6f23b57af56d7f0d4cd208f06ece1e28
app/System.Text.Encoding.Extensions.dll,15656,2b63801416706c7817193a742fc8648c4afd6697ca342d4a2deb30450b99218d
app/System.Text.Encoding.dll,15696,4c140de2fdd2c673ece196892e28786b85200b8f315fc9bb2de7aeb862372d9d
app/System.Text.Encodings.Web.dll,124712,2c459f175331339b8580dec1842879b3f0532100fa426b97a1b74e1b5dee95d7
app/System.Text.Json.dll,1890088,ed5f0f3773c89948471e3691f31963ea00d3577e17296ac4dfb97772e78b6fa3
app/System.Text.RegularExpressions.dll,1034064,b8494ba41da52018409cccd851753717c6bd035fccdf5e4d5ac83e420d4678f4
app/System.Threading.AccessControl.dll,75560,eec9d6f83ec123602039ec449b402c1bcb74ff00518eb87f8d007558e48c2b89
app/System.Threading.Channels.dll,157480,ff8dcb281d2d35f01dbdf72e766e431c397f9db063f22f61a9a85f7bd173f5e8
app/System.Threading.Overlapped.dll,15696,a0ef0237e67a16a347a8ed9b9286e3acef358aeb4a23463323c2efdf646fc0f5
app/System.Threading.Tasks.Dataflow.dll,472912,83a9b71c298ba233393eb1cdbda26380cb2d50cefd2fd645b0ba1c34c7aeca9f
app/System.Threading.Tasks.Extensions.dll,15656,6ec70446f8faefaa167a0e3360468203cb03ffab90369644e92c22dc650a9cd5
app/System.Threading.Tasks.Parallel.dll,132904,ff17dd0ddd3f2debdaced18f39b9f8a205630baeb3de20bbf0630935a8605aa6
app/System.Threading.Tasks.dll,16680,d95cee14d0dbb97d8f8a8f4dcc5eefa35f394f9d94b0fa0bf29068786aee6a06
app/System.Threading.Thread.dll,15696,7b451de5e88adfdb49765bc0745a12e377318534d02e6bf81660c285a7aa6664
app/System.Threading.ThreadPool.dll,15656,9e3bf9838ff48525e4f2fd1c7646956ba00183977c7e4762d999670aa901e101
app/System.Threading.Timer.dll,15144,5b21f38133328e8017bb7a4651007738ce76fcfa673af267b4c8b5e857d572d7
app/System.Threading.dll,83752,cadf13029ac996abaceccfd7c242e55888b669246163342a3b335eee9851b531
app/System.Transactions.Local.dll,640808,cb3d436592fe994ba8f570cc7cb021ef347730e96e52e3b8695b7c7bd79a3967
app/System.Transactions.dll,16680,9ba6785faf04de3b018a7e6bdb349c538ca861add4a3558c693fe4c9ef905335
app/System.ValueTuple.dll,15656,63e0eac320a2eac02f418e186232405427e036d9ce9dd80951923280308cfe59
app/System.Web.HttpUtility.dll,63272,03841ee0b42c5ed0d4b58c185e9cfa57a939c479256943644062b918cf595a08
app/System.Web.Services.Description.dll,385080,2243b61900d3b7b30ab6751970aadf04d490507ad0d74dbec05db5f86de0cbfc
app/System.Web.dll,15184,45b1d8e331aeb3d4006afe64cde59eddac958968d6c432df3f869982d94996f0
app/System.Windows.Controls.Ribbon.dll,1439528,d21e5e5c9737c3bee3c723328a829cfffd91ebb0dea95cc7c989304ddad5fb39
app/System.Windows.Extensions.dll,120616,6b7a0939a35d28442e94dfe3fc6c6433efc85985ba765c4891be66d113b3e4a7
app/System.Windows.Forms.Design.Editors.dll,16168,c2ae228226d9d83601722c8801260a3907f52d4176b87e40470677ec61ef0758
app/System.Windows.Forms.Design.dll,6092584,4b96cf16ea44e11627be57f7ebd5580e7553547d83eb5dc61121ff0d84eff4b3
app/System.Windows.Forms.Primitives.dll,3622696,1ce7325bd95c3998fb34b158bd99c3b2105ec6627e4e878f2089c8b77e23cc96
app/System.Windows.Forms.dll,13715240,a178f2f0de086c30e743ce32b8bfbb150e802e1bab235ff14525b4a6e2227df9
app/System.Windows.Input.Manipulations.dll,141096,f17077862eb4c11a8771728e82a3c31c9dbd0c134068a031a128599529a6f172
app/System.Windows.Presentation.dll,30544,55099ef993f85a069abc50c01a8592b2dbc28d46c156737d4a7d373766e9d6c8
app/System.Windows.Primitives.dll,386896,a84e62af74b868e7bdab10758cc2017e77a0a38f822c7f896975cc0a100c4115
app/System.Windows.dll,15696,5898d03d2707c44b55883bc475f8c3aa779738a439db6ec2abbf9e0fac82e6d5
app/System.Xaml.dll,1390376,8f5eeaedc35f82a9b457d5562b688b6e1892732ecf6c0c18dd3159b976458d27
app/System.Xml.Linq.dll,15656,06be8d12ab41b70960703ec77899da99e0a93a6d125e77e7f8154ab071220d54
app/System.Xml.ReaderWriter.dll,21800,9ed86fcb4a068f56c61ce4d595d91b57df12999820bb11659e9a4b45103305ed
app/System.Xml.Serialization.dll,16168,868e566390c0a0800253511b757644433c512989a213f32153464a4611667d8b
app/System.Xml.XDocument.dll,15656,58cf36935545fdf661b64dc2f8c57b7066d2a380252d194edb6708895a50e6a7
app/System.Xml.XPath.XDocument.dll,30504,75b319f01c19a9c1c8b08b6a26bb44e3329da177d974ba90d1a4a40bba3e7d3b
app/System.Xml.XPath.dll,15656,8e21c30f514e711d8446c4eec9fe92cb8156efeaa476e67a26f17ba0a21e593f
app/System.Xml.XmlDocument.dll,15656,e6d348ce2e40d5f8e767f3863f3217f6075f3e4e331270be1d13e45430f87811
app/System.Xml.XmlSerializer.dll,17744,96d2ef2d9503bcb06d4aa9f8e15efdf3ae94c30b9db4211da75020d0690238d2
app/System.Xml.dll,23376,3bf8cf7c17a8ec51ef64a48707dbcbb0359e466a7903bb564a4c74228d895e32
app/System.dll,50512,72f6fa05b4c1696d7d50f8a93086165980276ce6661f0f8a77fe426028309720
app/TestableIO.System.IO.Abstractions.Wrappers.dll,64888,34bae6fdbe891acb091c68c2506ac722a906d57d28e63193695c1056fe3e342c
app/TestableIO.System.IO.Abstractions.dll,15736,900e418cca261768910b6d24d28ff59d200c4b19803d52adbbabb38e0ba459c6
app/Testably.Abstractions.FileSystem.Interface.dll,38264,d9ed36f478c777b32a425c89c4bf2d3df5220120d4cce8ef8b439e8d8ad9db0a
app/TraceReloggerLib.dll,23216,6830c0f1d3f3c17719181e73dd5cfa8ccbb3f3c575329d2120576545103467b5
app/UIAutomationClient.dll,407336,be8e03688f1c1158b6a1a9b091ca864d9e7f338390537d71a1080f8a454bb2e4
app/UIAutomationClientSideProviders.dll,857896,c60be0bba0652ff58fb38db1b0535e4bb9f6bd8bf035e56d89b7d87690963f19
app/UIAutomationProvider.dll,63312,4c7676ed72bdcb17714ad11ee838d416fcbbdac4101ec1af9248cca91e9470b0
app/UIAutomationTypes.dll,296744,903fe486e2a90299568fc90e61fc735a2b6826de967bccb7e16ae77f1b5ca92f
app/UnitsNet.dll,2446712,3b3a5f2db3c6bf292ca3c4cfb10d9ab6dd852cdfb9f40f63075f1834f0bcb1fa
app/UtfUnknown.dll,266104,b6bab2cd52a1e6d62125ca2b96fd06387101513814dc87c6088e0eee83d43b5a
app/WebView2Loader.dll,173336,7c6a0379088b7ebd691ce50579f409cb7c8858d166e48185619d6c34b5e2f0a5
app/WinRT.Runtime.dll,528944,bcf3a14e8712a90837fc5c0d8c8a24696af2bd7f74e9767597ec81ededfb23db
app/WinUIEdit.dll,3419448,5ba6e51732348b377cbe3a5d0f33fe13753170dc75d514d687b8689c8125c588
app/WindowsBase.dll,2176808,42e05225d944bde54e4f2cbe0142105fce822c574267b6f8e305ee8c45c664e8
app/WindowsFormsIntegration.dll,214824,994cb84f5f46df57be5ea9ed3de1c6b703212b9985a28440806fc131c7d0119f
app/Wox.Infrastructure.dll,80224,2c65b93cea1c0b6c197b2ba0e1fe0172c0571b71c13dc81a768197b434d6e91c
app/Wox.Plugin.dll,80736,dff9fd15bf96e397beb5c4616762df0598effde5e169b89657a125ebb133ada3
app/ar-SA/PowerToys.Awake.resources.dll,17248,9c65c3d2f6891f6d4e927fd8142bebf889ddfab75df42e93c01792533ae1eee6
app/backup_restore_settings.json,1257,ef6a09cabecefa3dd84f93fca104f58c04e3dad412917ef31a92381b1094adcb
app/clretwrc.dll,317736,e9f9ccaa20a91570e6e505fd85197b86e8e6582b67864a8630c1a82afb9866a7
app/clrgc.dll,673064,83a829823c333bfbcf0bd82bc015a61af10ce136d8eb7933b28d97c9193c578b
app/clrgcexp.dll,710952,d006be1e64e796161c8f3abb462c23753d86103a82282013b1c5309c76613f1f
app/clrjit.dll,2092328,e7bf743e7bf9a01c8c2bcdc0d828212fd8dfc285be9d4ec21962becf456df648
app/concrt140.dll,374200,54716f0738af891f283d213b5c8d11b25896bb8ee3097d301eae718560cf974e
app/coreclr.dll,4614440,c98c3078a4f2495dd7d3ced967c7a6981545194ed163454703580b740f435521
app/cs-CZ/PowerToys.Awake.resources.dll,16736,8342d49ab155f4a52328701b4d35d5850d0d254c9db69c439a80274949996d9b
app/dcompi.dll,1652536,1bab52acf1bbc45f1469af675160da8b2ce0bdccdd4adce3ca3032e674ad6ee3
app/de-DE/PowerToys.Awake.resources.dll,16736,9ebcc10a4e0e15b1d683573275b79ff7d73b06a8c989dfd24ee3f82cd24a77f8
app/dwmcorei.dll,2852664,06799367a4fcbd21832c91560720b7d131016abbaed4a1e64349df1e531e5d3c
app/e_sqlite3.dll,1988984,2a575540298ca03d6b2ea4692d84bd0bff2555eab698dd672e9b7299d0b6098c
app/es-ES/PowerToys.Awake.resources.dll,16736,9c144313a946e8dcf2a0f59bfe436b031967b739b4aa4d87deec170f37f97411
app/fa-IR/PowerToys.Awake.resources.dll,17248,bb8968785a02d856548a52b59d10fa1bf96f583d0dc2648999f8945bbc555c10
app/fr-FR/PowerToys.Awake.resources.dll,16736,db52720c2561119d27de7e55dd27a8c705524a5174787ee6896c8d9cd52b8570
app/he-IL/PowerToys.Awake.resources.dll,16736,9cc210a01cc27496d829f52d12ce76885eea6ed17b363f7dbd9f98c6fb8aae43
app/hostfxr.dll,379728,44f97e946b36415176dbc56a4426565a5e9b3e722c0ad579e20a749e3c0c7bcd
app/hostpolicy.dll,378664,ded1d42c38688a1cacd20026b1f981c22fd583f621b7123296ef0f2af9cd656d
app/hu-HU/PowerToys.Awake.resources.dll,16736,85f47a8ecde3333330c444baf168e1c7ae6dd585382377cf125680f385ebddb6
app/hyjiacan.py4n.dll,707448,258858ff7fce8e132a5ff8073a72d12980aa2d46495995c6f5ddae9a733c1089
app/it-IT/PowerToys.Awake.resources.dll,16736,d4e0f7e41b267f508fb21706953dfcc5351e1ba1c90440809e8eaa3de061c510
app/ja-JP/PowerToys.Awake.resources.dll,16736,45832752eec6b3f61d18961e9a63690d616b850e0262e5fba6c532cd4e90a491
app/ko-KR/PowerToys.Awake.resources.dll,16736,2e1debfb7f443960f84d002aa53d5f5b41afca61d374715539b6a52d40b1cbcf
app/marshal.dll,509752,d00c3d3493b50688e2ef6cee5f9f05699950b7258ac6496bf48959eb2e4c9717
app/mscordaccore.dll,1356632,c1b92da5356bb36f4ab55aa54b2d25a8a27518cf7a456eb4957ddfe94e2d428c
app/mscordaccore_amd64_amd64_10.0.1126.37416.dll,1356632,c1b92da5356bb36f4ab55aa54b2d25a8a27518cf7a456eb4957ddfe94e2d428c
app/mscordbi.dll,1237856,f3553412af82ab90180a0d412dd87b7bfc087043484a572dc2dce07eca9906fa
app/mscorlib.dll,59688,a2c8875b7823b631ae669c6e78dc4b58bb577ce30206ccc03dbbc56981e1714e
app/mscorrc.dll,133968,0c5efacadabaf31e07e131fe7e9150454fb1dd148222a053a2f743551d42184c
app/msquic.dll,536376,24da0bf4d7b7e0adb598297d170fa547f94f398bd6f2b515ae87f0a207c999c7
app/msvcp140.dll,643512,7c26614e1d733892c2deac7e245ce115504b1d80592dd0a01b08e3e5a55f89ca
app/msvcp140_1.dll,35768,206c931bf90fdad8816de3b5e2ef80b2bcaa9406c89ecc05fe6fddffe251e982
app/msvcp140_2.dll,274872,d50d7883f20d1dc6191768d3746f52dd9cac89c346ffaed5be1f110c2f34a838
app/msvcp140_atomic_wait.dll,57792,3d0cbfaa1bf3eecf5a3f4491d2960ee803cb994f30292c6adc4a07c498f60e2b
app/msvcp140_codecvt_ids.dll,31160,8a65c7596ef2e6938731f5a1058e7e40145b6d97967cc649231a076b9a608d78
app/netstandard.dll,100648,ce09cef0d758196f2467f320d840c03202453efe9fb1920dddd24ea8277bbbb3
app/nl-NL/PowerToys.Awake.resources.dll,16736,9541f6430ea3abceb8e8dd9b513684f3218535deb0d385596f8882643e1b8c89
app/onnxruntime.dll,21669736,f64c098b67eee3c769416564c4abc32e605eaa9a1804e41c03e74b4713d04333
app/pl-PL/PowerToys.Awake.resources.dll,16736,ec8363089ee319da6c37cfb027de99c68f6d41db9992256340afe1233b59dee6
app/pt-BR/PowerToys.Awake.resources.dll,16736,a3b1fb4cda96f7683c0e9b142546c792436fc336cd8435fbc854d7a11b16f981
app/pt-PT/PowerToys.Awake.resources.dll,16736,b22c6343a15c098c0c02b865f4542471fcf6cefbc6fb2db1e9d5f6decb46df89
app/ru-RU/PowerToys.Awake.resources.dll,17760,87a247d1098652c9ef6f09dda996e995f4a9574e619663f630f66dbc283668fd
app/sni.dll,160040,68705c4ef9ab818f2956a78e05f3fefce501a1448793b073b46110beb49b47d6
app/sv-SE/PowerToys.Awake.resources.dll,16736,0b7f9790d5184dbc04704d216210ab7f4e2342c8bf3c1dbdcd5c94019ea3f312
app/tr-TR/PowerToys.Awake.resources.dll,16736,99e5619931caf1b1788880c4e282ed97851158f5cf4edbca5073451ac53318d0
app/uk-UA/PowerToys.Awake.resources.dll,17760,215170d2bed7d8997b51c8dcba676c8b36736cec5f585af7f5b7a70bb465e0c4
app/vccorlib140.dll,350648,09f93d5ff96ae09767f3e1af3cdd43a5a58f2598654fc63089429bb6f9f4737f
app/vcruntime140.dll,178616,d1f4225df2cd877dbf130d5668a021dce3f94118455ff5ec952061c30afc9ce7
app/vcruntime140_1.dll,50112,a7146c08f89fe5b04541ab507cdb59ff7b44534d4ba3c668a426c6450a03434e
app/vcruntime140_cor3.dll,124544,d5e4d9a3e835fa679450145d6a7d94e36573a509317111904d9b3712c30d9066
app/vcruntime140_threads.dll,38840,40f39e8cee5f5a531b4010e18b807e8fe265b908dc58f959ecb7ebc6ea6cb11a
app/workloads.365.json,10851,0c8d58b1fbe553942ca56be06fd0c9f867fbbc013816e74db29335ec4a16e778
app/workloads.j32.json,17297,850e01c9806f1e4a7ed6f5940fe2aa68980b4c85413303e6e0094650bcf870ec
app/workloads.json,10638,520ac5806e5ecd9c1e7d0705d39a1d13308a90d3d69a6477887903a015c0c440
app/workloads.lnl.json,17305,258dfde1099dfbc56904dc913efb87c1ab13556a743d0ce37b704590717d1654
app/workloads.qnn.json,17297,f9e41f66344d93cec67d49170b299b79404e554feb51406ff67acb1b31c91d41
app/workloads.stx.json,17305,ca7dcaea3bd653170a13fca37b9257cdbbf67f5446a4cbcc00a16d9932bede04
app/wpfgfx_cor3.dll,1956136,0ba67759d290f5d75ff92979394077dcd533fe484511db3ea161d7e102246a73
app/wuceffectsi.dll,489272,dbea457ac1c6d5c4cde5b9cfb09e65cd54b11596406ce50565ddd946468b1454
app/zh-CN/PowerToys.Awake.resources.dll,16224,6332d14d9808a3f3edb2444d33097fb0624850b7f7a06319cfa1690c0d12ed24
app/zh-TW/PowerToys.Awake.resources.dll,16224,fdfc1d881d784797f81e266fb80ec29d6e2de66193ddf1928a9101b5e974501e
bundle-metadata/0,7160,8448f23e84af65921355389efdb2cc6683c96b0be95d10dcdebbc157e1f3b1c2
bundle-metadata/u0,43006,637eecfa2f0baaf87677adfbd7164ff9954429cf920e1bd7abebe08f85984e1d
bundle-metadata/u1,186208,f5342d0b0869e0ac7345dcc1ac3c06a4dd6524e431cf22e328afbf4fedd641b1
bundle-metadata/u2,9205,bbf2feeaeb81f096bb34950bef0db5969d4afbf9e6a686825def10ad0f52213b
bundle-metadata/u3,5165,c59d91c5e1b5026c3b5a2da110f824f3896606b8bd984fa8b583604c49004f91
bundle-metadata/u4,1041,d0f67d8dc4405840bbdef2ef78eed38db08739a773112f16d9edc2cec5f2daca
bundle-metadata/u5,1308,69a9f5edbc4c510e7415fe9c973068ecf4267c0ff985e3635541138bc6014251
bundle-metadata/u6,501520,e05dda0c23421cfc7a2a39b91074928605e1e69ad5f0a2a4e230ed5996fe2ff9
bundle-metadata/u7,7656,a58791c487ade3f66c030786ee4ca58e30554e953c0d8428cd4d0e66a756ee4d
bundle-metadata/u8,276,258fac237622533e7f9ec3f95bcec8abcc31ae87e2017e5717af0841c61e9df4
cabinets/cab1.cab,68023606,7c90f64d1f1f9acee6c361e794baf537897c149256e4cfccb233456f5080f215
cabinets/cab2.cab,70070879,910cddc1d3b08da77d30cd48a080ce69c5a9a3a4c99ccb25c3da9b9f4ff09fdd
cabinets/cab3.cab,57245680,a6395cae2e61bf8cf8fcdf88fa79009604c49225cdb49bd07c2adfbfbcd28b6f
cabinets/cab4.cab,97543340,988ac172111e6442764710cad272963934cd5754189b8ff13ba4229070cacc23
payload.cab,295137487,dd6b0598747343e41408b26d6d45286d2f1d41a36131d36e0dba67391e3e8f82
payload/a0,469,c5bded10d9ce53431e12f6806693a67122805f0a2235b373f868799374a353e3
payload/a1,1815368,98370211f329f59b97308915790eeae4580a29a88c4285ee43a9f190a16e832e
payload/a2,295784448,a3b19d2a1b33cc313c2a9cd38fe826a451a9c29a005bfd89e01e7615fbfd9aa4
raw-files/AdvancedPasteAssetsFiles_File_AIIcon.png,1384,6fc793c2d00d45579e9915cb61e07c890a47088d615c11a6524b1504c58799b1
raw-files/AdvancedPasteAssetsFiles_File_AdvancedPaste.ico,479011,21bb62f57c94e4d5455101b11d82168f62fc51cfe6df5baa1a34083acb150f20
raw-files/AdvancedPasteAssetsFiles_File_AdvancedPaste.png,1974,4e5685a3376b3db474396b6b4d34807cc05d7cf8ac4585bc336963b187b5e789
raw-files/AdvancedPasteAssetsFiles_File_Gradient.png,26499,fe8f081ec1a96f3373f29648368e98895b8392546da3a4a7ebf9eebdcb7c072b
raw-files/AdvancedPasteAssetsFiles_File_LockScreenLogo.scale_200.png,432,688f384ef8832609d1f4d5e7fa9f6e08a81a6f52bba2c67070e385a015dfb42b
raw-files/AdvancedPasteAssetsFiles_File_SemanticKernel.svg,6682,67eecbfda8549c9ecef0712edeefa9841c12b15dc32811858e57a433a3bab6ec
raw-files/AdvancedPasteAssetsFiles_File_SplashScreen.scale_200.png,5372,209a614557ff28be5a307c55ec17e2126f1ad34f54a88c5d4226441891c5892f
raw-files/AdvancedPasteAssetsFiles_File_Square150x150Logo.scale_200.png,1755,0b2ecc4b0e160157f55e43d1cd9532751cfa265be816227681c633b9c69a9381
raw-files/AdvancedPasteAssetsFiles_File_Square44x44Logo.scale_200.png,637,0be34ccbed90a09a51d56abc1b9ab279154d454e43906057b45762ba00b38854
raw-files/AdvancedPasteAssetsFiles_File_Square44x44Logo.targetsize_24_altform_unplated.png,283,7799103c81a408b8dfc465764a5a8e693ebe1048a2e0f4690ae467398390030a
raw-files/AdvancedPasteAssetsFiles_File_StoreLogo.png,456,5a44b2f15b76ff4cfcb315e8b62b2ac1e4a1f616bbfee0b8be29f9e2e116172c
raw-files/AdvancedPasteAssetsFiles_File_Wide310x150Logo.scale_200.png,2097,4938ed44d7d63f44ca959eafb942be36459939a9c679bfcbf4f5c837fdf3475c
raw-files/AwakeImagesFiles_File_Awake.ico,103870,4bb2825da00261e8f28366a3634d7b817c6f09ebdebf6a950992c31dd7c7fa7d
raw-files/AwakeImagesFiles_File_disabled.ico,97566,67776a40f6f093a7e1b41378214e60f9354c69cc4f3b953bc5718ee3beea1030
raw-files/AwakeImagesFiles_File_expirable.ico,97566,b3eceb438254fe9d460982b6e0607a3a10e95bc2095430ba96f2364a1e70cd64
raw-files/AwakeImagesFiles_File_indefinite.ico,97566,f11ea297af1e23ffe6904b71ec0ec78311ae470cace7fb71fa30b80319f1ffdc
raw-files/AwakeImagesFiles_File_normal.ico,97566,cadbf9299d2034483293b3963a5d279ca2a1da8165ddc2c733aaf4edee360c96
raw-files/AwakeImagesFiles_File_scheduled.ico,97566,58f86f53aa44365239d453c2369d1b9a10ce1ff14a6650f18a8ccc3153f2a51f
raw-files/AwakeImagesFiles_File_timed.ico,97566,0e9c3ff8801434033fddfb22f189073daf78aa312a91094002a4c3d62f848cb5
raw-files/Awake_ar_SA_File,17248,9c65c3d2f6891f6d4e927fd8142bebf889ddfab75df42e93c01792533ae1eee6
raw-files/Awake_cs_CZ_File,16736,8342d49ab155f4a52328701b4d35d5850d0d254c9db69c439a80274949996d9b
raw-files/Awake_de_DE_File,16736,9ebcc10a4e0e15b1d683573275b79ff7d73b06a8c989dfd24ee3f82cd24a77f8
raw-files/Awake_es_ES_File,16736,9c144313a946e8dcf2a0f59bfe436b031967b739b4aa4d87deec170f37f97411
raw-files/Awake_fa_IR_File,17248,bb8968785a02d856548a52b59d10fa1bf96f583d0dc2648999f8945bbc555c10
raw-files/Awake_fr_FR_File,16736,db52720c2561119d27de7e55dd27a8c705524a5174787ee6896c8d9cd52b8570
raw-files/Awake_he_IL_File,16736,9cc210a01cc27496d829f52d12ce76885eea6ed17b363f7dbd9f98c6fb8aae43
raw-files/Awake_hu_HU_File,16736,85f47a8ecde3333330c444baf168e1c7ae6dd585382377cf125680f385ebddb6
raw-files/Awake_it_IT_File,16736,d4e0f7e41b267f508fb21706953dfcc5351e1ba1c90440809e8eaa3de061c510
raw-files/Awake_ja_JP_File,16736,45832752eec6b3f61d18961e9a63690d616b850e0262e5fba6c532cd4e90a491
raw-files/Awake_ko_KR_File,16736,2e1debfb7f443960f84d002aa53d5f5b41afca61d374715539b6a52d40b1cbcf
raw-files/Awake_nl_NL_File,16736,9541f6430ea3abceb8e8dd9b513684f3218535deb0d385596f8882643e1b8c89
raw-files/Awake_pl_PL_File,16736,ec8363089ee319da6c37cfb027de99c68f6d41db9992256340afe1233b59dee6
raw-files/Awake_pt_BR_File,16736,a3b1fb4cda96f7683c0e9b142546c792436fc336cd8435fbc854d7a11b16f981
raw-files/Awake_pt_PT_File,16736,b22c6343a15c098c0c02b865f4542471fcf6cefbc6fb2db1e9d5f6decb46df89
raw-files/Awake_ru_RU_File,17760,87a247d1098652c9ef6f09dda996e995f4a9574e619663f630f66dbc283668fd
raw-files/Awake_sv_SE_File,16736,0b7f9790d5184dbc04704d216210ab7f4e2342c8bf3c1dbdcd5c94019ea3f312
raw-files/Awake_tr_TR_File,16736,99e5619931caf1b1788880c4e282ed97851158f5cf4edbca5073451ac53318d0
raw-files/Awake_uk_UA_File,17760,215170d2bed7d8997b51c8dcba676c8b36736cec5f585af7f5b7a70bb465e0c4
raw-files/Awake_zh_CN_File,16224,6332d14d9808a3f3edb2444d33097fb0624850b7f7a06319cfa1690c0d12ed24
raw-files/Awake_zh_TW_File,16224,fdfc1d881d784797f81e266fb80ec29d6e2de66193ddf1928a9101b5e974501e
raw-files/BaseApplicationsFiles_File_Accessibility.dll,20776,7ce3bd7a5d0ec61be7d5d139e51831c4a20ae32cb7635baac739846fd0fc07b4
raw-files/BaseApplicationsFiles_File_BackgroundActivator.winmd,2048,492f2f55086c075fa6e1b0c05a02b9a62fbecfa4ed185ad6a6370723b6dd3264
raw-files/BaseApplicationsFiles_File_CalculatorEngineCommon.dll,3156320,b51dbe8705d5f0412562189881801136a5fc0f0922cefdf895c57b547ef5ec30
raw-files/BaseApplicationsFiles_File_CalculatorEngineCommon.winmd,2048,ebb879c845bb8892a64aa4c3dbfca772859a3ce20a7f56b000485417e4483d03
raw-files/BaseApplicationsFiles_File_CmdPalKeyboardService.dll,105824,76032d7cb199e6f9c4a91ddec7e5f02c6846e5138bc725e35af7febe3783a278
raw-files/BaseApplicationsFiles_File_CmdPalKeyboardService.winmd,2560,6dc3bf1c6d3ec7465556945dc03792eb8afeb50de17a6b2d65fb5a07d356b7d1
raw-files/BaseApplicationsFiles_File_ControlzEx.dll,463160,4b6eb1c39327362228ca20a65456c53a6531d72c7fcc0c9705d0d239289d6714
raw-files/BaseApplicationsFiles_File_CoreMessagingXP.dll,1042232,00a4f20a39a24542024bc091b939f6f3852f6aa24e30286a3fc183531e165606
raw-files/BaseApplicationsFiles_File_D3DCompiler_47_cor3.dll,4741488,a05f99734f7c4822fefc12b367af21fd0976ed6608752fb1e1e80b6ece7ecbbb
raw-files/BaseApplicationsFiles_File_DWriteCore.dll,3252576,426674b9c74612bd2a29d0812212faf0641ad93a48521aeb58eb9a50fac8708d
raw-files/BaseApplicationsFiles_File_Dia2Lib.dll,59024,6c4cac68010fe032218efe5e9fcf46eef9f77bfaa5f3bd33f03c5ff77d5a8fac
raw-files/BaseApplicationsFiles_File_DirectML.dll,18710680,7ae717a1304253c71f0793e5d8a172ad779934e7465b0648b64013da832fd8ae
raw-files/BaseApplicationsFiles_File_DirectWriteForwarder.dll,505640,2526dcb41392b1756fd8fdb517fdca1c852b774b957e6e6c66715f616e5fc027
raw-files/BaseApplicationsFiles_File_DwmSceneI.dll,2365240,4ee2c7584d9736eb8bd25e78a8c11978f9b2c3f735ea1fe9cf47623cc1177b4b
raw-files/BaseApplicationsFiles_File_FancyZonesCLI.deps.json,53462,97f2c8e08627f29f72463c7c40b1ed6212b86c6a5f18e5dab2514427a66d8f3f
raw-files/BaseApplicationsFiles_File_FancyZonesCLI.dll,81760,eb79b6b00294ea6de03e1e2e633f08cdbe9ce0ccd4f6e6f299eeb7ac54c85bc5
raw-files/BaseApplicationsFiles_File_FancyZonesCLI.exe,172896,d1182bc08db6dd32e89b6604a6eceef96583a8be5c8be20a8f6b34fa649441f6
raw-files/BaseApplicationsFiles_File_FancyZonesCLI.runtimeconfig.json,867,1401ad3714099edb8aedded755dd6f5f780c5b7682c18e227ec76e8d1e6fa3bf
raw-files/BaseApplicationsFiles_File_FileLocksmithCLI.exe,708448,b358f577991d1d675f5bad913b46d94626ec06109f951f942abefc72a7221325
raw-files/BaseApplicationsFiles_File_HelixToolkit.Core.Wpf.dll,596344,08963763be5e3e75acaf3f1ec74d256e96f95f6d761201af368f7615021aadc2
raw-files/BaseApplicationsFiles_File_HelixToolkit.dll,16760,90a50ef49b4518254cb99b5ed41ecacd77901f2b200a91555d8a30826137e2f0
raw-files/BaseApplicationsFiles_File_Interop.Microsoft.Office.Interop.OneNote.dll,33656,ed2db597b4df73bfbb272e3b2f2900b8da9bad29a8b52454adece791ff15f322
raw-files/BaseApplicationsFiles_File_LazyCache.dll,34168,dd795b42e31813f821529af3eb75a096e3f4f56af9ee9f27f766c824d440561f
raw-files/BaseApplicationsFiles_File_MRM.dll,288568,1e542a07fd1351b40465d5a06a2b3db7323089b01acf40f17f6129115772bada
raw-files/BaseApplicationsFiles_File_Mages.Core.dll,269688,29f40e25a837aa13d6adb7d67686eda4157ad5f6c1726ce3e85feca848dc2a6f
raw-files/BaseApplicationsFiles_File_Markdig.Signed.dll,473976,d4b6d5e387d7849969f6b4334e56296b616b2a5be0ef13e6e0a2c67f06035ec7
raw-files/BaseApplicationsFiles_File_MessagePack.Annotations.dll,28536,99ed41ffba1d26f326426b338c73a9667e07415bf56178a2c42bffc9ffa2842c
raw-files/BaseApplicationsFiles_File_MessagePack.dll,392568,99d836f132f153fb0ffe88c17d558e7633a56d0ac0e793a6c40e75d33421e6a7
raw-files/BaseApplicationsFiles_File_Microsoft.Bcl.AsyncInterfaces.dll,20264,bf58b47923b2f520c766ca905f68a1a65d217c4d828f05db538c41129cacf9d9
raw-files/BaseApplicationsFiles_File_Microsoft.CSharp.dll,980816,2d073ff1f059dda2814c320ac5782536dc268b335e23e8e8b4d0d3b0833b617f
raw-files/BaseApplicationsFiles_File_Microsoft.Data.Sqlite.dll,177504,4abd9c2a61e580eb853e93ca8953a3cef2c05714ae28d2d1859d4dbc5e5700bc
raw-files/BaseApplicationsFiles_File_Microsoft.DiaSymReader.Native.amd64.dll,2195504,315a61c47c41b8d4c815f4274bb6584c1d24b4640c7eedc354ed5b03a9a1361e
raw-files/BaseApplicationsFiles_File_Microsoft.Diagnostics.FastSerialization.dll,75312,d4263b5af49fe442ac5290f1ccc47f8737ce3b5bb96eb4fca08da0e1046a9b04
raw-files/BaseApplicationsFiles_File_Microsoft.Diagnostics.NETCore.Client.dll,146368,baed2d25ca5bc53a3447c237d5572c92eac1fd842807b3e72602a711749b1b22
raw-files/BaseApplicationsFiles_File_Microsoft.Diagnostics.Tracing.TraceEvent.dll,3163160,3e9b1cfd4bfd52f310b441476a11e6a1f030f3c749b90c545042b0c2e95892ed
raw-files/BaseApplicationsFiles_File_Microsoft.DirectManipulation.dll,657248,ac0c857ffd98b8ce7b0f3e93c93522f709b56b7e5cb38021e8e37472e03bc76e
raw-files/BaseApplicationsFiles_File_Microsoft.Extensions.Caching.Abstractions.dll,37672,d3e8d6b1bfe488c670c277ba27b871dea27192c60289e1d65173b21286a8eb32
raw-files/BaseApplicationsFiles_File_Microsoft.Extensions.Caching.Memory.dll,47912,27a3b754253c2ecbd1e695bc3dc67c8d047d9dc3219f60f7dc0b84baf5f43023
raw-files/BaseApplicationsFiles_File_Microsoft.Extensions.Configuration.Abstractions.dll,28456,cfdb91156d4d875ba6f540e53f96988e266ab24ab6f367150db6eb9b645cfeb3
raw-files/BaseApplicationsFiles_File_Microsoft.Extensions.Configuration.Binder.dll,43304,6e30012a3f649ba2e4a4101ce77b777b0e89be05302fe7c11118cf680e561922
raw-files/BaseApplicationsFiles_File_Microsoft.Extensions.Configuration.CommandLine.dll,25384,5b85cf6e3d3b6c5ec48192ff9202121b360d2e2c18c1d27c4725fbf689f1a3fd
raw-files/BaseApplicationsFiles_File_Microsoft.Extensions.Configuration.EnvironmentVariables.dll,21840,4968b1713382a9683acdd3d70b783316646cc73b9da1624b70e058298d07b909
raw-files/BaseApplicationsFiles_File_Microsoft.Extensions.Configuration.FileExtensions.dll,28456,3d7015f88ca1c903e288eb73cea65baef251cb41ed99e4cbb607b18816d32aac
raw-files/BaseApplicationsFiles_File_Microsoft.Extensions.Configuration.Json.dll,27944,2b72db01838c8ba1f221ac767d28f2f67a0c63be581910bcfef2b0832bed115f
raw-files/BaseApplicationsFiles_File_Microsoft.Extensions.Configuration.UserSecrets.dll,26448,f117a8b446857fcc2760d17255c6623d94f9dbbb11c7893b4276fd889042f711
raw-files/BaseApplicationsFiles_File_Microsoft.Extensions.Configuration.dll,44880,7811862ac6c2456e1efd7ff300e6567ff373fbccf4266a853dac376b5b8c19c3
raw-files/BaseApplicationsFiles_File_Microsoft.Extensions.DependencyInjection.Abstractions.dll,65832,43497d8f23b82159295933effe92c82447469b60cdbefcca4a62232e4ebbca99
raw-files/BaseApplicationsFiles_File_Microsoft.Extensions.DependencyInjection.dll,95528,21a7fd5e0dba0f36c5d7643e572a11aaed01ac901532bd7b96a919eb02749389
raw-files/BaseApplicationsFiles_File_Microsoft.Extensions.Diagnostics.Abstractions.dll,31056,629fcc3e78969fba52d7bf7ab21eaea2a7711fa4e0b4b91bd37ad8b35816d60c
raw-files/BaseApplicationsFiles_File_Microsoft.Extensions.Diagnostics.dll,36136,e66c773c8976cf0c056b360ecf87637f28639810189bdf4d6bb579db6a3e3466
raw-files/BaseApplicationsFiles_File_Microsoft.Extensions.FileProviders.Abstractions.dll,23336,c823eea339af2beca2c3004bb077118d0db6379f908e7324e59461ef2c08e4b6
raw-files/BaseApplicationsFiles_File_Microsoft.Extensions.FileProviders.Physical.dll,45392,ab90ea779dad07f90a64d69ac7037befe97f3f70d025596d339ec0814401e86c
raw-files/BaseApplicationsFiles_File_Microsoft.Extensions.FileSystemGlobbing.dll,47952,c6cd6e791178b3f99f5ff4b46e51955edb92e6fa76ed6709e778e52612a0594e
raw-files/BaseApplicationsFiles_File_Microsoft.Extensions.Hosting.Abstractions.dll,54056,97d564d9adf28cdbc2e6ac36ba6bf242ae70edc8b6c8841387370aaaf095de7e
raw-files/BaseApplicationsFiles_File_Microsoft.Extensions.Hosting.WindowsServices.dll,28968,327fdcdea21358502d83b3a74a0c02f5fcb4348369f3569187df6ad4d98fa653
raw-files/BaseApplicationsFiles_File_Microsoft.Extensions.Hosting.dll,71976,d341be29a1aa7ce1026499776edbd457370586d0d1d6d231c42630e579fac09e
raw-files/BaseApplicationsFiles_File_Microsoft.Extensions.Logging.Abstractions.dll,66856,cec836c1dff8e64701ee4fd3a710bd971fef953c90a34b577d9f4363103e6c39
raw-files/BaseApplicationsFiles_File_Microsoft.Extensions.Logging.Configuration.dll,28456,b0e3dea3ef2f0169171a58d024ccebbad0c2a1d35d4278d5a21c6f8a537b59e7
raw-files/BaseApplicationsFiles_File_Microsoft.Extensions.Logging.Console.dll,76072,97f7643ed779c0deb030ebef8e95388a9cbfb194e271391075dae297674d5897
raw-files/BaseApplicationsFiles_File_Microsoft.Extensions.Logging.Debug.dll,19792,54dd5ec754cd6e98e5a1a2f6caef643d4cb4507c1b64281fc810d4db1b0a0578
raw-files/BaseApplicationsFiles_File_Microsoft.Extensions.Logging.EventLog.dll,24872,45050b78770e4b1c10dadda4a71c31c04b7a9d24ff661bdfe52854e4c6e8e94e
raw-files/BaseApplicationsFiles_File_Microsoft.Extensions.Logging.EventSource.dll,34640,64ec3197a6ec86920dbee666725bf5a9a5cd4b8aa4037b6153e4e29014b61b9d
raw-files/BaseApplicationsFiles_File_Microsoft.Extensions.Logging.dll,51536,26d66b29b64a36bc7416e999b0fb55bc4b2d9d1358b6bef830c6a0ecdc81f86e
raw-files/BaseApplicationsFiles_File_Microsoft.Extensions.ObjectPool.dll,22816,dba21041ab0064cf94f3e821df1435d880cec2ce5408144e3ec5199347349bc0
raw-files/BaseApplicationsFiles_File_Microsoft.Extensions.Options.ConfigurationExtensions.dll,21800,4f6119f2f95f656412c4f31fdf80b739314060beeb374ea3aa92feb3164582f7
raw-files/BaseApplicationsFiles_File_Microsoft.Extensions.Options.dll,65320,c734c6a9feca3a2df39597e028efea8eea796e7e5dfc815df8b5893384297728
raw-files/BaseApplicationsFiles_File_Microsoft.Extensions.Primitives.dll,44880,1f9f027817b0f277f45cceb0927c14e41cabfe6d52dafb5ab6bf68895294814b
raw-files/BaseApplicationsFiles_File_Microsoft.Foundation.winmd,11616,51e267a3e7d640c06b0e775c4bab9e29aa81e42a245d9d6fb763a7bea5cee4b3
raw-files/BaseApplicationsFiles_File_Microsoft.Graphics.Display.dll,218936,7248902bacbc03939d220a5a3e0a9de73f15bcfa6b6c264879115aab4af33a5a
raw-files/BaseApplicationsFiles_File_Microsoft.Graphics.Imaging.dll,139576,43b5c14c023cc8744abfe2888dc175559d9542cad60f1708b24ce346694c663f
raw-files/BaseApplicationsFiles_File_Microsoft.Graphics.Imaging.winmd,13624,67bfecaf7a18a9bc9fb09ea60a98fd0d7f0025b2b8c8cadc2883d0bd9424aae8
raw-files/BaseApplicationsFiles_File_Microsoft.Graphics.ImagingInternal.ImageObjectRemover.winmd,12088,e46d32b6340ecd55d03afb57c41df15a5a8f9928c9cdb6fa0cc68b0df10fd044
raw-files/BaseApplicationsFiles_File_Microsoft.Graphics.ImagingInternal.winmd,16696,b3bf44a93e048c90eb2669c0486689a73678eb2f0906df8fca93240f2c91a62a
raw-files/BaseApplicationsFiles_File_Microsoft.Graphics.Internal.Imaging.winmd,18232,cdeaf48bf23a0b55f15a5e365d0934d88443048d3641e94ad3cb552a617f3220
raw-files/BaseApplicationsFiles_File_Microsoft.Graphics.winmd,21304,d5fff8f0bdf7bd18515b75ba92837e7835c77f60dc2b67bb87a44698fdd89bc6
raw-files/BaseApplicationsFiles_File_Microsoft.InputStateManager.dll,456504,0445c8d2f062462924ade3f2c5b66143f9e837e3e69e2012a07681ad555356e4
raw-files/BaseApplicationsFiles_File_Microsoft.Internal.FrameworkUdk.dll,931248,01dc25426567fa74d17869e0199e38267d739a73414409830e919cd0433cabab
raw-files/BaseApplicationsFiles_File_Microsoft.NET.StringTools.dll,30880,e51c8678fd602a21c249b369e833966019935132476f9434da896bef808ba3b1
raw-files/BaseApplicationsFiles_File_Microsoft.Security.Authentication.OAuth.winmd,24376,a3a7040d7052c5f160e420380511e84f31af5e4c7b0773defe14e5f2fd737a78
raw-files/BaseApplicationsFiles_File_Microsoft.Toolkit.Uwp.Notifications.dll,144080,036564a649f47b92250dff4f205c8d44804b0b41a69d783bd4212d189eb5f694
raw-files/BaseApplicationsFiles_File_Microsoft.Toolkit.Win32.UI.XamlHost.dll,110800,98a87914e37600c7f97a27ca603a6b994dd51ffd390ce5b34e073939d258c2f4
raw-files/BaseApplicationsFiles_File_Microsoft.Toolkit.Win32.UI.XamlHost.pri,768,14f448af38b1188fd5001bd6e7021b042833aaa72d1c9bc807384ed75b95ea5a
raw-files/BaseApplicationsFiles_File_Microsoft.UI.Composition.OSSupport.dll,67384,a80774593ec2af30718099e318c12c5ba40476af9d2b07154713645c043e88f9
raw-files/BaseApplicationsFiles_File_Microsoft.UI.Designer.dll,120632,b448f6a386c02b036238a473908d9049025a9d1ead48c5e7ae8a8923ccc9adc2
raw-files/BaseApplicationsFiles_File_Microsoft.UI.Input.dll,1570616,7e24fb014303d387c140de4fedd4c65d079a2b0dd6ddde01135972b887a8e403
raw-files/BaseApplicationsFiles_File_Microsoft.UI.Text.winmd,35128,eeadebd8d48d72e2016020db1b16b83adc2b89a8eec2bd416d017a292ec6bcd3
raw-files/BaseApplicationsFiles_File_Microsoft.UI.Windowing.Core.dll,542520,ccc64f8f6b07c8e39ebaee6e51346d8214ae606a5e2a8fb402d955a5eee61f41
raw-files/BaseApplicationsFiles_File_Microsoft.UI.Windowing.dll,550712,de777fc7f88256dc3158138b5e267a151fda461a2ef71b24320ccac7cc5a3b75
raw-files/BaseApplicationsFiles_File_Microsoft.UI.Xaml.Controls.dll,6645560,44479ef18ea26abd9f01315e150de1adde9900f448a4e391fa25bbdd1bfbd5ab
raw-files/BaseApplicationsFiles_File_Microsoft.UI.Xaml.Controls.pri,1259720,304f09338fd6dc69edd6d0225896a4b50edc57d712e3528e148a795bb5a20e07
raw-files/BaseApplicationsFiles_File_Microsoft.UI.Xaml.Internal.dll,936800,e3b9f23db45064809be2c9e2d1d8216a16457bdeb1062db9ecb811052567e3cb
raw-files/BaseApplicationsFiles_File_Microsoft.UI.Xaml.Phone.dll,1103672,ca8d88d4cccfa5da6aec0d9090dfddd403301d9e85686327e4608d3e07716f47
raw-files/BaseApplicationsFiles_File_Microsoft.UI.Xaml.pri,18962536,7409d633fbba50196bc17bae4f5f2fb6dc94bc55f5bcad88b6528d6c170974e3
raw-files/BaseApplicationsFiles_File_Microsoft.UI.Xaml.winmd,1633080,3251bbefaabbc96ef7b5d10c0062462acca0f17faa2f854d3cc29422d0ed5733
raw-files/BaseApplicationsFiles_File_Microsoft.UI.dll,177976,21509e8198b80be168e3a8ff89868bdd0f459afe8c7390b0bb004b2b71117359
raw-files/BaseApplicationsFiles_File_Microsoft.UI.pri,101512,db52527854555e33c473787beab45ab6caeb063b50a84282c54ba6f2e4d16ef9
raw-files/BaseApplicationsFiles_File_Microsoft.UI.winmd,293176,509244546deec251a0e88a2df10f67fbc2cd036f4d7b064cb24cbd153ddc9f05
raw-files/BaseApplicationsFiles_File_Microsoft.VisualBasic.Core.dll,1193808,6c267acb79006291cda2484bd9d39f289419b7d3448e1a1f30ef7c2ad7dce82c
raw-files/BaseApplicationsFiles_File_Microsoft.VisualBasic.Forms.dll,247592,640f7fc1fcd098e04f3f8d03668039719cfe799d2a12eda7a9c6a2e9bc1e2acf
raw-files/BaseApplicationsFiles_File_Microsoft.VisualBasic.dll,18728,a7ac7e8ea4a71db42adb99f55af9ba270c3518652fe1a1f47b4eea939553138d
raw-files/BaseApplicationsFiles_File_Microsoft.VisualStudio.Threading.dll,442400,a689dad58b0c872cb34433a208c02675d9c2a649f053326e04038a735d0ea312
raw-files/BaseApplicationsFiles_File_Microsoft.VisualStudio.Validation.dll,36256,cc08390e5e26ddf7284e673bc744bac25a3bbb755a238c7c0abea7184ac527e4
raw-files/BaseApplicationsFiles_File_Microsoft.Web.WebView2.Core.dll,708376,a53501cfb80043f052829bac644ed0649fa2a53d9b440729db740296dcb8717c
raw-files/BaseApplicationsFiles_File_Microsoft.Web.WebView2.Core.winmd,143240,36cd474809aab1fe126929fb72640b42aaab19f06a93279805ed2c1e9155c7af
raw-files/BaseApplicationsFiles_File_Microsoft.Web.WebView2.WinForms.dll,49432,4ba3d47c963edd6cb31184d5d10b5e71f8900edd209aee7ef17441e0f980da40
raw-files/BaseApplicationsFiles_File_Microsoft.Web.WebView2.Wpf.dll,94488,92b5ef7a28f1ee7216dc8f40a5d21b2f5f52c91c24442ee7e7fba186cce15a23
raw-files/BaseApplicationsFiles_File_Microsoft.Win32.Primitives.dll,15656,07ee7d2780a74c523af5ca4babdc63d006fa896b3a1463c2e638c5bb2843f9b9
raw-files/BaseApplicationsFiles_File_Microsoft.Win32.Registry.AccessControl.dll,34600,21452fb52e66252603c5efb3f3f8e330af094435840f8807803e4ee458e4625b
raw-files/BaseApplicationsFiles_File_Microsoft.Win32.Registry.dll,116520,5f7623b92c1ef07c98546f63c83613f5f5f7af6513dc52e2e9e11447b6c1c7f6
raw-files/BaseApplicationsFiles_File_Microsoft.Win32.SystemEvents.dll,116520,4c2b3c4a44fa0ff1dd288d2fd0b2d4c8a5f713c149a4b2d37a26e03a7da261fa
raw-files/BaseApplicationsFiles_File_Microsoft.Windows.AI.AICapabilities.dll,112440,30d47de2108a3280c7fff252fa6bc815c762356a1e31bc7427ba31825d83b438
raw-files/BaseApplicationsFiles_File_Microsoft.Windows.AI.ContentModerationInternal.winmd,13112,6a6885b53e4ad73daac18627bd9c2aecade6cdc108e8bbb9cd00a813341047a7
raw-files/BaseApplicationsFiles_File_Microsoft.Windows.AI.ContentSafety.dll,104760,4acb72db1126239c838816588760ea46a13e5a4cffe958b18bb4c5ed3792e19a
raw-files/BaseApplicationsFiles_File_Microsoft.Windows.AI.ContentSafety.winmd,15672,cae814a496278c33f17de777c4989551785862523f42bc3efc9acb309ccbb02a
raw-files/BaseApplicationsFiles_File_Microsoft.Windows.AI.Foundation.winmd,12600,e2f4d7598bb227ad93021de0ad50fd683845d428f01cc4d199d5a1fbbe7cc09a
raw-files/BaseApplicationsFiles_File_Microsoft.Windows.AI.FoundationInternal.winmd,12600,da2072ea9b746b37d58cad0ef9abd248047e283bc36c87092320c64d72ad6fff
raw-files/BaseApplicationsFiles_File_Microsoft.Windows.AI.GenerativeInternal.winmd,19768,42a765a3fe83ae0bc7b00e7ff53b425f81543987c99e88d113b4d8912aa8e0c3
raw-files/BaseApplicationsFiles_File_Microsoft.Windows.AI.Imaging.dll,769336,beec87b1dfa548e1c3966060f039b6909e56d3b015160e4abcf3d34843e067ee
raw-files/BaseApplicationsFiles_File_Microsoft.Windows.AI.Imaging.winmd,21304,85b1deec7d1b1157518a0edce4001ad7821e79c4291a578db694668170313f6b
raw-files/BaseApplicationsFiles_File_Microsoft.Windows.AI.MachineLearning.dll,922248,9439653d0bbba26414e3f5356d23efb8e70d49b3d3fd07ace88b2a5e3d6423c3
raw-files/BaseApplicationsFiles_File_Microsoft.Windows.AI.Text.dll,695648,1fffb46e994d4087bc267ddcb8c893260263b3f895beb9e4aa10da7efa4ff43e
raw-files/BaseApplicationsFiles_File_Microsoft.Windows.AI.Text.winmd,25400,ae0118809c6256d65357351ac5af589e1757396d331204a7a856a40714286239
raw-files/BaseApplicationsFiles_File_Microsoft.Windows.AI.Video.dll,545592,d92b79107eee9e3a0b230ba699c1f08e843d2dbf61d8c933968ba6ee211fadbe
raw-files/BaseApplicationsFiles_File_Microsoft.Windows.AI.Video.winmd,14136,10d9fb66c97ef1f7425e903c21e4e65eb64b4abe249a6d51dcc78341247f2298
raw-files/BaseApplicationsFiles_File_Microsoft.Windows.AI.winmd,13664,049098facee8a842e5dd6fbee5a8e292aa841d52bd793082f27ee173b1b8b48a
raw-files/BaseApplicationsFiles_File_Microsoft.Windows.AppLifecycle.winmd,17208,67a9e7820ff029961b668be68057fc1637bae84cde75ffb7f555a7ba516b3102
raw-files/BaseApplicationsFiles_File_Microsoft.Windows.AppNotifications.Builder.winmd,24376,c6113832200b79fa72f429939934589935816e416c100db63376b6962ffd0f2c
raw-files/BaseApplicationsFiles_File_Microsoft.Windows.AppNotifications.winmd,19768,175f4f03e825e0a4b5bec37705dedeab0554e8edd5de32843003341d60062f30
raw-files/BaseApplicationsFiles_File_Microsoft.Windows.ApplicationModel.Background.UniversalBGTask.dll,86840,50d24d9618c9971e89bf66c1dfbbe0d563e9dd49f8c65e988ee2ae28d5633bea
raw-files/BaseApplicationsFiles_File_Microsoft.Windows.ApplicationModel.Background.UniversalBGTask.winmd,12600,088bf3faee94fd001ce5b4e5d27ee97cbbb86385f2b27a19954c86f4c95e6e64
raw-files/BaseApplicationsFiles_File_Microsoft.Windows.ApplicationModel.Background.winmd,13624,651034b2f30a798fad4ab7619983bdbd8e492a839b48b2e4199244bbd0523ec9
raw-files/BaseApplicationsFiles_File_Microsoft.Windows.ApplicationModel.DynamicDependency.winmd,18232,d0b8b9daef7a46762024d62ea36458616bf3ae3ee0ff199dc758299ce137ecc0
raw-files/BaseApplicationsFiles_File_Microsoft.Windows.ApplicationModel.Resources.dll,158048,e382ed81f91fad95e23e2023b4c25c34fa01a9f03e64d29fdbea51e28482f3ee
raw-files/BaseApplicationsFiles_File_Microsoft.Windows.ApplicationModel.Resources.winmd,19256,fe357794a9f0f724377008fe9e8c9c83e33dec03653d3f3a7fff3b221a8f5776
raw-files/BaseApplicationsFiles_File_Microsoft.Windows.ApplicationModel.WindowsAppRuntime.winmd,19256,ca9b40d21bed6fabdc13b8137febdc82d0acc8effff4e3464a732ff4486bfa69
raw-files/BaseApplicationsFiles_File_Microsoft.Windows.BadgeNotifications.winmd,13112,1b8f50ce19ea7ade0c30f0c8733f26b3172fc03b08a2a329f708ed4581dbffb9
raw-files/BaseApplicationsFiles_File_Microsoft.Windows.Foundation.winmd,16184,8a0ce33a68e01a93ef5019b210caf5bf22a168c5f2f77e96fda99409a7f9a2ae
raw-files/BaseApplicationsFiles_File_Microsoft.Windows.Globalization.winmd,12600,1073e8423c1567842d5cfe564e50f501e14b6eb9cf84138e7b021d0e3bd4d283
raw-files/BaseApplicationsFiles_File_Microsoft.Windows.ImageCreationInternal.winmd,14648,4ab60a3c1a60d9945050b4217f90033d561718ea20326a95e844d27447f6b7a7
raw-files/BaseApplicationsFiles_File_Microsoft.Windows.Internal.AI.ContentModeration.winmd,14136,bb59e868b0ddfe531a59af7a17c8ec928be3850689c050b79e5e1ecdefe376d1
raw-files/BaseApplicationsFiles_File_Microsoft.Windows.Internal.AI.Generative.winmd,25400,c4d3d10bd681df7fcb7d4bfdbf41405ab9c0056dbb224ab9283ae43a4b3823ad
raw-files/BaseApplicationsFiles_File_Microsoft.Windows.Internal.ImageCreation.winmd,14176,0c4c5a5bb63c28b3476358515a7fb022d1a524a3597e877cc8c032a5db9c883b
raw-files/BaseApplicationsFiles_File_Microsoft.Windows.Internal.SemanticSearch.winmd,19296,139f51fc079e519fa7d62680b1615e6af501c66284a2572994f8bc4cfd60057c
raw-files/BaseApplicationsFiles_File_Microsoft.Windows.Internal.Vision.winmd,15160,c061b712ba215abea92993d7bb02b81159e253cb6fe6748468a9a38ca477aadb
raw-files/BaseApplicationsFiles_File_Microsoft.Windows.Management.Deployment.winmd,42296,a4e43620ae24dda22a84fbe76673addaffc989edf46eb3bd3ed618afa85705ad
raw-files/BaseApplicationsFiles_File_Microsoft.Windows.Media.Capture.winmd,16184,3fc11fee07286fa65191e3ba600c4bb071845196e0670d23559f5f387db66e1e
raw-files/BaseApplicationsFiles_File_Microsoft.Windows.Private.Workloads.SessionManager.winmd,13624,0cd6f8bf7d467a57cec61f2de0cc681aafa4a8c406271779d1edce46fcacf27f
raw-files/BaseApplicationsFiles_File_Microsoft.Windows.PrivateCommon.winmd,15672,4b8a17984a4c072e85a345d72cd5cb50ab7fd41a58a38e41c386af213032a885
raw-files/BaseApplicationsFiles_File_Microsoft.Windows.PushNotifications.winmd,15672,1fcbb1179df64cd46da03eef26af9e46429daaaf4150c86cdde325ef29868b15
raw-files/BaseApplicationsFiles_File_Microsoft.Windows.SDK.NET.dll,26693664,4964dd17fdffa3a13873e9b76d3ad4f6e4f01f55e187be443791693bae952c45
raw-files/BaseApplicationsFiles_File_Microsoft.Windows.Security.AccessControl.winmd,12600,a4d9db5297844deb9ae798523d2fcdec554ac9103e3534119ba6761215f26bcb
raw-files/BaseApplicationsFiles_File_Microsoft.Windows.SemanticSearch.winmd,12600,d87d1ec3dc1c90e735ba8a99fbee383ed5050081e3e2e543bbceaacd70409e70
raw-files/BaseApplicationsFiles_File_Microsoft.Windows.SemanticSearchInternal.winmd,19256,fb0a875e6d0f6b0e0f7bad6032b0152de61dec7623fa430d4f84385e5ff9f99e
raw-files/BaseApplicationsFiles_File_Microsoft.Windows.Storage.Pickers.winmd,19768,ee39c2f2af40579699ea629bc2c3fb42f9bd76bb177922c5ebb404610e7f6475
raw-files/BaseApplicationsFiles_File_Microsoft.Windows.Storage.winmd,16184,1e6bd289d5f1495322885a1f0afe9a1805c5951072b41ed488814023853d801a
raw-files/BaseApplicationsFiles_File_Microsoft.Windows.System.Power.winmd,17208,9bf1776eda186b2376b8b568f179beadeff92822f01f965824d207ba690b68b1
raw-files/BaseApplicationsFiles_File_Microsoft.Windows.System.winmd,13624,75e8038fc1c304216725c6ca12c11814621a039af7983ab2db92cfdabcdb312a
raw-files/BaseApplicationsFiles_File_Microsoft.Windows.Vision.winmd,12128,9cdae4582e10f4a7fbbf71f97a65514bc54e22605d1188c228942a69ae510ffc
raw-files/BaseApplicationsFiles_File_Microsoft.Windows.VisionInternal.winmd,17208,99af0e53d8e5e7b035d354f95f51c5802a0b5aade481d361bde3c052cdf947af
raw-files/BaseApplicationsFiles_File_Microsoft.Windows.Widgets.dll,2469688,86aa4b3fc152adbc8bb10b58c069d5423c03542a9794bffbed27f7605aa32b81
raw-files/BaseApplicationsFiles_File_Microsoft.Windows.Widgets.winmd,36152,f3b410a5772de1ef0945719bb4d9cd24e78a21928ecd0f6703c2a9996cd88bca
raw-files/BaseApplicationsFiles_File_Microsoft.Windows.Workloads.Resources.dll,162144,8e4b403db0834020916269025fc6dc5dde8e2052a68e7723ff40c7ce2a9cc71e
raw-files/BaseApplicationsFiles_File_Microsoft.Windows.Workloads.Resources_ec.dll,174944,3d0844380974c844a7e29d60093849674cca36ff3fa818be8a23b4fe71d38ff5
raw-files/BaseApplicationsFiles_File_Microsoft.Windows.Workloads.dll,400696,59113b964eccfc5497c9a23ef15bc7eb843f0905f19728a597d0c8b3071ab3f6
raw-files/BaseApplicationsFiles_File_Microsoft.Windows.Workloads.pri,1680,b0c170307c815146a2ecbc4bb08b8d6223da167ff5c048e942ccd9a9a192ae86
raw-files/BaseApplicationsFiles_File_Microsoft.Windows.Workloads.winmd,11576,8260ec6eb9c2333ad0ee48b72be382da13583c4304cf20342657b118e8f753b3
raw-files/BaseApplicationsFiles_File_Microsoft.WindowsAppRuntime.Bootstrap.dll,394040,a63d0d7f5e3e863e0781d0a9467011598189f7149a169b91296fea90a31e9906
raw-files/BaseApplicationsFiles_File_Microsoft.WindowsAppRuntime.dll,2600248,9e69baef0cca50c4c51bce45fd662ee7a77cbf9c3531b9c4e45e246ff2f62605
raw-files/BaseApplicationsFiles_File_Microsoft.WindowsAppRuntime.pri,11296,0ec8d17e6ce296ba51aa539f8f3fc1b93b8bb53c20c82ba440f07e5cd1ce081e
raw-files/BaseApplicationsFiles_File_Microsoft.Xaml.Behaviors.dll,145272,8f782ad7adfdeeaa933183065aa7a0be9387abce6038e912455e78527b04adca
raw-files/BaseApplicationsFiles_File_Microsoft.ui.xaml.dll,15096672,2b22eb6130821f43a26239d441ef3a898bea24b1c1078b5941249431c4b4fbf8
raw-files/BaseApplicationsFiles_File_Microsoft.ui.xaml.resources.19h1.dll,566072,4568bfb9f87fa8a032c700d5ed01744a3f956f5973ebaee9798daba3b8021245
raw-files/BaseApplicationsFiles_File_Microsoft.ui.xaml.resources.common.dll,55096,63875af66a9a275e1500371260fd6007668d0f9f2e9f46de97194f354ed04e13
raw-files/BaseApplicationsFiles_File_ModernWpf.Controls.dll,712568,b22ce73d5946783db7f186aacafc0d6da6830bcff1e2bcd5f48ed8c49db874a8
raw-files/BaseApplicationsFiles_File_ModernWpf.dll,924024,4cb741674d81da17e6139d22bd6982e579aee06a414e816d8f3a25c41fcf09ab
raw-files/BaseApplicationsFiles_File_NJsonSchema.Annotations.dll,30072,3fa6400d2db5b5303778e456b7103409b1433f49734c4d287afd9ca22d29cfc3
raw-files/BaseApplicationsFiles_File_NJsonSchema.dll,252792,3fd82bab95d234942384b39158298e34c109a7489b7bda5be48e0b94292574ec
raw-files/BaseApplicationsFiles_File_NLog.Extensions.Logging.dll,73592,d85242b607be39e9616d74768d1e7be4211104d22d9159ac4304b680a7017ad4
raw-files/BaseApplicationsFiles_File_NLog.dll,949112,6fb0b78396f1a74606e3b355f31082d72a478652ba7d4abb208ee03048378d36
raw-files/BaseApplicationsFiles_File_NPUDetect.dll,287584,262729072ac5fafafd7ed22bb5a43a949af09177f4bef00aad91d535ee07a27c
raw-files/BaseApplicationsFiles_File_Namotion.Reflection.dll,81272,b4c763981b721d46cb1a1eb3285922ade244e224c12f8be3291cb039517a1c92
raw-files/BaseApplicationsFiles_File_Nerdbank.Streams.dll,228936,8095f4f2f8479d6263dd20cff555190184bfe2f20905babb2cde0fb26bb05578
raw-files/BaseApplicationsFiles_File_Newtonsoft.Json.dll,733504,3bf917f66b73352d83d47b4e429831eb1ff5766e0046f2995a64aac7724e2fc0
raw-files/BaseApplicationsFiles_File_PenImc_cor3.dll,157992,8052e85cd5a3ae9a939872b32de5b90a827456a21d8ccfc4d0c76599f1fcc217
raw-files/BaseApplicationsFiles_File_PerceptiveStreaming.dll,1760608,acc6ceac030b6464f5c25bf8c4fee79bfbddc60855541c0ccf0929de7d95b4e9
raw-files/BaseApplicationsFiles_File_PowerDisplay.Models.dll,69984,ef7b42b766a00e9adfeb28023c6f3275c88983d6a8348af400cf42955325dd34
raw-files/BaseApplicationsFiles_File_PowerToys.ActionRunner.exe,616288,2b34182ba624e0bc5eb36168aea804c85ced8cf27ae01cf8f53bfda0778b1068
raw-files/BaseApplicationsFiles_File_PowerToys.AdvancedPasteModuleInterface.dll,1017184,1d92d8930e49ed4c9648435ba2538c6726abe6e61a98bbe1632d4880fc7ec0da
raw-files/BaseApplicationsFiles_File_PowerToys.AltWindowCycle.dll,702816,e17037c0d220fac00c95d9a325747b4b3216836f28b3fb2a00cf7f1f12d1e7db
raw-files/BaseApplicationsFiles_File_PowerToys.AlwaysOnTop.exe,899424,1e1f00664e22f275b065b259c6f5454bd8b49fb693c04c9d515201e83a1d13c1
raw-files/BaseApplicationsFiles_File_PowerToys.AlwaysOnTopModuleInterface.dll,654688,b827b10709a7d721d43d04e4f65eda8e3bae354df95beb1fd66a74b099a45951
raw-files/BaseApplicationsFiles_File_PowerToys.Awake.deps.json,60538,5f903b97bcd1f16743503f7ba214b644687179b1b0c5e27030cec3db5eec96c9
raw-files/BaseApplicationsFiles_File_PowerToys.Awake.dll,200544,01d4d3232bcc0c0e1ac5ebc40e857fbc01c276dc3be3dded28c7ef73d6a293c2
raw-files/BaseApplicationsFiles_File_PowerToys.Awake.exe,276832,9d5f21a2ff59867e4520b0305261d47105f8ba08bb26ce5d05a9bf016a15b8da
raw-files/BaseApplicationsFiles_File_PowerToys.Awake.runtimeconfig.json,867,1401ad3714099edb8aedded755dd6f5f780c5b7682c18e227ec76e8d1e6fa3bf
raw-files/BaseApplicationsFiles_File_PowerToys.AwakeModuleInterface.dll,668512,473c6f0f896e7dc78b055cc2b9ce2d8381f21c5e94d6560ba5edb6705bb42fbc
raw-files/BaseApplicationsFiles_File_PowerToys.BackgroundActivatorDLL.dll,66400,14f598307616d6a6e49a2416a624a61154dfd52be2bc214586a893f8e3f779c2
raw-files/BaseApplicationsFiles_File_PowerToys.BgcodePreviewHandler.deps.json,58896,837efb0182c4d382a6ded66a09f5d0691f21e3e0569d45245e8537d3e6c5e45e
raw-files/BaseApplicationsFiles_File_PowerToys.BgcodePreviewHandler.dll,43872,96530937a30f1f7c9108f4b34f37fd43d02c4004b4acc52a7a2e2e01c4b9b58d
raw-files/BaseApplicationsFiles_File_PowerToys.BgcodePreviewHandler.exe,172896,8febd0ece865fda71c3c11b182e5cac25a487285b06504dc66499851a43bc746
raw-files/BaseApplicationsFiles_File_PowerToys.BgcodePreviewHandler.runtimeconfig.json,867,1401ad3714099edb8aedded755dd6f5f780c5b7682c18e227ec76e8d1e6fa3bf
raw-files/BaseApplicationsFiles_File_PowerToys.BgcodePreviewHandlerCpp.dll,647008,40aa964223fba8071bea36b00dfc6bbbaaad1cb1e0bd916ae66ff0399678d579
raw-files/BaseApplicationsFiles_File_PowerToys.BgcodeThumbnailProvider.deps.json,56470,d0b8027d532756a62cf8a3c94bd3f3d3e06cbbfd8d536cf8650c1f885621962a
raw-files/BaseApplicationsFiles_File_PowerToys.BgcodeThumbnailProvider.dll,38240,0ce112aabdb0e347902bdc7a2f9bbef05fd77217f8cf8d9fb73dfd0e1e7030e9
raw-files/BaseApplicationsFiles_File_PowerToys.BgcodeThumbnailProvider.exe,172896,6c37d91fc022fa1894b174a10c52845c9f3a21dcffdf91316b35d18f5a995734
raw-files/BaseApplicationsFiles_File_PowerToys.BgcodeThumbnailProvider.runtimeconfig.json,867,1401ad3714099edb8aedded755dd6f5f780c5b7682c18e227ec76e8d1e6fa3bf
raw-files/BaseApplicationsFiles_File_PowerToys.BgcodeThumbnailProviderCpp.dll,652640,ba2e654b5656cd777ed2aec1fc091995f7f5901172c78b85e9cfc72121be544e
raw-files/BaseApplicationsFiles_File_PowerToys.CmdNotFoundModuleInterface.dll,679776,29c2eb89b038d31c584f511fd1324a6b6239287beedc7a97dcff4282e4209b96
raw-files/BaseApplicationsFiles_File_PowerToys.CmdPalModuleInterface.dll,805728,95b1a2f184641746f7252cb2b46a04c147df13682a1dee236d09abc0cbf6dd3d
raw-files/BaseApplicationsFiles_File_PowerToys.ColorPicker.dll,687968,e64090fbe7f94bcba6f2b5c8c467bf5b64c4d3070b229254153a567036e0dc19
raw-files/BaseApplicationsFiles_File_PowerToys.ColorPickerUI.deps.json,61270,beb566d293f9062245272e8ee56b12a88b1b205f9fbfd7cf3d6a7706c4f4e6d4
raw-files/BaseApplicationsFiles_File_PowerToys.ColorPickerUI.dll,433504,9027d8a96b5594917ceb47e0eac58d7e314c1a6129d3f79704f84d79920f4804
raw-files/BaseApplicationsFiles_File_PowerToys.ColorPickerUI.exe,300384,e5b41ab0d6891bbbd997e1ad7b3021f82b555c97f4f107dc9fafa6b7a33d5617
raw-files/BaseApplicationsFiles_File_PowerToys.ColorPickerUI.runtimeconfig.json,867,1401ad3714099edb8aedded755dd6f5f780c5b7682c18e227ec76e8d1e6fa3bf
raw-files/BaseApplicationsFiles_File_PowerToys.Common.UI.dll,24416,87870d198812b46bfa696499a4817c08c2cd6d352bfffb94b4475448aeb9df93
raw-files/BaseApplicationsFiles_File_PowerToys.CropAndLock.exe,880480,74e8fc77ad9edb65f3888bacd134dcb4307d7539201cd0226a91e7d3694aba44
raw-files/BaseApplicationsFiles_File_PowerToys.CropAndLockModuleInterface.dll,738144,ce86cafdff87c905b7660805f174b7c9f32ebbb1ca7accbb7dfd18259b9d48c9
raw-files/BaseApplicationsFiles_File_PowerToys.CursorWrap.dll,729440,d10240d6551b28e9a60fc9ad63bd3f88dfe9a76b07f49dbe77f7c8778adc0061
raw-files/BaseApplicationsFiles_File_PowerToys.DSC.deps.json,60388,8302e107d902474ab6bb7eaf03e88b2b3cc71c4158207e99ffa9ca69819ae09c
raw-files/BaseApplicationsFiles_File_PowerToys.DSC.dll,40800,8f29337f720f77eafce2e6aa17781d8dceb4d85a94ff530102fe9cc7da5a3ee2
raw-files/BaseApplicationsFiles_File_PowerToys.DSC.exe,172896,b92ce5ad69a9e9016ddb271713b0e10b3f28815d850cefd9ab613c8033223d45
raw-files/BaseApplicationsFiles_File_PowerToys.DSC.runtimeconfig.json,867,1401ad3714099edb8aedded755dd6f5f780c5b7682c18e227ec76e8d1e6fa3bf
raw-files/BaseApplicationsFiles_File_PowerToys.FancyZones.exe,1469792,673104b515374bba8b1df80720906cb14c5ff9a8e868ecdae1fccd071e5f87ba
raw-files/BaseApplicationsFiles_File_PowerToys.FancyZonesEditor.deps.json,74017,3da7eb7ee2844ae338f59de23aea6d02abb2bdf053e87119a84fd89f75d1e56c
raw-files/BaseApplicationsFiles_File_PowerToys.FancyZonesEditor.dll,345952,90abed4e06af9307a96a4f14c2b7e4a29fb741285d4ff79cc0a6d3ffb4d46878
raw-files/BaseApplicationsFiles_File_PowerToys.FancyZonesEditor.exe,231264,df67fd09c6e6f16f1e95e079702c294c636cd54f592ce719704d4eed2a77744d
raw-files/BaseApplicationsFiles_File_PowerToys.FancyZonesEditor.runtimeconfig.json,867,1401ad3714099edb8aedded755dd6f5f780c5b7682c18e227ec76e8d1e6fa3bf
raw-files/BaseApplicationsFiles_File_PowerToys.FancyZonesEditorCommon.dll,123744,bca6ffe7ba61d213d93ef6c0bc19491fbc4a5fd8dbacd505c086c448edc31224
raw-files/BaseApplicationsFiles_File_PowerToys.FancyZonesModuleInterface.dll,757088,6d69949ef8b97589d7b735fbb952ab690b2c52f76b536b425f0e1ccac3efb949
raw-files/BaseApplicationsFiles_File_PowerToys.FilePreviewCommon.dll,52064,35cb5f5e8e1d201d22db5d6b956195c04ae1a79469d36f25b90b6eeee6240ab7
raw-files/BaseApplicationsFiles_File_PowerToys.FindMyMouse.dll,797536,187f80630fbc118da071b96694ea383a6f2b2242a06af761cbae4713622b82ee
raw-files/BaseApplicationsFiles_File_PowerToys.FindMyMouse.pri,712,d73a4472411f61026c99246890ae5088b2a3995dff313afb93fdd60cf22a06e4
raw-files/BaseApplicationsFiles_File_PowerToys.GPOWrapper.dll,195424,f4fbb1d64c5926a5284294f4b569123005ead987c57136bbde2b74c8ea691a15
raw-files/BaseApplicationsFiles_File_PowerToys.GPOWrapper.winmd,8192,d9faf937680a65ae6e712ddfdc493ce048b833325a7b756319841a377070baba
raw-files/BaseApplicationsFiles_File_PowerToys.GPOWrapperProjection.dll,35168,f642cbdead32451433c5c5e9ba63ab4cc01f283c3e734867c9e243eed1a55ccb
raw-files/BaseApplicationsFiles_File_PowerToys.GcodePreviewHandler.deps.json,58872,579a50a55f05b20e657d283b6e02d1ae1338fe5a06661e52287c52fec1a76f99
raw-files/BaseApplicationsFiles_File_PowerToys.GcodePreviewHandler.dll,43872,4c34667aa92a6f5d84510159a578d1e80dd5a0e2af2ea51bc70194749d001bec
raw-files/BaseApplicationsFiles_File_PowerToys.GcodePreviewHandler.exe,172896,cf585fdbfe1d42fc0c05012d6572639eb6e1aa04f708207ab113d15862fc8d3f
raw-files/BaseApplicationsFiles_File_PowerToys.GcodePreviewHandler.runtimeconfig.json,867,1401ad3714099edb8aedded755dd6f5f780c5b7682c18e227ec76e8d1e6fa3bf
raw-files/BaseApplicationsFiles_File_PowerToys.GcodePreviewHandlerCpp.dll,647008,baf2f25ca64f782fa06c69cc4bbdd6dcc9ac0edbc0e32a2ba6e74e191727a848
raw-files/BaseApplicationsFiles_File_PowerToys.GcodeThumbnailProvider.deps.json,56467,ea20295ceded09ac8de4cb85a4baf84ba0b254f9e25a216cd7167084c236b40e
raw-files/BaseApplicationsFiles_File_PowerToys.GcodeThumbnailProvider.dll,38240,32be2daa168412ef1b40814564d72552187c08d5ca168cad45b2044abd005aa6
raw-files/BaseApplicationsFiles_File_PowerToys.GcodeThumbnailProvider.exe,172896,14060aef5ca933d0552da63a147146c31c635a95d413f5b46175600426cc5d6f
raw-files/BaseApplicationsFiles_File_PowerToys.GcodeThumbnailProvider.runtimeconfig.json,867,1401ad3714099edb8aedded755dd6f5f780c5b7682c18e227ec76e8d1e6fa3bf
raw-files/BaseApplicationsFiles_File_PowerToys.GcodeThumbnailProviderCpp.dll,652640,a08eea7a7d2a8b38b698a29f44789e77973c1549798446d1d5520ef9fc21d64e
raw-files/BaseApplicationsFiles_File_PowerToys.GrabAndMove.exe,738144,3da327420a4f523aa0dab7335e99f82dff7c57259dc6bb2d3c68715c81f1b5ae
raw-files/BaseApplicationsFiles_File_PowerToys.GrabAndMoveModuleInterface.dll,673120,3de4f9f9416c0450685fa28250609b386f7e33a8667ed75a9dcbd6ea689aff84
raw-files/BaseApplicationsFiles_File_PowerToys.Interop.dll,501600,32adb72bcfe3841c8986c3b024d52bd17b83bee5ffe8f09b0e3545361f025ae1
raw-files/BaseApplicationsFiles_File_PowerToys.Interop.winmd,10752,4e76d20a494a40dc76401f9268580f5589c9b2ff9d2e9421ee5878f5e329c069
raw-files/BaseApplicationsFiles_File_PowerToys.KeyboardManager.dll,700768,a99387a87ed853f39628e608c39c2e6e49d35cd27fcd0f855554a98afc95f9c4
raw-files/BaseApplicationsFiles_File_PowerToys.Launcher.dll,706400,d9594505d84391c85d1713bca461090f5ed092d2b568c8dac45be0c7c62cef61
raw-files/BaseApplicationsFiles_File_PowerToys.LightSwitchModuleInterface.dll,730976,6b70f907c7fd86073d87a50866d9c567866cbd50bb19915d4a5254021ec79256
raw-files/BaseApplicationsFiles_File_PowerToys.ManagedCommon.dll,114016,bda41514c5575e0fccd240c2609fc63559b94df3b70c40d26b71bf5c8fca75c2
raw-files/BaseApplicationsFiles_File_PowerToys.ManagedTelemetry.dll,21856,a6b3decf60df51361676a7e4bf8d33aa0608288f1b8ec49bc2051f06ba48f540
raw-files/BaseApplicationsFiles_File_PowerToys.MarkdownPreviewHandler.deps.json,64312,9870332aa9c355cc054a468ffdb2e9945a87157689ba1d01b77fcda1245d90f3
raw-files/BaseApplicationsFiles_File_PowerToys.MarkdownPreviewHandler.dll,55136,e47fcc38944ab5920aa49a31a2d0fef212865d1f5a62a65a08012a1767bed9cc
raw-files/BaseApplicationsFiles_File_PowerToys.MarkdownPreviewHandler.exe,172896,d48704360aa8c8d5a3f572a055b176d50d58206f386cda49b2760beb3fd00cd9
raw-files/BaseApplicationsFiles_File_PowerToys.MarkdownPreviewHandler.runtimeconfig.json,867,1401ad3714099edb8aedded755dd6f5f780c5b7682c18e227ec76e8d1e6fa3bf
raw-files/BaseApplicationsFiles_File_PowerToys.MarkdownPreviewHandlerCpp.dll,653152,25511eb9f5749289e2f547ef0693e4c4a37c54cfab82f2a0557824564dd43c4c
raw-files/BaseApplicationsFiles_File_PowerToys.MonacoPreviewHandler.deps.json,64209,2ce32c619428faaea8c6ad090a01bc6f4ef9a556438646147eb8f11357af20a5
raw-files/BaseApplicationsFiles_File_PowerToys.MonacoPreviewHandler.dll,56160,723fb1db38231f6b82e99bab92865dc566c4fb5c3ad909bcf9464e7e81539fea
raw-files/BaseApplicationsFiles_File_PowerToys.MonacoPreviewHandler.exe,172896,117b107cef0c3ce7e0ca272e72f0c9428b7a88d7cf49b6df0f0e860811c31911
raw-files/BaseApplicationsFiles_File_PowerToys.MonacoPreviewHandler.runtimeconfig.json,867,1401ad3714099edb8aedded755dd6f5f780c5b7682c18e227ec76e8d1e6fa3bf
raw-files/BaseApplicationsFiles_File_PowerToys.MonacoPreviewHandlerCpp.dll,647008,62212e22b380499e3b6e7ce08bed2899c51d9fe051ce6ba4de3ca2efe7951c16
raw-files/BaseApplicationsFiles_File_PowerToys.MouseHighlighter.dll,790880,2dd5bbaf7dd52fc093eeb20ae0bc798d270658dc0ba2e856f3f97b0bcec7b0e0
raw-files/BaseApplicationsFiles_File_PowerToys.MouseJump.Common.dll,95584,57ebae0fa43325b1e021ce091b03986b6ec8b82aa4f20346b5c8d44572746e7c
raw-files/BaseApplicationsFiles_File_PowerToys.MouseJump.Models.dll,45408,da7b4edebbfb403c952bb22386d68742250d7c6fe49a16f611fcdfab02275c1d
raw-files/BaseApplicationsFiles_File_PowerToys.MousePointerCrosshairs.dll,765792,dc20bbb0530ed35c06df3a7964357f4c3abc7675083e5425e94e070b7e8a44b3
raw-files/BaseApplicationsFiles_File_PowerToys.MouseWithoutBorders.deps.json,89288,e3527c3feab80d25b576d0fd1fa03bef92354eb65a7695203c2faa14a82ce467
raw-files/BaseApplicationsFiles_File_PowerToys.MouseWithoutBorders.dll,890720,e0da8b0cb5471ad801db8be5482703a660c1eeadca6cc9cd960b370b1271209b
raw-files/BaseApplicationsFiles_File_PowerToys.MouseWithoutBorders.exe,312160,99805a821cfcc9d51dd4fe6c45f5011a6af05c3ed405afe436a3929116875c92
raw-files/BaseApplicationsFiles_File_PowerToys.MouseWithoutBorders.runtimeconfig.json,867,1401ad3714099edb8aedded755dd6f5f780c5b7682c18e227ec76e8d1e6fa3bf
raw-files/BaseApplicationsFiles_File_PowerToys.MouseWithoutBordersHelper.deps.json,89306,981d0feb61116389d60229d63427c2ee18e39a85a6f1e035deb59af26accae3e
raw-files/BaseApplicationsFiles_File_PowerToys.MouseWithoutBordersHelper.dll,247648,fd03caef070eb98149cb61cdcb2daa712c3ea546b221edebc9f4324e9101af8b
raw-files/BaseApplicationsFiles_File_PowerToys.MouseWithoutBordersHelper.exe,312160,e37c94cd2e21486cf80098d39952960c9bf2ef95fb03d2901edc317a668e5150
raw-files/BaseApplicationsFiles_File_PowerToys.MouseWithoutBordersHelper.runtimeconfig.json,867,1401ad3714099edb8aedded755dd6f5f780c5b7682c18e227ec76e8d1e6fa3bf
raw-files/BaseApplicationsFiles_File_PowerToys.MouseWithoutBordersModuleInterface.dll,735584,a4b8651b79fce7030347a60cd7be40240ff5bf3de2879cf262b3d3e98c7e7ca5
raw-files/BaseApplicationsFiles_File_PowerToys.MouseWithoutBordersService.deps.json,111249,bd6af7ee25894245dd7fca75c7f6fdf956a269a8ee1149337eb679a2f88b0c46
raw-files/BaseApplicationsFiles_File_PowerToys.MouseWithoutBordersService.dll,208224,48acbf48c4986b81abcf803af862545e64678850ca1f1db207074acffaf77cff
raw-files/BaseApplicationsFiles_File_PowerToys.MouseWithoutBordersService.exe,312160,bc96e570a8f6c94704579ac7f6f60e0e6c67005e26fa7eafb0a8272c1869d095
raw-files/BaseApplicationsFiles_File_PowerToys.MouseWithoutBordersService.runtimeconfig.json,867,1401ad3714099edb8aedded755dd6f5f780c5b7682c18e227ec76e8d1e6fa3bf
raw-files/BaseApplicationsFiles_File_PowerToys.PdfPreviewHandler.deps.json,56829,fecf2315788c0433c74219c32d05a6b1c93abc742b2041df75031eb1927917f8
raw-files/BaseApplicationsFiles_File_PowerToys.PdfPreviewHandler.dll,45920,c12601238055eb743e1e6a9671fc8097ac676c6f1d2a380e0c6d0ca476d36d2a
raw-files/BaseApplicationsFiles_File_PowerToys.PdfPreviewHandler.exe,172896,9e94aa353b53105a9f88e4b320b7143bfa05deb64906becf7072ef5a5d34f08b
raw-files/BaseApplicationsFiles_File_PowerToys.PdfPreviewHandler.runtimeconfig.json,867,1401ad3714099edb8aedded755dd6f5f780c5b7682c18e227ec76e8d1e6fa3bf
raw-files/BaseApplicationsFiles_File_PowerToys.PdfPreviewHandlerCpp.dll,645984,d536825052eae39929fa2b87202734125377cbaad2fcaabb73b2feedeaff8eb8
raw-files/BaseApplicationsFiles_File_PowerToys.PdfThumbnailProvider.deps.json,54466,1350ffbb9d7de0359f5964ff552bc37caaa8860b37a05591fbd9a43a6dd88e93
raw-files/BaseApplicationsFiles_File_PowerToys.PdfThumbnailProvider.dll,39264,24ba8f71454e5196a067a28598427421196854e20bf36c77e9ed7a254a3fcd0e
raw-files/BaseApplicationsFiles_File_PowerToys.PdfThumbnailProvider.exe,172896,d311af7e94658c86f4317324fefb13250ea0dc1c9cea8ab5c3c09cb6f5fe6d26
raw-files/BaseApplicationsFiles_File_PowerToys.PdfThumbnailProvider.runtimeconfig.json,867,1401ad3714099edb8aedded755dd6f5f780c5b7682c18e227ec76e8d1e6fa3bf
raw-files/BaseApplicationsFiles_File_PowerToys.PdfThumbnailProviderCpp.dll,653152,364aa6c7d9f044f0bed22a81d2541897d17fbaab1716d3dd067e39165a4235f4
raw-files/BaseApplicationsFiles_File_PowerToys.PowerAccentModuleInterface.dll,673120,1475a76c11ad5d1819e14aba15fd9fe63e47437ee8149a2224c967c42b5cc12a
raw-files/BaseApplicationsFiles_File_PowerToys.PowerDisplayModuleInterface.dll,920928,f347fbc208942b2e547ca11aca484774a5193a34013f5b52230e0f42ce31b787
raw-files/BaseApplicationsFiles_File_PowerToys.PowerLauncher.Telemetry.dll,19296,6d9c1f0b79c91ad0a2062a536f9cc9c1980fae776fdf22f77ee5e7c3e829f3d1
raw-files/BaseApplicationsFiles_File_PowerToys.PowerLauncher.deps.json,99168,80444bab8e163d5c80a68664a8d07b4a5eebd5e89eefb8adf41af3bd0586d42d
raw-files/BaseApplicationsFiles_File_PowerToys.PowerLauncher.dll,234336,c488c138cc10199c9b18d6688974ddf728c8ba170f488d448cdad2e01077ade3
raw-files/BaseApplicationsFiles_File_PowerToys.PowerLauncher.exe,192352,3a7a6899f9081832e5804f028b8cfbf6a6e1f59d3d124c6d172cc4fd21b90aee
raw-files/BaseApplicationsFiles_File_PowerToys.PowerLauncher.runtimeconfig.json,867,1401ad3714099edb8aedded755dd6f5f780c5b7682c18e227ec76e8d1e6fa3bf
raw-files/BaseApplicationsFiles_File_PowerToys.PowerOCR.deps.json,60942,f4656cd12d895b6fda04f6913b492e47c1b9be089d9a5cc33d47f3ea05feb712
raw-files/BaseApplicationsFiles_File_PowerToys.PowerOCR.dll,363872,412a88ead67336554fd695d0f3a1e235d93ea27bc45ea7ced75689aa126be185
raw-files/BaseApplicationsFiles_File_PowerToys.PowerOCR.exe,302944,266170af32c766c1f57247601c8395897050c6b28b205f1f9bab4cc4464d83ac
raw-files/BaseApplicationsFiles_File_PowerToys.PowerOCR.runtimeconfig.json,867,1401ad3714099edb8aedded755dd6f5f780c5b7682c18e227ec76e8d1e6fa3bf
raw-files/BaseApplicationsFiles_File_PowerToys.PowerOCRModuleInterface.dll,687968,4ea8066b1dd1711b63345594cac6c8607744eaa9d63d8047c6af31868e278b89
raw-files/BaseApplicationsFiles_File_PowerToys.PreviewHandlerCommon.deps.json,6063,93fc0cd0885e19bf4a489d38e56035ff09067a19b369383aec4d56765c050dab
raw-files/BaseApplicationsFiles_File_PowerToys.PreviewHandlerCommon.dll,34656,23511a032241a0960884783d490e108c473066a7aa7cda1ac07baa5f4207ed92
raw-files/BaseApplicationsFiles_File_PowerToys.QoiPreviewHandler.deps.json,58824,fe2460a8eaf7f4fcf7d407ea125cb119628aa4ff495842053a1de72d69da1eaf
raw-files/BaseApplicationsFiles_File_PowerToys.QoiPreviewHandler.dll,43360,14f3cc992a25eb8afcc73395cc42881d7f9e9a88a4c38f417c7c12f57529dd75
raw-files/BaseApplicationsFiles_File_PowerToys.QoiPreviewHandler.exe,172896,6b125a3b94df9fcc9fd8abac4a9ca9fb9205492032dfa61c6e351b5db57deaa3
raw-files/BaseApplicationsFiles_File_PowerToys.QoiPreviewHandler.runtimeconfig.json,867,1401ad3714099edb8aedded755dd6f5f780c5b7682c18e227ec76e8d1e6fa3bf
raw-files/BaseApplicationsFiles_File_PowerToys.QoiPreviewHandlerCpp.dll,647008,2a5eda30ddeae7c0df6456ec4763fcfa042187a21e7422742f14cd98a3691b50
raw-files/BaseApplicationsFiles_File_PowerToys.QoiThumbnailProvider.deps.json,56461,54a70b22f79e7eb724e3fb27223df4612871e18710529d9b0f564cb43d3fab1e
raw-files/BaseApplicationsFiles_File_PowerToys.QoiThumbnailProvider.dll,38240,33e82f658bb97535c55013a83f9c66024c1195b85b32d96d57f596ddcf7590cd
raw-files/BaseApplicationsFiles_File_PowerToys.QoiThumbnailProvider.exe,172896,e60c709fc0360f74e2f7f823952fa2b62873ef3644a5fd00ae73a5ebb6d57f90
raw-files/BaseApplicationsFiles_File_PowerToys.QoiThumbnailProvider.runtimeconfig.json,867,1401ad3714099edb8aedded755dd6f5f780c5b7682c18e227ec76e8d1e6fa3bf
raw-files/BaseApplicationsFiles_File_PowerToys.QoiThumbnailProviderCpp.dll,652640,599a548c54426805f741cc09e2fae5685b3fa9169fa8a94b8bf8fdfb0a52bfcf
raw-files/BaseApplicationsFiles_File_PowerToys.Settings.UI.Lib.dll,1290592,c14435c4dd871bb05b7b4a8c7123eb07b783883e85920e36d9a3be85ed8c5faa
raw-files/BaseApplicationsFiles_File_PowerToys.StlThumbnailProvider.deps.json,59440,a5c8fe28e16f94a877a55c40534a9cb7147633a02d22e004f7477875b6aa7ef2
raw-files/BaseApplicationsFiles_File_PowerToys.StlThumbnailProvider.dll,39776,7f8ea41f24951d22eb59f07203339cdf6e2d2806ff464a6f570d0de7ce38c113
raw-files/BaseApplicationsFiles_File_PowerToys.StlThumbnailProvider.exe,172896,a0cd6bc43b7908ecccdea6c73293ecef10857eb10bf37082796a2b3c9096d228
raw-files/BaseApplicationsFiles_File_PowerToys.StlThumbnailProvider.runtimeconfig.json,867,1401ad3714099edb8aedded755dd6f5f780c5b7682c18e227ec76e8d1e6fa3bf
raw-files/BaseApplicationsFiles_File_PowerToys.StlThumbnailProviderCpp.dll,653152,3cd014fcf5747d163454f9dde174b2fbbfdd89fe09090d20934d5c71e25fd35e
raw-files/BaseApplicationsFiles_File_PowerToys.SvgPreviewHandler.deps.json,62149,b6416728d2792b3aea2eabc6a6d4500c64e5acb4a6b7fd8424a4d104763dac8b
raw-files/BaseApplicationsFiles_File_PowerToys.SvgPreviewHandler.dll,60768,6ed44aafae0291a2336137c2380e1d4baee85ea209ff161c06c4fd12b1481d26
raw-files/BaseApplicationsFiles_File_PowerToys.SvgPreviewHandler.exe,172896,5885a4368eb3091783e159e7661fe4c404b1be092633e46db72043ea2acdc071
raw-files/BaseApplicationsFiles_File_PowerToys.SvgPreviewHandler.runtimeconfig.json,867,1401ad3714099edb8aedded755dd6f5f780c5b7682c18e227ec76e8d1e6fa3bf
raw-files/BaseApplicationsFiles_File_PowerToys.SvgPreviewHandlerCpp.dll,646496,d6eb9952c7696c0bf56216a49200506ac567f12688216e3c8eadb0c92d16a5d7
raw-files/BaseApplicationsFiles_File_PowerToys.SvgThumbnailProvider.deps.json,54518,dc41bd84203d2a6217320c8b0adb3a534c9261447997cc7b0f22e873c51ef20d
raw-files/BaseApplicationsFiles_File_PowerToys.SvgThumbnailProvider.dll,47968,cf91f84432e94c2c51e58ddfb299bb545555389e0c834597d89d5d9096b3f422
raw-files/BaseApplicationsFiles_File_PowerToys.SvgThumbnailProvider.exe,172896,fe56fcdca4eb04f79e706e74ac5418f4f7db78cb1c4a7cceb5aeef3584912585
raw-files/BaseApplicationsFiles_File_PowerToys.SvgThumbnailProvider.runtimeconfig.json,867,1401ad3714099edb8aedded755dd6f5f780c5b7682c18e227ec76e8d1e6fa3bf
raw-files/BaseApplicationsFiles_File_PowerToys.SvgThumbnailProviderCpp.dll,653152,90af58f80e588dd73223353f47f27bf81d14a77055114b37abf6116757d1cf73
raw-files/BaseApplicationsFiles_File_PowerToys.Update.exe,834912,c8a0e2df970200e522101b458cb3e3a7d05bf4e70cf6d868286228c04f730282
raw-files/BaseApplicationsFiles_File_PowerToys.WorkspacesCsharpLibrary.deps.json,4754,db61b95b1a1287cf10afb4868bdf518c5a60a8d94894ef3c9d7f0ad4877fdaba
raw-files/BaseApplicationsFiles_File_PowerToys.WorkspacesCsharpLibrary.dll,85856,e967f00188152634a4e6c9e98c42e78e2817bb8959ce5bbcc9cc1807b9808d54
raw-files/BaseApplicationsFiles_File_PowerToys.WorkspacesEditor.deps.json,61584,6b7eed2b92a98fdbaeb9aae7406f9d706203f41a24c85b331befd2c79613c279
raw-files/BaseApplicationsFiles_File_PowerToys.WorkspacesEditor.dll,596832,07209e792e815a6f8ccc33371f0b801d0652a9ae25df572b668cdb03892842e3
raw-files/BaseApplicationsFiles_File_PowerToys.WorkspacesEditor.exe,643424,539351e5880cb4ca24e97891734fb410aa39842372c08f463bee7756376c2bd4
raw-files/BaseApplicationsFiles_File_PowerToys.WorkspacesEditor.runtimeconfig.json,867,1401ad3714099edb8aedded755dd6f5f780c5b7682c18e227ec76e8d1e6fa3bf
raw-files/BaseApplicationsFiles_File_PowerToys.WorkspacesLauncher.exe,1587040,7e19705f02b48c3c251a96792109bcf5c0bdee2bab0fee97e5479ab7fe6ff803
raw-files/BaseApplicationsFiles_File_PowerToys.WorkspacesLauncherUI.deps.json,61680,bebe51b92edf21d03c35a1b5a83635da75522aec1d040adcb27ab1ce39692b11
raw-files/BaseApplicationsFiles_File_PowerToys.WorkspacesLauncherUI.dll,509280,9a2700ecc7cf60a222d5f53eef00b87bf90e5c5f276ec2f002e743a80ceab368
raw-files/BaseApplicationsFiles_File_PowerToys.WorkspacesLauncherUI.exe,643424,e267c49f099bcd6d64d8c7a1ec17c846126a06bd0bc03c7396a17e46bcc0e518
raw-files/BaseApplicationsFiles_File_PowerToys.WorkspacesLauncherUI.runtimeconfig.json,867,1401ad3714099edb8aedded755dd6f5f780c5b7682c18e227ec76e8d1e6fa3bf
raw-files/BaseApplicationsFiles_File_PowerToys.WorkspacesModuleInterface.dll,724320,71571d161bc9b432cf9f2fc9f0de716bfd66b3b2aa41c8527c15bd4116101275
raw-files/BaseApplicationsFiles_File_PowerToys.WorkspacesSnapshotTool.exe,1474400,4d54d328479c1cd1a3e72ee4793f3eca4e59e33cd7403e94043953b8788fff54
raw-files/BaseApplicationsFiles_File_PowerToys.WorkspacesWindowArranger.exe,1484640,f8f19240e484b25e97d1a14278e8fdb8d32aa6392b366008eb00dac738d9014a
raw-files/BaseApplicationsFiles_File_PowerToys.ZoomIt.exe,8691040,cd96ab584a207cd0fa16a987b7384f0aceb0c723bba84eda25eaeee494e93683
raw-files/BaseApplicationsFiles_File_PowerToys.ZoomItModuleInterface.dll,663904,1c2df73664cb7b6e73ebe5ab3a48cafbda3a562a88ff104262a45ce16e6dbdb9
raw-files/BaseApplicationsFiles_File_PowerToys.ZoomItSettingsInterop.dll,284000,e053f7e3dad2ddb5cf3fda17a4b5b5b5705b484d1bb2328a8573366a8b4ffa50
raw-files/BaseApplicationsFiles_File_PowerToys.ZoomItSettingsInterop.winmd,2048,d886d1296fea401e0ad71cc13bbcbeb7f36f6cc2df2b78afaef0e44f3b43938e
raw-files/BaseApplicationsFiles_File_PowerToys.powerpreview.dll,865632,b89ca36dcc16264cdfaca75bf968f77fabd7c8932d4db067f12cf4038d6d4de1
raw-files/BaseApplicationsFiles_File_PowerToys.pri,1356416,fe3e242dc12830dc55527d561707670423eed54f78c8e13c1792cc391aed634a
raw-files/BaseApplicationsFiles_File_PowerToysSparse.msix,10245,e65d76aa7f92e5bb784ca02c13f1f7b1dc8114d2002fda156553d771969c016a
raw-files/BaseApplicationsFiles_File_PresentationCore.dll,8324904,c2ac0752b0a3018331519b8aec6fa085346bfc59609ea29954821a0ab19ee839
raw-files/BaseApplicationsFiles_File_PresentationFramework.Aero.dll,440104,e8b0e3ef3dba55f865ae30b9da7225ec43ea666fb05b15fff7f2ff2bba241bf4
raw-files/BaseApplicationsFiles_File_PresentationFramework.Aero2.dll,444200,5673f7f99321cef2eba08453b5c94f723a48fe94e8b746c6882c022696fea7ea
raw-files/BaseApplicationsFiles_File_PresentationFramework.AeroLite.dll,239400,f6b5a3684bf1b036cf7cdc8b8287f9e098a15a106c51111d789db7e93c841a8c
raw-files/BaseApplicationsFiles_File_PresentationFramework.Classic.dll,272160,71cc82c96ecba63970a66bb7f05b37ae04eed20967e0906edce02cac7337897d
raw-files/BaseApplicationsFiles_File_PresentationFramework.Fluent.dll,980776,4a9bf1a9b7002b626e57615768c802bace6b835ad2bf2bf34bcc51bdecf79289
raw-files/BaseApplicationsFiles_File_PresentationFramework.Luna.dll,669480,d3a3f42fe8fa15e5655620fdd526300bc3ae94a63d1ba13ded1d899b2a304e75
raw-files/BaseApplicationsFiles_File_PresentationFramework.Royale.dll,333648,01f3efec49e73e83fe6561e51a01ad34dae52445f260c7217cd75a86e036ca35
raw-files/BaseApplicationsFiles_File_PresentationFramework.dll,15816528,fa9aa188f9c92dc95b4e56f303b1875244bf45786733948c79034fe95fb0cd86
raw-files/BaseApplicationsFiles_File_PresentationFramework_SystemCore.dll,38696,4f259c2085ac4453e42f465d62673d6b932bbc5a26d053461b65d605b04c392f
raw-files/BaseApplicationsFiles_File_PresentationFramework_SystemData.dll,34640,097cd5aab0816a52b8bf784afd6b587e66bdc68fd4c9089615026bdd706b2222
raw-files/BaseApplicationsFiles_File_PresentationFramework_SystemDrawing.dll,34600,de894badf00611f47c053bafbd45be4ccd73a945fb34b4bcd0fe8290740e69aa
raw-files/BaseApplicationsFiles_File_PresentationFramework_SystemXml.dll,34600,bf68aa126af58c0733846e1df00f705a18a2dda051ce120754eca5e27b585cf5
raw-files/BaseApplicationsFiles_File_PresentationFramework_SystemXmlLinq.dll,30544,1531f60dfc898626522ce3b59efa25e7b50e0886055e6f18d4558f400a4ecb0f
raw-files/BaseApplicationsFiles_File_PresentationNative_cor3.dll,1235240,42e2e543c17e1b37499baf00d956433b8afb655348ec0fae89c926fb7d149b6e
raw-files/BaseApplicationsFiles_File_PresentationUI.dll,1259344,5f0aacc579e63b5ff75f0ce77b03cdc68f819163fb7f3572de31433f4459284c
raw-files/BaseApplicationsFiles_File_PushNotificationsLongRunningTask.ProxyStub.dll,33080,7b22a66781c19aa2ef1d95295012a50621088d5f545fe09fbad12a32befa4119
raw-files/BaseApplicationsFiles_File_ReachFramework.dll,1570600,0a29d87be9b09a4e2c65f7f585715797cc71f77b091aed53a3b65a06250fdfec
raw-files/BaseApplicationsFiles_File_RestartAgent.exe,77624,aaec35e5217ff04c55731717c6aa1b41850e7f43ba3a70c10cc90ae41c4fb987
raw-files/BaseApplicationsFiles_File_SQLitePCLRaw.batteries_v2.dll,15224,b27ba15bd8092454c841510f00a6ba7e5be3e4026f9223069de1b1e4bdf483e4
raw-files/BaseApplicationsFiles_File_SQLitePCLRaw.core.dll,61304,5562626857aaec9d2b44ca0d3a585d01a9034cc588d5e64266be8aed3cd22e6b
raw-files/BaseApplicationsFiles_File_SQLitePCLRaw.provider.e_sqlite3.dll,46968,8d97f06418114f9d7ebfe0620b5fb4441ec4e9dbd9dea04d2229d96e23e275c8
raw-files/BaseApplicationsFiles_File_ScipBe.Common.Office.OneNote.dll,24952,8901e621b5c47f136065609c1cf8ca82649c1164aa7dce5c294e933ee12544a6
raw-files/BaseApplicationsFiles_File_SessionHandleIPCProxyStub.dll,34144,6e10a946454517255022f0c3756b310eda532300dd28ec289994569edadcb2e6
raw-files/BaseApplicationsFiles_File_StreamJsonRpc.dll,352824,1d4a9d7345ace6e3fa1452c747512220929ab0c29861955f4bb9a0fffc3708e0
raw-files/BaseApplicationsFiles_File_System.AppContext.dll,15184,36447d0e4c9c86352905726eaf37292c55caed5b87c74c22836ae8b0334395c3
raw-files/BaseApplicationsFiles_File_System.Buffers.dll,15144,7efc8dfef9548771ec328610de7b8e5c4308a8ea6b1ca73021f336fc00653176
raw-files/BaseApplicationsFiles_File_System.CodeDom.dll,476968,97700d9efaae699829db24da93bb1343e426c1990d5805e9181b24ff11a4874d
raw-files/BaseApplicationsFiles_File_System.Collections.Concurrent.dll,231208,569667e92dda0af323a9f289c6bbe7a046bab7354f9fa0d37fc97404a0499ed3
raw-files/BaseApplicationsFiles_File_System.Collections.Immutable.dll,976680,623ad5fa5ac38c460df0073f37fbb649e219ac486c926b822f77ebf02676d56c
raw-files/BaseApplicationsFiles_File_System.Collections.NonGeneric.dll,104232,8cf296b4868c0dea441c452c50ed5c322837bf736a7c173f46dda4ebdfeb4c0b
raw-files/BaseApplicationsFiles_File_System.Collections.Specialized.dll,104232,61702e1173c49f32e7b1804667a249f8709680f01859d46cf30e74197fedc1c5
raw-files/BaseApplicationsFiles_File_System.Collections.dll,296744,5aea9c285f011d1e83f05834e12632ee5ebf65da1d546e696f525af47101a3b0
raw-files/BaseApplicationsFiles_File_System.CommandLine.dll,205216,2158cfc2c484ebdec95fd9959c7eecaebe44657e1e1dee5abb78fc971276829f
raw-files/BaseApplicationsFiles_File_System.ComponentModel.Annotations.dll,198440,be6047dc8b7d2545c2dd099c6868d3736ecd81ea053c6714e9a6f92ff547358e
raw-files/BaseApplicationsFiles_File_System.ComponentModel.Composition.Registration.dll,50472,812d727593a8438cc2345307697f2a16476f6e072d5ddd2afd42ede0d9546984
raw-files/BaseApplicationsFiles_File_System.ComponentModel.Composition.dll,296232,1964ba10529f492a1d25faf7b0cb36a9edfd6f59c071e81aabf45ed7f38f368b
raw-files/BaseApplicationsFiles_File_System.ComponentModel.DataAnnotations.dll,16720,c4ad5b72e9461f82b6f5346af3b2f4f46d76763daaf51586943f99f1cc7d5afb
raw-files/BaseApplicationsFiles_File_System.ComponentModel.EventBasedAsync.dll,46928,704d58b299577d640f365a4541089d99d8187b3071ff680599d3640251e470da
raw-files/BaseApplicationsFiles_File_System.ComponentModel.Primitives.dll,79696,b671ae0e9463f65d2ad08366c890043fd570f7d3149bb57bc16b8d427d9684f5
raw-files/BaseApplicationsFiles_File_System.ComponentModel.TypeConverter.dll,767824,d24ca7be9b39ff4117edb0d207ff5ab1a0e1587557a3daaa44391f0b04d93816
raw-files/BaseApplicationsFiles_File_System.ComponentModel.dll,30544,615f1d4f821d25f46e61bc70dd879b4129daa754f42f427a23fa68c4dc74f09a
raw-files/BaseApplicationsFiles_File_System.Configuration.ConfigurationManager.dll,1046352,bd36ea6b9d4cb140d6f2b88b30678d9e2559a4ecde7ac5956828a84ae1f7a6d3
raw-files/BaseApplicationsFiles_File_System.Configuration.dll,19240,495b65cd3c8488fa39a4905f072d14b336a5851c87f1b70d3b57afc565025a9f
raw-files/BaseApplicationsFiles_File_System.Console.dll,169768,a50d6f54e509342c49b6b7c8d72684f68701fc97fade19956d4618a4a30e84fa
raw-files/BaseApplicationsFiles_File_System.Core.dll,23336,c4908dd3c89942880310cd1c19cc2dca2c8ce3d564be04be80897cb7f5b9d351
raw-files/BaseApplicationsFiles_File_System.Data.Common.dll,2770728,951bc9ff57eea7c382eb75cc595a9598afde341db853291b937be37da6ca3e81
raw-files/BaseApplicationsFiles_File_System.Data.DataSetExtensions.dll,15656,abd30bf053ce162967b8ee2b95e4a4a60ddf288bb959cd64dfc107bc6c7d762e
raw-files/BaseApplicationsFiles_File_System.Data.Odbc.dll,298320,a99264cf44f33638ae55a83421d501dba8c94c948d3820170ca3df2353be43c4
raw-files/BaseApplicationsFiles_File_System.Data.OleDb.dll,415528,1479ca00ac14e813ed088b3735fa846cb05c85d31aefe6906680c15de2fd226c
raw-files/BaseApplicationsFiles_File_System.Data.SqlClient.dll,1027344,9d864a90b92bded2e59baf4a4bf37c6d3aca31316c8918e062d18995a895bfcc
raw-files/BaseApplicationsFiles_File_System.Data.dll,25384,ef6e30cc3aa9c93ca43f58f3cdc763ed31614b35ce835be57cb7da57358d2734
raw-files/BaseApplicationsFiles_File_System.Design.dll,23336,50250d023c53b39520dff62d7263e70cd432e2a2355b8b16320ced2dcf0fcd08
raw-files/BaseApplicationsFiles_File_System.Diagnostics.Contracts.dll,16168,764267aee046b300a4598eea0fa328348ec496c01281b31d00573a25ad8bd58f
raw-files/BaseApplicationsFiles_File_System.Diagnostics.Debug.dll,15656,44b71cb2bc82e2e93c99c095a0e493f3c4afc0e50aafe8e91849629da295e6dc
raw-files/BaseApplicationsFiles_File_System.Diagnostics.DiagnosticSource.dll,501544,3e8ff9bb002715f5ab50263f6fe7c340355a5a963c03821c3a240ffa36b9f223
raw-files/BaseApplicationsFiles_File_System.Diagnostics.EventLog.Messages.dll,800552,48b87f5f629d05588fa885628bf3febf96ad731e5294664feda288ffe62d2ea9
raw-files/BaseApplicationsFiles_File_System.Diagnostics.EventLog.dll,366416,9d49f6a312b511677c6aa47fb50c5f8ca3f0041090dd76c3363dea99428b13e0
raw-files/BaseApplicationsFiles_File_System.Diagnostics.FileVersionInfo.dll,46888,cbf1da7048153697f1c47175b61579e5f8e79e178d62b04787d626055ed9792e
raw-files/BaseApplicationsFiles_File_System.Diagnostics.PerformanceCounter.dll,300840,3daab70f7ea0663258ca764b8273d67a9d41d1d6cb3d2a21440b8967a7b86593
raw-files/BaseApplicationsFiles_File_System.Diagnostics.Process.dll,329512,2b4871e02b366113c6ccf3b1436fadde5e69fc0a3e3ac421e2fa0f7af8c2bc3b
raw-files/BaseApplicationsFiles_File_System.Diagnostics.StackTrace.dll,46888,6578cef25cba5dcd0f7c34f2bbe6fad5c2cb59b601ab708c5f3e8d1dbfc60a95
raw-files/BaseApplicationsFiles_File_System.Diagnostics.TextWriterTraceListener.dll,67368,65fbeb64bd73d658860c4a65799c1e57edc2d985e73fec1fe585b1dc660b1c91
raw-files/BaseApplicationsFiles_File_System.Diagnostics.Tools.dll,15144,4bfc11bebae21c6a604f090f8ec94ce2d76d57fcfeafd8ffc9beb139af2a086e
raw-files/BaseApplicationsFiles_File_System.Diagnostics.TraceSource.dll,141136,63e22e512f3db18ab51d57663364479ce56fcd924085fd0d6bd136f299106fa6
raw-files/BaseApplicationsFiles_File_System.Diagnostics.Tracing.dll,16168,3275b203f9ec3d62c6a6c57b0771513f99f5c3d81cb4505b77ee679165fed800
raw-files/BaseApplicationsFiles_File_System.DirectoryServices.AccountManagement.dll,303952,ea42a5e4ad6836d8dfa9e067bda089842daab66b7af8ee65f9a64cb60c737b28
raw-files/BaseApplicationsFiles_File_System.DirectoryServices.Protocols.dll,182056,b5b77f0dea12264ed3c18919b4201c92fcb2f628c43d84ce685496053d87a1e0
raw-files/BaseApplicationsFiles_File_System.DirectoryServices.dll,1021736,a5f5d8a09f176174397a076a08f30d532e3035136e6b725a9c5b6b061429fe33
raw-files/BaseApplicationsFiles_File_System.Drawing.Common.dll,923472,1da14a3fda965ba22320026099df2b0388f1b85d417fecb14be86d9b0170a89e
raw-files/BaseApplicationsFiles_File_System.Drawing.Design.dll,15696,c2a5c1f2d68683bf2b2d5207f07cd73cc90bc8ea26d82691d8633fb6b10b1d9a
raw-files/BaseApplicationsFiles_File_System.Drawing.Primitives.dll,132904,e8c09040a03d506e08e8165cba4e80cd2d69fb26629d7df65b0d72c1a290c216
raw-files/BaseApplicationsFiles_File_System.Drawing.dll,20816,e962e9cf231ab5d5d8dca30ec1fbc1c2e22020e5a9451018ea50ff21fb7fb6ef
raw-files/BaseApplicationsFiles_File_System.Dynamic.Runtime.dll,16168,00b37b775253d8011e0220bacadda3566224272ea787cb0c4cc24fa6b70643ff
raw-files/BaseApplicationsFiles_File_System.Formats.Asn1.dll,239440,ae3627515191e83d6ea062d3566af536a587d8f04ca6cce8aa71599b092d4a25
raw-files/BaseApplicationsFiles_File_System.Formats.Nrbf.dll,137000,a8ae7b08354ae3f024c54ed6aeddb73ad9d4beab1f08fa1340a1c05feceaecd1
raw-files/BaseApplicationsFiles_File_System.Formats.Tar.dll,272208,d630c4db760a4a793f7ff3df0a3f6edeec40bcb94307e92ac493ad2d3eda1eaa
raw-files/BaseApplicationsFiles_File_System.Globalization.Calendars.dll,15656,885967adb01ef10e764ef54a0f6d646fd41deab81bd80908407d0ba8f834dcac
raw-files/BaseApplicationsFiles_File_System.Globalization.Extensions.dll,15184,5dc6a7838a0b2f472fdc093fd1206c61df3494c66d1e5bfb1081ee00a372f50b
raw-files/BaseApplicationsFiles_File_System.Globalization.dll,15696,28db274e2cbb417c61c346d437a0c8265fc0b3bb93cba7330e5ef75cb4d16226
raw-files/BaseApplicationsFiles_File_System.IO.Abstractions.dll,15224,55c31efca60b930531252085f1208633cc72c0819930f45d98249c27a6b856d9
raw-files/BaseApplicationsFiles_File_System.IO.Compression.Brotli.dll,83752,f6ac00e499ec8f6cd60e092c83391ea9bc176baabed66e9479ddcea796de3448
raw-files/BaseApplicationsFiles_File_System.IO.Compression.FileSystem.dll,15184,aa87020c837176940637a4c672b2f2b33fd2517506fa12cae1f655ff1e515cc6
raw-files/BaseApplicationsFiles_File_System.IO.Compression.Native.dll,937296,5869c7b088d1886f19f91b8be0d4b6db89ddb07dcfb02fb7dd759c92ef722919
raw-files/BaseApplicationsFiles_File_System.IO.Compression.ZipFile.dll,100136,88d270860e5c00343057793d6a9b63b7e4cfdf847e62d8161a6ac8d1aa4bffb8
raw-files/BaseApplicationsFiles_File_System.IO.Compression.dll,419624,99fc38bd6a7defd709b7459ff7e454543c15442d1c295238094504b6301a1050
raw-files/BaseApplicationsFiles_File_System.IO.FileSystem.AccessControl.dll,104272,1d5f0b64af1920709aa26d5b38991787b458eaa6da8bb8d86b4bb46ca0434026
raw-files/BaseApplicationsFiles_File_System.IO.FileSystem.DriveInfo.dll,55120,9a7268c66cc9a63128c2d23c4abb0eec155e59f352f5a6859eecff62912dafbf
raw-files/BaseApplicationsFiles_File_System.IO.FileSystem.Primitives.dll,15184,6bf2b62e83f43b9e2a679abdcab875f37280a36e4c6e9feab99a410ab43f846c
raw-files/BaseApplicationsFiles_File_System.IO.FileSystem.Watcher.dll,87888,a03f59c4562fe7c1e8f768765b1637239f145c37d4805c8c693ae48f426828eb
raw-files/BaseApplicationsFiles_File_System.IO.FileSystem.dll,15656,1d619955d7495e7e040c446fb1a24fa4ff4b9145f9a7d39dd90e92c59666930c
raw-files/BaseApplicationsFiles_File_System.IO.IsolatedStorage.dll,87848,66e5ef5d0e23b4edd96f6d19b32d3e0a04ce57270d5ac55acced2bf177bbf68d
raw-files/BaseApplicationsFiles_File_System.IO.MemoryMappedFiles.dll,83792,21b24bb967a254328e2644e2dbfe00e1205463663504819bbfcae6f6b43d426d
raw-files/BaseApplicationsFiles_File_System.IO.Packaging.dll,321320,81b79f1aa729fc08fb39d56682f82378589f2f2b5a0b9997a7a1cd10be5d3a11
raw-files/BaseApplicationsFiles_File_System.IO.Pipelines.dll,190248,93ce5ddafb25ba6aeae208ffc750da0f243f25e89fe7dbc5287e1d8b4f26a2e0
raw-files/BaseApplicationsFiles_File_System.IO.Pipes.AccessControl.dll,15696,d7c4e7f1a4cbada634b82e5939de9d9b3c87cc44ba8d4c1319bae0a796083e3c
raw-files/BaseApplicationsFiles_File_System.IO.Pipes.dll,165712,244167c32b3db092253e21a2301afa1e763fc861ca8a2304cb29feb773b85322
raw-files/BaseApplicationsFiles_File_System.IO.Ports.dll,88872,9d694a86e9894a37d12972c8cb673198d569450f29dd53c84d6170a12fefcd39
raw-files/BaseApplicationsFiles_File_System.IO.UnmanagedMemoryStream.dll,15656,a988846408abf1513ac7ab81a9f72218ffcab410b2a06caf3844677604032075
raw-files/BaseApplicationsFiles_File_System.IO.dll,15656,7a820716ee9ab010ea624b9448ea1acb4c78b0f79dfc9d98db01b7f99c610b6a
raw-files/BaseApplicationsFiles_File_System.Linq.AsyncEnumerable.dll,1292072,0009a3da0de5b968f777f715103c873a5de5f1840b870c95f6b7c11ac05246c4
raw-files/BaseApplicationsFiles_File_System.Linq.Expressions.dll,3639080,f5d05f16c2f31ae822bca8db63019067c8d83b09376b0a60c38b9c98fa0e088f
raw-files/BaseApplicationsFiles_File_System.Linq.Parallel.dll,776016,d8cdfa91b3cedc1d928848a2724f230b130ee549e8b9008ad38e3ed10e8e9af6
raw-files/BaseApplicationsFiles_File_System.Linq.Queryable.dll,182056,eddadcb60dd56a06eb83f6f1284f9ae42c181af3cde4b19350938b1930d6f531
raw-files/BaseApplicationsFiles_File_System.Linq.dll,698152,139264775432faf15a813e607e1919ea869d3321079ba134ffa36b350577c271
raw-files/BaseApplicationsFiles_File_System.Management.dll,314152,4bdf3b8bfb227ca148eb3a90aa8d0bd4f635460594054d65f73ab306ef9f0ff6
raw-files/BaseApplicationsFiles_File_System.Memory.dll,161576,58a4dc8a9efac1fe0ee67138b0dda35b2b812addc14c5d8251cc222b278a5c2d
raw-files/BaseApplicationsFiles_File_System.Net.Http.Json.dll,128808,552422be522e40937de77bdcaee0575282d2f2d449b19dd81f1a3ef23e85b73f
raw-files/BaseApplicationsFiles_File_System.Net.Http.dll,1746728,8ae9f649d43f1f3fb635170784bcb753d305bc36a42703b4b0bedb15a29729f0
raw-files/BaseApplicationsFiles_File_System.Net.HttpListener.dll,534312,c3bbbb42561e9de67da6accd846fa710944d38b4bde88ee111943ea4afb5b82f
raw-files/BaseApplicationsFiles_File_System.Net.Mail.dll,481064,5e053f23212c0f0eb0ee1a17a94ced79afd7d8d2175b35f2750b85eb570b5db0
raw-files/BaseApplicationsFiles_File_System.Net.NameResolution.dll,124752,1003e24eaf96e8aa019b188fefabab4a6ca488d5c51e70600140bfa4dabe3bda
raw-files/BaseApplicationsFiles_File_System.Net.NetworkInformation.dll,157480,47b220c9a183125c8cf9e2a7b21b45947b3b1951412d719d7c5f047277c4927e
raw-files/BaseApplicationsFiles_File_System.Net.Ping.dll,91944,c337caf03b0d50c7cf4a4822872bd34603d11e7f689d211ecaea3ee74f65518a
raw-files/BaseApplicationsFiles_File_System.Net.Primitives.dll,210728,e678e0129a87751c624cbe2e3ab83d55055a091a5b77d8138f02255deda4b6c4
raw-files/BaseApplicationsFiles_File_System.Net.Quic.dll,358184,a02b202989ff28adee64fae1c9cc7290057ca2f234ed7a05c647617399e6d4c7
raw-files/BaseApplicationsFiles_File_System.Net.Requests.dll,374568,f2735dd7adbc04c505805e9f069f9d545f34f1ff689e2a9d6bcda1a2480d3da7
raw-files/BaseApplicationsFiles_File_System.Net.Security.dll,665384,1605bb05b7cd623dc79c8f4ec2e10ea5779b5bd343f909a9c0dece472ee2a8f2
raw-files/BaseApplicationsFiles_File_System.Net.ServerSentEvents.dll,83752,792c085fff01183ac597f69bf33db289d7301aabde1cc388904621a47efe719c
raw-files/BaseApplicationsFiles_File_System.Net.ServicePoint.dll,15144,9645242a547b02bc0cbfa78c365fe8cbf02869c182debe4ce37bac32be1ca42b
raw-files/BaseApplicationsFiles_File_System.Net.Sockets.dll,530256,b4bf19b0c8e412b9d0f479fc5268bf44e04ca656cd121044ca51f2652595af6c
raw-files/BaseApplicationsFiles_File_System.Net.WebClient.dll,165712,ab06cb5eaff5ca00045dd847e167f0107a53114aca47d26ed3500adf38bd142b
raw-files/BaseApplicationsFiles_File_System.Net.WebHeaderCollection.dll,63272,7abfc26269a95cec0d93ca2a6b8148aa45d504c8f50a62fbbbad72408966d45a
raw-files/BaseApplicationsFiles_File_System.Net.WebProxy.dll,42832,d6f5fbc775d7b1639c1740e3e10834f6fb729fc5fe7619b972df79d528abaf18
raw-files/BaseApplicationsFiles_File_System.Net.WebSockets.Client.dll,104272,ff5d42603b662a634857dcc6e1239547025d03794aea4f84d624579765c23ba9
raw-files/BaseApplicationsFiles_File_System.Net.WebSockets.dll,243496,36fefd219495298b0b28a6bbf1d99fb9b2471467f5a0d382af9730f0a32fc8f1
raw-files/BaseApplicationsFiles_File_System.Net.dll,17232,d7a4c693b1922e0e69aee3597ac72c25e0a5e1d3ac2d1072d7d8dc854d27e488
raw-files/BaseApplicationsFiles_File_System.Numerics.Vectors.dll,15656,6beaf983fa8c33d25160c7a77e185967e8f113a5c02e6dc27f05f26e1b34763c
raw-files/BaseApplicationsFiles_File_System.Numerics.dll,15144,fd4f0bc0541231fc01c21cab517a948019d4c9adbf66f81b65b276298e6ab922
raw-files/BaseApplicationsFiles_File_System.ObjectModel.dll,79656,16d9a18630f1d33ec7a709ab2f31652c91ebdfbc7a5a481378aebe2e1102ffc2
raw-files/BaseApplicationsFiles_File_System.Printing.dll,968488,ec96107496d33dfea819bb17be9b2ee7aa4cd456317d878ab1ae1c5dcc9cf53c
raw-files/BaseApplicationsFiles_File_System.Private.CoreLib.dll,16033616,ed80a1a5dd066c0407ad59686f9af90a4f3e55dbf3e4c973b53cc8c9d0706f82
raw-files/BaseApplicationsFiles_File_System.Private.DataContractSerialization.dll,2062120,631a7719e6e67e4f86e553031c56038eafca2ab5fa161c8cff786a92838a0255
raw-files/BaseApplicationsFiles_File_System.Private.Uri.dll,255824,0546093ec627bf832c244be56d9acca471778385c534e0107f2a6dc6a78f93d2
raw-files/BaseApplicationsFiles_File_System.Private.Windows.Core.dll,1906472,a36f0a0545a03b5f852dbcc1915865b22c9d0553a115585342c474357fd8b649
raw-files/BaseApplicationsFiles_File_System.Private.Windows.GdiPlus.dll,427816,601d66965c00f6a5d26ba795f0b711d69976ddc1aa66119643f38fdd08904869
raw-files/BaseApplicationsFiles_File_System.Private.Xml.Linq.dll,390992,0f4d2be70f3715853dca3bd6c9b67de7738a5f4ec6e9959f526ef1dbf1f7fa8e
raw-files/BaseApplicationsFiles_File_System.Private.Xml.dll,7788328,d570b8cb9507f2fcac88f80a2fe7597d3e2331a84f337820a7d794632a67ed5d
raw-files/BaseApplicationsFiles_File_System.Reactive.dll,1405008,0cf16813b64231215a3d218d949391e18a38a145b0f1aaabc12d520c1eaf9d4f
raw-files/BaseApplicationsFiles_File_System.Reflection.Context.dll,83752,14a28bfc6f8d843f23d751f8a0d0acf6f4e7e6a926e9e7e1b0fa874b5bab4b74
raw-files/BaseApplicationsFiles_File_System.Reflection.DispatchProxy.dll,75560,a08a235c45e6944b3a086f3df03e55b38a5958e7126948847eb33261fe1ca10b
raw-files/BaseApplicationsFiles_File_System.Reflection.Emit.ILGeneration.dll,15696,5e38d9d71ce8fbab210a590f20543b19a2bf0cf1265f3ed78d63519e3b73b979
raw-files/BaseApplicationsFiles_File_System.Reflection.Emit.Lightweight.dll,15656,c15be07e2131fdc8806d47e222b58e545981c2a3e7dc9c069a6c6076271a291f
raw-files/BaseApplicationsFiles_File_System.Reflection.Emit.dll,309072,b4208981583d74994aa4d855e12788676fdebce63ba848be63a6e0a7fbe2cb3d
raw-files/BaseApplicationsFiles_File_System.Reflection.Extensions.dll,15144,4e6967d52cbc95ae9eda01b8d8705f59c2c56f8b69471efaa6eca8f0e22a9a6a
raw-files/BaseApplicationsFiles_File_System.Reflection.Metadata.dll,1156904,97152d5c07e1e5d7f080f871eff211ccdbecb2496e4eb1b086005cbd3656d431
raw-files/BaseApplicationsFiles_File_System.Reflection.Primitives.dll,15696,d1ba728fab43e22821a1b19c508667995c0df10ee98d1f19e63aac94098ca8f5
raw-files/BaseApplicationsFiles_File_System.Reflection.TypeExtensions.dll,42792,fbf5445d2a288ddce3bf163a6b692dbf97a10f6a17bb9de7c0d2d71387c6e440
raw-files/BaseApplicationsFiles_File_System.Reflection.dll,16168,80fb9e206044c6f1c02bcc6895e2ce432119c670ea12248a6cba112afa78a9b6
raw-files/BaseApplicationsFiles_File_System.Resources.Extensions.dll,194344,bde0bbbe8210ce184e34f95995af65dbd42b0d526fe1ab27d9c40c825e07a83a
raw-files/BaseApplicationsFiles_File_System.Resources.Reader.dll,15184,ae5e53448adf49f3bb0e6fcc4df836bcd413ce0eeeaad0b94f7363ad238d71dd
raw-files/BaseApplicationsFiles_File_System.Resources.ResourceManager.dll,15656,c3456835cfbd88d081a3ee4030ce533cb6fbb27ad0f60f954a5ae7d45b1422cd
raw-files/BaseApplicationsFiles_File_System.Resources.Writer.dll,50984,a478bbfeac355e728d914f6f5e1e893ab1454c6f92d28da84ff0a75f04476277
raw-files/BaseApplicationsFiles_File_System.Runtime.Caching.dll,92968,3bcf92b286fdabd4e4aadcc4d6225659be251d699925ffd1f2b5144b9a94a28b
raw-files/BaseApplicationsFiles_File_System.Runtime.CompilerServices.Unsafe.dll,15144,6f396205abe594c9c72e618f4278657b4ff9da9cd2bc17d8083481b287838ecc
raw-files/BaseApplicationsFiles_File_System.Runtime.CompilerServices.VisualC.dll,30504,67483e224e8019d1d725876485a6fca81dd977d5254cf26d79a26f2a73207fa9
raw-files/BaseApplicationsFiles_File_System.Runtime.Extensions.dll,17744,633f210388e326f0a2fba3148312fb2900a9e0ba32f08015bb606abc44a3d634
raw-files/BaseApplicationsFiles_File_System.Runtime.Handles.dll,15656,834ed37905ecafb69c3d33d1b659e5f8216cef9995cbfcc7b2cf858752add880
raw-files/BaseApplicationsFiles_File_System.Runtime.InteropServices.JavaScript.dll,51024,6fedecfa2fb691e50175dccf64860da8dd147b9d64d942997259a79a7edb77d5
raw-files/BaseApplicationsFiles_File_System.Runtime.InteropServices.RuntimeInformation.dll,15656,506dc257f2f039746172057cf574992d4db07e31f9338b0ab2d90e88d385c472
raw-files/BaseApplicationsFiles_File_System.Runtime.InteropServices.dll,112424,9d0621f1e573bd20525287533bea24ec7824813eada7820a0c82252ede072ab9
raw-files/BaseApplicationsFiles_File_System.Runtime.Intrinsics.dll,17192,c44fc7c6f2aff4a9c8b9a0b6abfd2c1b65a762b69fa982fcfca28c6001d022e3
raw-files/BaseApplicationsFiles_File_System.Runtime.Loader.dll,15656,c858230d105ec1225cd58ec22623bf59bddee9dfc7077d7f93957d3321ec55f7
raw-files/BaseApplicationsFiles_File_System.Runtime.Numerics.dll,354128,cadca5367aec4fb54df4a81cd033c62228f3e100736ef9701aafcd13123a5ef4
raw-files/BaseApplicationsFiles_File_System.Runtime.Serialization.Formatters.dll,124752,ae2d71a1c6231a7e4c9f0264666acf90f743460ae7983d5331e9ad0271e7ad88
raw-files/BaseApplicationsFiles_File_System.Runtime.Serialization.Json.dll,15656,7e44e9979e6c539e7ad22846ac9c6f250e888d28411ba88761122095dfed9727
raw-files/BaseApplicationsFiles_File_System.Runtime.Serialization.Primitives.dll,38736,e15940836e5b22e89a0b7febfa0de2f158855563d9cca0ac36a84e4be9e3e683
raw-files/BaseApplicationsFiles_File_System.Runtime.Serialization.Xml.dll,16680,286bbafd589189f1d684831c33dd81a4650e12b73db70920ba5d4e0a477fd33a
raw-files/BaseApplicationsFiles_File_System.Runtime.Serialization.dll,17192,2092ad8e233c2a01a8dcc640ab218c1eabc059f6bebaaa8f81d1ce8225a939a0
raw-files/BaseApplicationsFiles_File_System.Runtime.dll,44840,ef6d37d9334fcdf7c7e4b9590b730eb5ba623192d47f0cbe4ec478962625e586
raw-files/BaseApplicationsFiles_File_System.Security.AccessControl.dll,227152,5fda871ac0ab09ba62884ba4160b5c84f8d9513d16c773b7d01e3b82dae905b4
raw-files/BaseApplicationsFiles_File_System.Security.Claims.dll,100136,ca5a036a17ed63c6f90d92570c657bcec451dc2c894b1ffff0688855b61e455c
raw-files/BaseApplicationsFiles_File_System.Security.Cryptography.Algorithms.dll,17192,35677214a8b8388d82ff5bf45789790fa048612f6aca8b8f71efb3aa93ef70b1
raw-files/BaseApplicationsFiles_File_System.Security.Cryptography.Cng.dll,16168,328a4ea1c05177e97f65a24d68268c96674bbfbcfb5bc3906229eea2c46ac6d2
raw-files/BaseApplicationsFiles_File_System.Security.Cryptography.Csp.dll,16168,0be1ded6ac6b8bdc53d0d49bb01292770f9a022fe7d2d2f1a480223eca5ca6ba
raw-files/BaseApplicationsFiles_File_System.Security.Cryptography.Encoding.dll,15696,09fbbd2934040ba1260775f34a8b901f5f9edec9bd1a2203b3726686006b7829
raw-files/BaseApplicationsFiles_File_System.Security.Cryptography.OpenSsl.dll,15656,695ebdf0901afd27b7504dd4fdbc504a5aae8ea87d3b342da800789a6a94a732
raw-files/BaseApplicationsFiles_File_System.Security.Cryptography.Pkcs.dll,767824,f3e1cffab10cbbe7785026373277bb4bcc05bb90756a429c4d80f799336caabf
raw-files/BaseApplicationsFiles_File_System.Security.Cryptography.Primitives.dll,15656,c4d76a73f7147df7999b371adbc091850984a40cd45f4d0464e85424de412e30
raw-files/BaseApplicationsFiles_File_System.Security.Cryptography.ProtectedData.dll,59216,0da76965a258fcf03cb1a605e1921a62c89600ef4e94d6baadf87af358e7e0cf
raw-files/BaseApplicationsFiles_File_System.Security.Cryptography.X509Certificates.dll,16720,bcbcd0c436bfd24052ae4f7a3785b434436cbc18e6465f0be19437a453872cf3
raw-files/BaseApplicationsFiles_File_System.Security.Cryptography.Xml.dll,452392,c65b99c9eef09ae827899902d86fdee21f2b82ed39b9475ab57484af489d382e
raw-files/BaseApplicationsFiles_File_System.Security.Cryptography.dll,2549584,bee61e6bdeff9fb0c4f3cbf9d48e9d1d97d12a8bb85d1eeab9178e818b582eee
raw-files/BaseApplicationsFiles_File_System.Security.Permissions.dll,190248,61e00448fec3dabe10f133798aad38468cc67894e0600d6b1af119422fe83ec8
raw-files/BaseApplicationsFiles_File_System.Security.Principal.Windows.dll,178000,ed56739aabc1fb6f81e8f71db89531beea985550f654d4d0e6c9a64c67e4e349
raw-files/BaseApplicationsFiles_File_System.Security.Principal.dll,15144,f4e101d9d1b328868cd91199ca441e4ee273047fe96dd6ec34a1e889e523da21
raw-files/BaseApplicationsFiles_File_System.Security.SecureString.dll,15656,f371fb101973637a772e44f75b48d66540466a914f61e4b1f4ae7eb01dad1b62
raw-files/BaseApplicationsFiles_File_System.Security.dll,18256,2a0ee1358a507f20bb9099afb2c79745212bca44c1102e580c20742ecca560d5
raw-files/BaseApplicationsFiles_File_System.ServiceModel.Duplex.dll,15424,8cde3443ef4d0360d7d392a353d91b1270ded64345e3ccf611e152d4b25a9978
raw-files/BaseApplicationsFiles_File_System.ServiceModel.Http.dll,203832,0fa24d7da9b0189622ea983590d488b5e8473dac7eab76b34ab2268e4bed8f32
raw-files/BaseApplicationsFiles_File_System.ServiceModel.NetFramingBase.dll,198200,9a7061b5102a252f6883cee596ce97b3dec4f7104287e88ee03712070fcfcc92
raw-files/BaseApplicationsFiles_File_System.ServiceModel.NetTcp.dll,63032,3ef2c1ddc987d3050238bc6660f463be97f4f73a41d7e1d6990c1dcb81aa7918
raw-files/BaseApplicationsFiles_File_System.ServiceModel.Primitives.dll,2389576,21804e970c13be46fd3977287f0e6e97e54d939a73dd3a2f8a1e099677f23b24
raw-files/BaseApplicationsFiles_File_System.ServiceModel.Security.dll,16968,0d1336b177798ac63c13e0b22acd40cb16199bb255eddf7c1c1dea12660a85f1
raw-files/BaseApplicationsFiles_File_System.ServiceModel.Syndication.dll,121640,e7c69ae23006cae49d6162ba6dfad0204db3ce28f63a548f5f113a1295de54c7
raw-files/BaseApplicationsFiles_File_System.ServiceModel.Web.dll,16720,948e182337526b0decaab7a9274c1bde5be3e419b076cfe0161a335e22643ac3
raw-files/BaseApplicationsFiles_File_System.ServiceModel.dll,25144,7b25feeecf406c6fd00fea3be98e5b0173506da4749b67010fd47ebdc5b05d4d
raw-files/BaseApplicationsFiles_File_System.ServiceProcess.ServiceController.dll,91944,832b8fc644b18f79035e53be3837da00e4802bb22890e6ff39859f92de0e3792
raw-files/BaseApplicationsFiles_File_System.ServiceProcess.dll,15656,04e5ca5a4df4d31e8e6b527ce5a16b6f150a256384b2cbdabeeba1f6974cfa99
raw-files/BaseApplicationsFiles_File_System.Speech.dll,686928,c028b7b3ef5a05190f64d63245c7e2b66cfc11332f89b32e9b62469aaeedf57f
raw-files/BaseApplicationsFiles_File_System.Text.Encoding.CodePages.dll,862032,56582910b3c0d17f10dc2eafc8e5746c6f23b57af56d7f0d4cd208f06ece1e28
raw-files/BaseApplicationsFiles_File_System.Text.Encoding.Extensions.dll,15656,2b63801416706c7817193a742fc8648c4afd6697ca342d4a2deb30450b99218d
raw-files/BaseApplicationsFiles_File_System.Text.Encoding.dll,15696,4c140de2fdd2c673ece196892e28786b85200b8f315fc9bb2de7aeb862372d9d
raw-files/BaseApplicationsFiles_File_System.Text.Encodings.Web.dll,124712,2c459f175331339b8580dec1842879b3f0532100fa426b97a1b74e1b5dee95d7
raw-files/BaseApplicationsFiles_File_System.Text.Json.dll,1890088,ed5f0f3773c89948471e3691f31963ea00d3577e17296ac4dfb97772e78b6fa3
raw-files/BaseApplicationsFiles_File_System.Text.RegularExpressions.dll,1034064,b8494ba41da52018409cccd851753717c6bd035fccdf5e4d5ac83e420d4678f4
raw-files/BaseApplicationsFiles_File_System.Threading.AccessControl.dll,75560,eec9d6f83ec123602039ec449b402c1bcb74ff00518eb87f8d007558e48c2b89
raw-files/BaseApplicationsFiles_File_System.Threading.Channels.dll,157480,ff8dcb281d2d35f01dbdf72e766e431c397f9db063f22f61a9a85f7bd173f5e8
raw-files/BaseApplicationsFiles_File_System.Threading.Overlapped.dll,15696,a0ef0237e67a16a347a8ed9b9286e3acef358aeb4a23463323c2efdf646fc0f5
raw-files/BaseApplicationsFiles_File_System.Threading.Tasks.Dataflow.dll,472912,83a9b71c298ba233393eb1cdbda26380cb2d50cefd2fd645b0ba1c34c7aeca9f
raw-files/BaseApplicationsFiles_File_System.Threading.Tasks.Extensions.dll,15656,6ec70446f8faefaa167a0e3360468203cb03ffab90369644e92c22dc650a9cd5
raw-files/BaseApplicationsFiles_File_System.Threading.Tasks.Parallel.dll,132904,ff17dd0ddd3f2debdaced18f39b9f8a205630baeb3de20bbf0630935a8605aa6
raw-files/BaseApplicationsFiles_File_System.Threading.Tasks.dll,16680,d95cee14d0dbb97d8f8a8f4dcc5eefa35f394f9d94b0fa0bf29068786aee6a06
raw-files/BaseApplicationsFiles_File_System.Threading.Thread.dll,15696,7b451de5e88adfdb49765bc0745a12e377318534d02e6bf81660c285a7aa6664
raw-files/BaseApplicationsFiles_File_System.Threading.ThreadPool.dll,15656,9e3bf9838ff48525e4f2fd1c7646956ba00183977c7e4762d999670aa901e101
raw-files/BaseApplicationsFiles_File_System.Threading.Timer.dll,15144,5b21f38133328e8017bb7a4651007738ce76fcfa673af267b4c8b5e857d572d7
raw-files/BaseApplicationsFiles_File_System.Threading.dll,83752,cadf13029ac996abaceccfd7c242e55888b669246163342a3b335eee9851b531
raw-files/BaseApplicationsFiles_File_System.Transactions.Local.dll,640808,cb3d436592fe994ba8f570cc7cb021ef347730e96e52e3b8695b7c7bd79a3967
raw-files/BaseApplicationsFiles_File_System.Transactions.dll,16680,9ba6785faf04de3b018a7e6bdb349c538ca861add4a3558c693fe4c9ef905335
raw-files/BaseApplicationsFiles_File_System.ValueTuple.dll,15656,63e0eac320a2eac02f418e186232405427e036d9ce9dd80951923280308cfe59
raw-files/BaseApplicationsFiles_File_System.Web.HttpUtility.dll,63272,03841ee0b42c5ed0d4b58c185e9cfa57a939c479256943644062b918cf595a08
raw-files/BaseApplicationsFiles_File_System.Web.Services.Description.dll,385080,2243b61900d3b7b30ab6751970aadf04d490507ad0d74dbec05db5f86de0cbfc
raw-files/BaseApplicationsFiles_File_System.Web.dll,15184,45b1d8e331aeb3d4006afe64cde59eddac958968d6c432df3f869982d94996f0
raw-files/BaseApplicationsFiles_File_System.Windows.Controls.Ribbon.dll,1439528,d21e5e5c9737c3bee3c723328a829cfffd91ebb0dea95cc7c989304ddad5fb39
raw-files/BaseApplicationsFiles_File_System.Windows.Extensions.dll,120616,6b7a0939a35d28442e94dfe3fc6c6433efc85985ba765c4891be66d113b3e4a7
raw-files/BaseApplicationsFiles_File_System.Windows.Forms.Design.Editors.dll,16168,c2ae228226d9d83601722c8801260a3907f52d4176b87e40470677ec61ef0758
raw-files/BaseApplicationsFiles_File_System.Windows.Forms.Design.dll,6092584,4b96cf16ea44e11627be57f7ebd5580e7553547d83eb5dc61121ff0d84eff4b3
raw-files/BaseApplicationsFiles_File_System.Windows.Forms.Primitives.dll,3622696,1ce7325bd95c3998fb34b158bd99c3b2105ec6627e4e878f2089c8b77e23cc96
raw-files/BaseApplicationsFiles_File_System.Windows.Forms.dll,13715240,a178f2f0de086c30e743ce32b8bfbb150e802e1bab235ff14525b4a6e2227df9
raw-files/BaseApplicationsFiles_File_System.Windows.Input.Manipulations.dll,141096,f17077862eb4c11a8771728e82a3c31c9dbd0c134068a031a128599529a6f172
raw-files/BaseApplicationsFiles_File_System.Windows.Presentation.dll,30544,55099ef993f85a069abc50c01a8592b2dbc28d46c156737d4a7d373766e9d6c8
raw-files/BaseApplicationsFiles_File_System.Windows.Primitives.dll,386896,a84e62af74b868e7bdab10758cc2017e77a0a38f822c7f896975cc0a100c4115
raw-files/BaseApplicationsFiles_File_System.Windows.dll,15696,5898d03d2707c44b55883bc475f8c3aa779738a439db6ec2abbf9e0fac82e6d5
raw-files/BaseApplicationsFiles_File_System.Xaml.dll,1390376,8f5eeaedc35f82a9b457d5562b688b6e1892732ecf6c0c18dd3159b976458d27
raw-files/BaseApplicationsFiles_File_System.Xml.Linq.dll,15656,06be8d12ab41b70960703ec77899da99e0a93a6d125e77e7f8154ab071220d54
raw-files/BaseApplicationsFiles_File_System.Xml.ReaderWriter.dll,21800,9ed86fcb4a068f56c61ce4d595d91b57df12999820bb11659e9a4b45103305ed
raw-files/BaseApplicationsFiles_File_System.Xml.Serialization.dll,16168,868e566390c0a0800253511b757644433c512989a213f32153464a4611667d8b
raw-files/BaseApplicationsFiles_File_System.Xml.XDocument.dll,15656,58cf36935545fdf661b64dc2f8c57b7066d2a380252d194edb6708895a50e6a7
raw-files/BaseApplicationsFiles_File_System.Xml.XPath.XDocument.dll,30504,75b319f01c19a9c1c8b08b6a26bb44e3329da177d974ba90d1a4a40bba3e7d3b
raw-files/BaseApplicationsFiles_File_System.Xml.XPath.dll,15656,8e21c30f514e711d8446c4eec9fe92cb8156efeaa476e67a26f17ba0a21e593f
raw-files/BaseApplicationsFiles_File_System.Xml.XmlDocument.dll,15656,e6d348ce2e40d5f8e767f3863f3217f6075f3e4e331270be1d13e45430f87811
raw-files/BaseApplicationsFiles_File_System.Xml.XmlSerializer.dll,17744,96d2ef2d9503bcb06d4aa9f8e15efdf3ae94c30b9db4211da75020d0690238d2
raw-files/BaseApplicationsFiles_File_System.Xml.dll,23376,3bf8cf7c17a8ec51ef64a48707dbcbb0359e466a7903bb564a4c74228d895e32
raw-files/BaseApplicationsFiles_File_System.dll,50512,72f6fa05b4c1696d7d50f8a93086165980276ce6661f0f8a77fe426028309720
raw-files/BaseApplicationsFiles_File_TestableIO.System.IO.Abstractions.Wrappers.dll,64888,34bae6fdbe891acb091c68c2506ac722a906d57d28e63193695c1056fe3e342c
raw-files/BaseApplicationsFiles_File_TestableIO.System.IO.Abstractions.dll,15736,900e418cca261768910b6d24d28ff59d200c4b19803d52adbbabb38e0ba459c6
raw-files/BaseApplicationsFiles_File_Testably.Abstractions.FileSystem.Interface.dll,38264,d9ed36f478c777b32a425c89c4bf2d3df5220120d4cce8ef8b439e8d8ad9db0a
raw-files/BaseApplicationsFiles_File_TraceReloggerLib.dll,23216,6830c0f1d3f3c17719181e73dd5cfa8ccbb3f3c575329d2120576545103467b5
raw-files/BaseApplicationsFiles_File_UIAutomationClient.dll,407336,be8e03688f1c1158b6a1a9b091ca864d9e7f338390537d71a1080f8a454bb2e4
raw-files/BaseApplicationsFiles_File_UIAutomationClientSideProviders.dll,857896,c60be0bba0652ff58fb38db1b0535e4bb9f6bd8bf035e56d89b7d87690963f19
raw-files/BaseApplicationsFiles_File_UIAutomationProvider.dll,63312,4c7676ed72bdcb17714ad11ee838d416fcbbdac4101ec1af9248cca91e9470b0
raw-files/BaseApplicationsFiles_File_UIAutomationTypes.dll,296744,903fe486e2a90299568fc90e61fc735a2b6826de967bccb7e16ae77f1b5ca92f
raw-files/BaseApplicationsFiles_File_UnitsNet.dll,2446712,3b3a5f2db3c6bf292ca3c4cfb10d9ab6dd852cdfb9f40f63075f1834f0bcb1fa
raw-files/BaseApplicationsFiles_File_UtfUnknown.dll,266104,b6bab2cd52a1e6d62125ca2b96fd06387101513814dc87c6088e0eee83d43b5a
raw-files/BaseApplicationsFiles_File_WebView2Loader.dll,173336,7c6a0379088b7ebd691ce50579f409cb7c8858d166e48185619d6c34b5e2f0a5
raw-files/BaseApplicationsFiles_File_WinRT.Runtime.dll,528944,bcf3a14e8712a90837fc5c0d8c8a24696af2bd7f74e9767597ec81ededfb23db
raw-files/BaseApplicationsFiles_File_WinUIEdit.dll,3419448,5ba6e51732348b377cbe3a5d0f33fe13753170dc75d514d687b8689c8125c588
raw-files/BaseApplicationsFiles_File_WindowsBase.dll,2176808,42e05225d944bde54e4f2cbe0142105fce822c574267b6f8e305ee8c45c664e8
raw-files/BaseApplicationsFiles_File_WindowsFormsIntegration.dll,214824,994cb84f5f46df57be5ea9ed3de1c6b703212b9985a28440806fc131c7d0119f
raw-files/BaseApplicationsFiles_File_Wox.Infrastructure.dll,80224,2c65b93cea1c0b6c197b2ba0e1fe0172c0571b71c13dc81a768197b434d6e91c
raw-files/BaseApplicationsFiles_File_Wox.Plugin.dll,80736,dff9fd15bf96e397beb5c4616762df0598effde5e169b89657a125ebb133ada3
raw-files/BaseApplicationsFiles_File_backup_restore_settings.json,1257,ef6a09cabecefa3dd84f93fca104f58c04e3dad412917ef31a92381b1094adcb
raw-files/BaseApplicationsFiles_File_clretwrc.dll,317736,e9f9ccaa20a91570e6e505fd85197b86e8e6582b67864a8630c1a82afb9866a7
raw-files/BaseApplicationsFiles_File_clrgc.dll,673064,83a829823c333bfbcf0bd82bc015a61af10ce136d8eb7933b28d97c9193c578b
raw-files/BaseApplicationsFiles_File_clrgcexp.dll,710952,d006be1e64e796161c8f3abb462c23753d86103a82282013b1c5309c76613f1f
raw-files/BaseApplicationsFiles_File_clrjit.dll,2092328,e7bf743e7bf9a01c8c2bcdc0d828212fd8dfc285be9d4ec21962becf456df648
raw-files/BaseApplicationsFiles_File_concrt140.dll,374200,54716f0738af891f283d213b5c8d11b25896bb8ee3097d301eae718560cf974e
raw-files/BaseApplicationsFiles_File_coreclr.dll,4614440,c98c3078a4f2495dd7d3ced967c7a6981545194ed163454703580b740f435521
raw-files/BaseApplicationsFiles_File_dcompi.dll,1652536,1bab52acf1bbc45f1469af675160da8b2ce0bdccdd4adce3ca3032e674ad6ee3
raw-files/BaseApplicationsFiles_File_dwmcorei.dll,2852664,06799367a4fcbd21832c91560720b7d131016abbaed4a1e64349df1e531e5d3c
raw-files/BaseApplicationsFiles_File_e_sqlite3.dll,1988984,2a575540298ca03d6b2ea4692d84bd0bff2555eab698dd672e9b7299d0b6098c
raw-files/BaseApplicationsFiles_File_hostfxr.dll,379728,44f97e946b36415176dbc56a4426565a5e9b3e722c0ad579e20a749e3c0c7bcd
raw-files/BaseApplicationsFiles_File_hostpolicy.dll,378664,ded1d42c38688a1cacd20026b1f981c22fd583f621b7123296ef0f2af9cd656d
raw-files/BaseApplicationsFiles_File_hyjiacan.py4n.dll,707448,258858ff7fce8e132a5ff8073a72d12980aa2d46495995c6f5ddae9a733c1089
raw-files/BaseApplicationsFiles_File_marshal.dll,509752,d00c3d3493b50688e2ef6cee5f9f05699950b7258ac6496bf48959eb2e4c9717
raw-files/BaseApplicationsFiles_File_mscordaccore.dll,1356632,c1b92da5356bb36f4ab55aa54b2d25a8a27518cf7a456eb4957ddfe94e2d428c
raw-files/BaseApplicationsFiles_File_mscordaccore_amd64_amd64_10.0.1126.37416.dll,1356632,c1b92da5356bb36f4ab55aa54b2d25a8a27518cf7a456eb4957ddfe94e2d428c
raw-files/BaseApplicationsFiles_File_mscordbi.dll,1237856,f3553412af82ab90180a0d412dd87b7bfc087043484a572dc2dce07eca9906fa
raw-files/BaseApplicationsFiles_File_mscorlib.dll,59688,a2c8875b7823b631ae669c6e78dc4b58bb577ce30206ccc03dbbc56981e1714e
raw-files/BaseApplicationsFiles_File_mscorrc.dll,133968,0c5efacadabaf31e07e131fe7e9150454fb1dd148222a053a2f743551d42184c
raw-files/BaseApplicationsFiles_File_msquic.dll,536376,24da0bf4d7b7e0adb598297d170fa547f94f398bd6f2b515ae87f0a207c999c7
raw-files/BaseApplicationsFiles_File_msvcp140.dll,643512,7c26614e1d733892c2deac7e245ce115504b1d80592dd0a01b08e3e5a55f89ca
raw-files/BaseApplicationsFiles_File_msvcp140_1.dll,35768,206c931bf90fdad8816de3b5e2ef80b2bcaa9406c89ecc05fe6fddffe251e982
raw-files/BaseApplicationsFiles_File_msvcp140_2.dll,274872,d50d7883f20d1dc6191768d3746f52dd9cac89c346ffaed5be1f110c2f34a838
raw-files/BaseApplicationsFiles_File_msvcp140_atomic_wait.dll,57792,3d0cbfaa1bf3eecf5a3f4491d2960ee803cb994f30292c6adc4a07c498f60e2b
raw-files/BaseApplicationsFiles_File_msvcp140_codecvt_ids.dll,31160,8a65c7596ef2e6938731f5a1058e7e40145b6d97967cc649231a076b9a608d78
raw-files/BaseApplicationsFiles_File_netstandard.dll,100648,ce09cef0d758196f2467f320d840c03202453efe9fb1920dddd24ea8277bbbb3
raw-files/BaseApplicationsFiles_File_onnxruntime.dll,21669736,f64c098b67eee3c769416564c4abc32e605eaa9a1804e41c03e74b4713d04333
raw-files/BaseApplicationsFiles_File_sni.dll,160040,68705c4ef9ab818f2956a78e05f3fefce501a1448793b073b46110beb49b47d6
raw-files/BaseApplicationsFiles_File_vccorlib140.dll,350648,09f93d5ff96ae09767f3e1af3cdd43a5a58f2598654fc63089429bb6f9f4737f
raw-files/BaseApplicationsFiles_File_vcruntime140.dll,178616,d1f4225df2cd877dbf130d5668a021dce3f94118455ff5ec952061c30afc9ce7
raw-files/BaseApplicationsFiles_File_vcruntime140_1.dll,50112,a7146c08f89fe5b04541ab507cdb59ff7b44534d4ba3c668a426c6450a03434e
raw-files/BaseApplicationsFiles_File_vcruntime140_cor3.dll,124544,d5e4d9a3e835fa679450145d6a7d94e36573a509317111904d9b3712c30d9066
raw-files/BaseApplicationsFiles_File_vcruntime140_threads.dll,38840,40f39e8cee5f5a531b4010e18b807e8fe265b908dc58f959ecb7ebc6ea6cb11a
raw-files/BaseApplicationsFiles_File_workloads.365.json,10851,0c8d58b1fbe553942ca56be06fd0c9f867fbbc013816e74db29335ec4a16e778
raw-files/BaseApplicationsFiles_File_workloads.j32.json,17297,850e01c9806f1e4a7ed6f5940fe2aa68980b4c85413303e6e0094650bcf870ec
raw-files/BaseApplicationsFiles_File_workloads.json,10638,520ac5806e5ecd9c1e7d0705d39a1d13308a90d3d69a6477887903a015c0c440
raw-files/BaseApplicationsFiles_File_workloads.lnl.json,17305,258dfde1099dfbc56904dc913efb87c1ab13556a743d0ce37b704590717d1654
raw-files/BaseApplicationsFiles_File_workloads.qnn.json,17297,f9e41f66344d93cec67d49170b299b79404e554feb51406ff67acb1b31c91d41
raw-files/BaseApplicationsFiles_File_workloads.stx.json,17305,ca7dcaea3bd653170a13fca37b9257cdbbf67f5446a4cbcc00a16d9932bede04
raw-files/BaseApplicationsFiles_File_wpfgfx_cor3.dll,1956136,0ba67759d290f5d75ff92979394077dcd533fe484511db3ea161d7e102246a73
raw-files/BaseApplicationsFiles_File_wuceffectsi.dll,489272,dbea457ac1c6d5c4cde5b9cfb09e65cd54b11596406ce50565ddd946468b1454
raw-files/BgcodePreviewHandler_ar_SA_File,15200,d6ea5c1fe2d6bbfd968c678f7afdb26fd1132f16b0686dcc166c768bfb4cb74f
raw-files/BgcodePreviewHandler_cs_CZ_File,15200,09f2205aab8fb3b160f9110ea768b534cfdbd9532ca12bc89a3da61a3afd48b5
raw-files/BgcodePreviewHandler_de_DE_File,15200,17f1c9d7ed763a740b8b2a9e2861d6a19d4bf14657d5a60e2c85e63cf1b7cb3d
raw-files/BgcodePreviewHandler_es_ES_File,15200,9ed5624af1124c14156020af474e27219d531914c6f0ed602123a025b27dc17a
raw-files/BgcodePreviewHandler_fa_IR_File,15200,6def440110f83b5516c059db8511afc66783670fe84d5e3eed1d8d1ad222bec6
raw-files/BgcodePreviewHandler_fr_FR_File,15200,9a4ebfcf296c394929e6b7485ca7c95d8b89a0b7339d0ab45e4d6235d12d0e9f
raw-files/BgcodePreviewHandler_he_IL_File,15200,a9c6a1bf5d52b8f1723f1672fa8eb892a9d4357eaa6bd4a0b62bcaedc775a1ac
raw-files/BgcodePreviewHandler_hu_HU_File,15200,a7aa8101121b54ce84aec60148e4386b9f007917232c3aa2a16d20535fa8bc8d
raw-files/BgcodePreviewHandler_it_IT_File,15200,96fab147b82dc53e8c8be90bb63b692527390c8475a0e4d9e0759c8677456ace
raw-files/BgcodePreviewHandler_ja_JP_File,15200,4150d4f944dd2ba9a9826e558eb76799df81645f1ee675124acefb2137149293
raw-files/BgcodePreviewHandler_ko_KR_File,15200,799bf41e78fa2efef82fd700d31ef123429d450d2c6b842333f97999e8dbc957
raw-files/BgcodePreviewHandler_nl_NL_File,15200,4c4461d4d3878c3640c200fbaed7e7c3f96a6a01c80cf1433e0536e7c664f44f
raw-files/BgcodePreviewHandler_pl_PL_File,15200,3b18715097e18a09afcc1ebe3552d284bdf125304212dfcf87a07a664845c303
raw-files/BgcodePreviewHandler_pt_BR_File,15200,4e1d710d78770e2c5e37f51f6e30a34a3f2d9265f5b42d742a293ca53ef90060
raw-files/BgcodePreviewHandler_pt_PT_File,15200,08256762ae0d98dde4845371331ad149c7c62b8071444e0eb140beb7764b2154
raw-files/BgcodePreviewHandler_ru_RU_File,15200,a4feab481752b5e0489b9aa0f30982e6185ca2c3c6c636aaf40cf5d76cebc38f
raw-files/BgcodePreviewHandler_sv_SE_File,15200,95f274b3a68ea88aba964124783690b548c4eb71edc0b11d639a8db725bb14e8
raw-files/BgcodePreviewHandler_tr_TR_File,15200,bb5d0347f3e8affe601615dad51a2501c7ef17c06809955436fc28dbeb062c9a
raw-files/BgcodePreviewHandler_uk_UA_File,15200,7fcc78ce29505f0c40b22832c21678a997b3d05b25436c6447dc679b39f1d2e1
raw-files/BgcodePreviewHandler_zh_CN_File,15200,7ddc9590cb8d8668df1d519f0f399dec3813e6f735af415d6817233213a07005
raw-files/BgcodePreviewHandler_zh_TW_File,15200,806af28aa6b58af601254690d57354e2ce9d99a9e7f6481aef204277eddb47dd
raw-files/BugReportTool.exe,890208,42ac70b882296a37a9c187d8630ffd08b1b92a682717387f1e485afda218ef09
raw-files/CmdPalExtPowerToys_ar_SA_File,33120,70df56eead31b6227b3c2ee4be8be5dc00ded7cf746c13729ffdf2f41058ed20
raw-files/CmdPalExtPowerToys_cs_CZ_File,31072,dd99cd694139f56eb6cc855f874cac387407972efd0d5fdae76b0fe137146e5a
raw-files/CmdPalExtPowerToys_de_DE_File,31072,ce004740f54753cb9bfe27b8a8f530f49356709d0191d8f1a4ffd2ae0c453936
raw-files/CmdPalExtPowerToys_es_ES_File,31072,a91d2113c00117ddad904ef2aefe612857247f38b252e75149dd8ebdcbcd2dd2
raw-files/CmdPalExtPowerToys_fa_IR_File,33632,3b562443d6575b72816676e2363e66cc47e5b8f0a9cac35ad4b7eda944269886
raw-files/CmdPalExtPowerToys_fr_FR_File,31584,3998d21304e7cb0cea96ea0adc15056e76e30796b53bdbd66e99bc58b17e87a4
raw-files/CmdPalExtPowerToys_he_IL_File,32096,c5971e8d7e5bcd3c11cf461232602699841eaab77b08988c292c1e17f0a1383f
raw-files/CmdPalExtPowerToys_hu_HU_File,31584,ed6f171adc73dca25aafb9f7f7e60cf6bee341c5d3e0b823eb8efa57d44ccbcc
raw-files/CmdPalExtPowerToys_it_IT_File,31072,34c8ed0354d054089b233a055172818babb1e9a4223a1732d89039a665b94a3e
raw-files/CmdPalExtPowerToys_ja_JP_File,32608,de89a84d0df9c48f04c94ee0e0cc940f345dc10862728a224bb3f4d853c45e80
raw-files/CmdPalExtPowerToys_ko_KR_File,31072,c0e43a5421a2d26b21efe992c7b5c143a0e6f44a922b20ebbeaffaa1af9c80b8
raw-files/CmdPalExtPowerToys_nl_NL_File,30560,7c2a85a2ae5f5526bf73f17400db3134ec0af4da5162f1712ee09bdf29000cde
raw-files/CmdPalExtPowerToys_pl_PL_File,31072,34596757118d1bd38c3eccde66e8fae4d13258542163960b6161b2c072490bc4
raw-files/CmdPalExtPowerToys_pt_BR_File,31072,ba5bf75953602d6490ff64ee2c2965e107ff1ed72ac99d60258389e7b1b31727
raw-files/CmdPalExtPowerToys_pt_PT_File,31072,b81b5372b60e3f37fe5c11ac29213b75834695a6a0857a009a370f8b08fc8c8e
raw-files/CmdPalExtPowerToys_ru_RU_File,34656,7668762a3c5d9f68e0d97a283821826cefeb19167469de71775f412fb60dabfc
raw-files/CmdPalExtPowerToys_sv_SE_File,30560,a5232287e787f4ed33c1b72c270aea2ff417143ff325f62bc0964cb339224214
raw-files/CmdPalExtPowerToys_tr_TR_File,30560,041399f4086c63ac9e39cd0c21ee2a45ac95cf2f995e84011e20122755181833
raw-files/CmdPalExtPowerToys_uk_UA_File,35168,10a4a3aade7b5e29b2d0f6365339ba0e377a645c7f998c1e6037ad966a9ddfc2
raw-files/CmdPalExtPowerToys_zh_CN_File,29536,4bfd80b7672d22d1ab72aab1985f3705bd05ef1c14fa22817ac7fb8bf1f32a12
raw-files/CmdPalExtPowerToys_zh_TW_File,29536,31569445ee0ba37b199950fa27cbd6655f5159ec1f5289a4660cc84130f043a0
raw-files/ColorPickerAssetsFiles_File_colorPicker.cur,4286,f10c3b5998f5252a552a0803c7deed46f3bf143fa50139fcb026e458c73e67ea
raw-files/ColorPicker_ar_SA_File,19296,824880ec260b4abc5edb54c35127deb59be040218a743cb82207b9dec0f7d90f
raw-files/ColorPicker_cs_CZ_File,18784,2da84dc3a4daa1c6bb56a8d469e8662f42115c6e1eab4807e9b8bbad70b76bbf
raw-files/ColorPicker_de_DE_File,18784,03dddd7b39a01434aa0344e79b40e333f94613ecf9825300bb8352c0f2a54f26
raw-files/ColorPicker_es_ES_File,18784,8af19f74fec786ef33b2dff087521c3b7e78b1bd61a72437539daa67e36dde86
raw-files/ColorPicker_fa_IR_File,19296,cd065d0d86de151f5141902414a2ce391440695a24627c4b2846b3c45bbd34ba
raw-files/ColorPicker_fr_FR_File,18784,1e7ee8f1dec50773ad7757d71e8b778f0e7d076c498ce5424fb67baba5b02191
raw-files/ColorPicker_he_IL_File,19296,1a130b6a4d406878d30fa5af9deffcca56d50e9b9a8243b2a8228274d3882ecf
raw-files/ColorPicker_hu_HU_File,18784,7bb1fce51221d5bbc80f5517cf75dae8afdf16c78bbe995df71cbd5ace75fff7
raw-files/ColorPicker_it_IT_File,18784,60dcf44b84ea496f516f6e682104b33009aca5a5b31abef36e03a094504f6866
raw-files/ColorPicker_ja_JP_File,18784,a99d68f7f47ebc08d1491aed4dec4f7b20edd6ee539749c8e48ab6c2ae04bcb5
raw-files/ColorPicker_ko_KR_File,18784,e06a3490ad095b061d1027625e41b993ab194c92a910f0b81fc1615fadb986c9
raw-files/ColorPicker_nl_NL_File,18784,d2186d8abaa615a9f885d2ea92e01d7907e966de979334c86d7f4a9ba346868d
raw-files/ColorPicker_pl_PL_File,18784,9853bc51475fc7d43a69a99df05d588bf395e5c8b50d595f32d1d343f03b6fb0
raw-files/ColorPicker_pt_BR_File,18784,87dcb896d63425da54140c097ca5f8bc78bfbd850339074c0e727f73f3f780c2
raw-files/ColorPicker_pt_PT_File,18784,6c01c26af33efc4ce68517c77623d68ab6f4b7a597b6121e8f1ee177ad9a5d12
raw-files/ColorPicker_ru_RU_File,19808,e0d631a3a24c432216ed82f4929142797dbd29351574440f1041eee8aec3dc3c
raw-files/ColorPicker_sv_SE_File,18784,08546c74564dc4fe0eb70d1cad9bd9b7abcc365ab029787cb338d177c89a8410
raw-files/ColorPicker_tr_TR_File,18784,a47c068e8c29d19393c57c8a4a9010d368a696b2c3fb39f41ab6b93e0e8d0536
raw-files/ColorPicker_uk_UA_File,19808,5418fa63ac535ae67efa8c626b98159037b0072cec297d0ea84639229aeb3be1
raw-files/ColorPicker_zh_CN_File,18784,af435f36f292184eeb67334c9ccb42b85a3e5032a0d902ed38e58c11ed88290b
raw-files/ColorPicker_zh_TW_File,18784,29af4c2c248e56add0392d454d7f5752778642e07289855c86ebf69022c86359
raw-files/CommandNotFound_Scripts_CheckCmdNotFoundRequirements.ps1,16961,85343e606ef128466651500bfadc04b4d1bc53cee6aba97aaf8afe07b9fb4ba3
raw-files/CommandNotFound_Scripts_DisableModule.ps1,15551,4d8b4c7884d07598ab439f336e80d9923b8c1bf03a1392c774a3aae0305ca7c1
raw-files/CommandNotFound_Scripts_EnableModule.ps1,17880,ac2adb3609f7e0760c71352d5c87ed7a974d117a06445e574aecf015c6703cb4
raw-files/CommandNotFound_Scripts_InstallPowerShell7.ps1,18196,11ae31c21c8adecaebb53d1cd2028f6d43bfd973895377781ae98a878bdc8734
raw-files/CommandNotFound_Scripts_InstallWinGetClientModule.ps1,16182,4e2992a7ceeeea5f991c3960ef51b8208ebad54b9b16383f6ca793d7b4ae33b1
raw-files/CommandNotFound_Scripts_UpgradeModule.ps1,15512,b69f47c8eb2ad7550ca8986fb2b766ca400b8e67f20143298bdafedfa0d2d1dc
raw-files/DscJsonFiles_File_microsoft.powertoys.AdvancedPaste.settings.dsc.resource.json,1581,7c95e6ac0abcc780feb3a0315ba3266331c73b89846eefde260700b3b804375d
raw-files/DscJsonFiles_File_microsoft.powertoys.AlwaysOnTop.settings.dsc.resource.json,1567,566926621984f04867adcf1e855a865a4caa289b1f14ea868ddc107e6af8bf63
raw-files/DscJsonFiles_File_microsoft.powertoys.App.settings.dsc.resource.json,1511,9277a6fbe3a6c0fcb54cd74633f46bd871d349b9ba893775641f8c47b5c04109
raw-files/DscJsonFiles_File_microsoft.powertoys.Awake.settings.dsc.resource.json,1525,92974066dff00bbc4756971403047d2b8ab94ec47a56056cece04cf95262ea64
raw-files/DscJsonFiles_File_microsoft.powertoys.ColorPicker.settings.dsc.resource.json,1567,af853b901f9ff4a34ffccfd9fd5cfe8669daebf2248ed97bbdfc38cd0e337449
raw-files/DscJsonFiles_File_microsoft.powertoys.CropAndLock.settings.dsc.resource.json,1567,e6cc29369372e0bf69f6cce6c34c70c18f48f3c19f8803e054397d58a9b054ff
raw-files/DscJsonFiles_File_microsoft.powertoys.EnvironmentVariables.settings.dsc.resource.json,1630,f075a12458b7070c2317bde4f8b0aa6466247cfd629f1c2ca896e02ad8027baa
raw-files/DscJsonFiles_File_microsoft.powertoys.FancyZones.settings.dsc.resource.json,1560,20fd1291fb5b9ffcc3ea9942d62b7dd2f296ca928acc87c5ef81e41e91642a5b
raw-files/DscJsonFiles_File_microsoft.powertoys.FileLocksmith.settings.dsc.resource.json,1581,6e2dbf5c740b7f444bece15cda3ac020527942205c42a9b912f56b2f31630dae
raw-files/DscJsonFiles_File_microsoft.powertoys.FindMyMouse.settings.dsc.resource.json,1567,70e25148a93a2b7df19a15c1a060e560fe847944606914501f9b475551ebcd65
raw-files/DscJsonFiles_File_microsoft.powertoys.Hosts.settings.dsc.resource.json,1525,750b3530c803a6b30f690f52ca9d9ccfe6e7b05015ce8e116b87fe90ae0f58b6
raw-files/DscJsonFiles_File_microsoft.powertoys.ImageResizer.settings.dsc.resource.json,1574,4f0c421096643527aaeb99e7126c29e608ea83c5b9b0596674ee99acc73f2108
raw-files/DscJsonFiles_File_microsoft.powertoys.KeyboardManager.settings.dsc.resource.json,1595,86861191c2a264a15a24d89bb44d63169410bf5f8dbe36bd7a00a4aa7cd0b92d
raw-files/DscJsonFiles_File_microsoft.powertoys.MeasureTool.settings.dsc.resource.json,1567,50d3b226244a8fb2a40f88f1b988745a30d32614e447b74ecec5d657870431aa
raw-files/DscJsonFiles_File_microsoft.powertoys.MouseHighlighter.settings.dsc.resource.json,1602,eafdf08217f0710fc27e02ccb5d6ae5b2f61a93b4f87cd9a91d19c05ac10bb1b
raw-files/DscJsonFiles_File_microsoft.powertoys.MouseJump.settings.dsc.resource.json,1553,9a57f40c528d541071e3730785b55e1f6e64e3ea1a930f735b4e93bd1672143b
raw-files/DscJsonFiles_File_microsoft.powertoys.MousePointerCrosshairs.settings.dsc.resource.json,1644,d2246ef38752091fcc7e081534fc284af129060e32119aa87d890aa5cd8259ad
raw-files/DscJsonFiles_File_microsoft.powertoys.Peek.settings.dsc.resource.json,1518,c3668ce1120105898f8b54f79123620541f8fc514e3a294d53f459cedb646dd9
raw-files/DscJsonFiles_File_microsoft.powertoys.PowerAccent.settings.dsc.resource.json,1567,b11c77dc04a37b95e2a80986a4a1f295fc73784b0ea00a7d3a71d19f74cf421e
raw-files/DscJsonFiles_File_microsoft.powertoys.PowerOCR.settings.dsc.resource.json,1546,69b4630da4b62eb8863192851ab275e42fef1af43491ca2a4c1063943db1f455
raw-files/DscJsonFiles_File_microsoft.powertoys.PowerRename.settings.dsc.resource.json,1567,263ea66fce4ea58b2457f46cc40ab6a2137ade0f169663902f14bc7226d915a6
raw-files/DscJsonFiles_File_microsoft.powertoys.RegistryPreview.settings.dsc.resource.json,1595,46680457de6e76ec82a150cae4ecd93ff0371f859c893ab80f621f1dd0bf611a
raw-files/DscJsonFiles_File_microsoft.powertoys.ShortcutGuide.settings.dsc.resource.json,1581,6d9d39611ccb652f1f547eaf4fcd766e94542667abf1a2c9c58515ff9de9b53d
raw-files/DscJsonFiles_File_microsoft.powertoys.Workspaces.settings.dsc.resource.json,1560,ad4f72796bd76e1fa65b9c0b30f2a198d476ece917f2a46695de50b49ec8b01d
raw-files/DscJsonFiles_File_microsoft.powertoys.ZoomIt.settings.dsc.resource.json,1532,8a44e288aa52a4b8229f974ff650eb67bca54eceb298d41730b5571bc766fd1e
raw-files/EnvironmentVariablesAssetsFiles_File_EnvironmentVariables.ico,471154,935364ae4596b6e845cd4c98692c9bb4ac8f13da80fb4c1b7cf4515fe00bc090
raw-files/EnvironmentVariablesAssetsFiles_File_LockScreenLogo.scale_200.png,432,688f384ef8832609d1f4d5e7fa9f6e08a81a6f52bba2c67070e385a015dfb42b
raw-files/EnvironmentVariablesAssetsFiles_File_SplashScreen.scale_200.png,5372,209a614557ff28be5a307c55ec17e2126f1ad34f54a88c5d4226441891c5892f
raw-files/EnvironmentVariablesAssetsFiles_File_Square150x150Logo.scale_200.png,1755,0b2ecc4b0e160157f55e43d1cd9532751cfa265be816227681c633b9c69a9381
raw-files/EnvironmentVariablesAssetsFiles_File_Square44x44Logo.scale_200.png,637,0be34ccbed90a09a51d56abc1b9ab279154d454e43906057b45762ba00b38854
raw-files/EnvironmentVariablesAssetsFiles_File_Square44x44Logo.targetsize_24_altform_unplated.png,283,7799103c81a408b8dfc465764a5a8e693ebe1048a2e0f4690ae467398390030a
raw-files/EnvironmentVariablesAssetsFiles_File_StoreLogo.png,456,5a44b2f15b76ff4cfcb315e8b62b2ac1e4a1f616bbfee0b8be29f9e2e116172c
raw-files/EnvironmentVariablesAssetsFiles_File_Wide310x150Logo.scale_200.png,2097,4938ed44d7d63f44ca959eafb942be36459939a9c679bfcbf4f5c837fdf3475c
raw-files/FancyZonesEditor_ar_SA_File,24416,3b4b02b3cfae616cf8542ff538448394e0438e78643fb026098bec859b500960
raw-files/FancyZonesEditor_cs_CZ_File,23392,48b6c989d056a57869c7ab5ce0651f76627383885d10d1e71512a85846075a5a
raw-files/FancyZonesEditor_de_DE_File,23392,df72efe44e3107c1f57663423fb6795d3b3bc359479ec1e746c6c4ec17ff0e46
raw-files/FancyZonesEditor_es_ES_File,23392,9a438b29c32596da27de2726a960e08f291c9034ccbc76eedd420be4f37e77f7
raw-files/FancyZonesEditor_fa_IR_File,24928,c484685c1f361067faa64f03c544052fc1acabeb92cb991d590e5692111d6151
raw-files/FancyZonesEditor_fr_FR_File,23904,69207f54fef6e271f00155c12ee1e8023bc7317c435697d49523f2c4ad565b62
raw-files/FancyZonesEditor_he_IL_File,23904,6a54b70c9b24c7e855d27eb2519f2cbba7a886afc0935d7a5afd8a7bcaa265ee
raw-files/FancyZonesEditor_hu_HU_File,23904,e35aaa80c4b9d3ebd68a63df58b7a30d503f24bffb6785782e90644a43b51d79
raw-files/FancyZonesEditor_it_IT_File,23392,bafc31dc5a2bccdea73436c38ea36822c240744b1412e83e342e9e72d88a0004
raw-files/FancyZonesEditor_ja_JP_File,24928,ae96faf33ae5f945ead1bc58efe1d337d2399cf78f952cd1ea737e10ffd8f9f8
raw-files/FancyZonesEditor_ko_KR_File,23904,acb7a48baf1a0d3e39f16458263d10a2e3b1ab2e1bae7be9997daf702151dbdc
raw-files/FancyZonesEditor_nl_NL_File,23392,7ffb635a6bc5edcc551bb3e639c602a97d815e4bde4e25fe953b7f0b99dad6ce
raw-files/FancyZonesEditor_pl_PL_File,23392,83030a4f060e4a7fd9e0e76fc378a524786fd54258b746204028fe1ad4876163
raw-files/FancyZonesEditor_pt_BR_File,23392,dbbb2a521926b3460b81c3588fde463311f85407947bc701cd5777aff30c9d3d
raw-files/FancyZonesEditor_pt_PT_File,23392,d74671a5852dba5f257863e98c7dfba00c09ec2ba91f848ba3a0fd99ae3f98bd
raw-files/FancyZonesEditor_ru_RU_File,25952,893bcb965d544eae8737d5651b33ee8e7c931ab47efa34c184a9159476fcc356
raw-files/FancyZonesEditor_sv_SE_File,23392,118070dddff5530b70311491527e8df122534763b043dd685c751718dd5f7955
raw-files/FancyZonesEditor_tr_TR_File,23392,46dcf5a2748b12904ec88ddf1c479086eb8201805235460a5eb886d800e0b41b
raw-files/FancyZonesEditor_uk_UA_File,25952,6c7d4febb5bc5a555f052d83fbe31709ea1bbd068c888231aea3fa9a3135cba7
raw-files/FancyZonesEditor_zh_CN_File,22368,5d3a377c6baae8a2a79cd8d4e5b22be9ddc374e4e02c9404520b5a0c674006f3
raw-files/FancyZonesEditor_zh_TW_File,22880,971d00eda4251bec396d927eab9ec3b7e692e0d1297131e90d496e167613c567
raw-files/FileLocksmithAssetsFiles_File_AppList.scale_100.png,564,545e2c7c6ae6e7dddb6419245b2a32761f440777f45edb093d5a3aaf7585e0b3
raw-files/FileLocksmithAssetsFiles_File_AppList.scale_125.png,780,94cb114a8d5e6af61c567ace1720ef62db647da0bbf8318b0526eabc3e362690
raw-files/FileLocksmithAssetsFiles_File_AppList.scale_150.png,964,5b3e50bc68543b9ac9abd97ccffa49e66fb49a219aeaed365a2b70cd64d2058c
raw-files/FileLocksmithAssetsFiles_File_AppList.scale_200.png,1271,e279c7b5255c88db9f813a05a41b0909365ae696b92ffd8e3f8d853aca33aaf6
raw-files/FileLocksmithAssetsFiles_File_AppList.scale_400.png,3700,66b25856fa6fbf1e4853584f5ec12bb136337bc88c2d2c2d71a599232b5691a4
raw-files/FileLocksmithAssetsFiles_File_FileLocksmith.ico,173942,5ed5633191b90b6a92ec5383dc6a2d18ae09d573e99ceae23757d9c46f67b74d
raw-files/FileLocksmithAssetsFiles_File_Icon.ico,173942,5ed5633191b90b6a92ec5383dc6a2d18ae09d573e99ceae23757d9c46f67b74d
raw-files/FileLocksmithAssetsFiles_File_LargeTile.png,46710,231d93b17b4fac1d92bd24d5d75bb67630acdbe463439d6c0974154a34a28484
raw-files/FileLocksmithAssetsFiles_File_SmallTile.png,5475,21ac413cc49809d5e5722274851efaca6f7a2691c4e7bba67adfb96c839c0df4
raw-files/FileLocksmithAssetsFiles_File_SplashScreen.png,1314,931baaa8bb40e537a2b41f5be7b01072a87adb40c331234e8a5340183eaf8a3a
raw-files/FileLocksmithAssetsFiles_File_Square150x150Logo.png,46710,231d93b17b4fac1d92bd24d5d75bb67630acdbe463439d6c0974154a34a28484
raw-files/FileLocksmithAssetsFiles_File_Square44x44Logo.png,5475,21ac413cc49809d5e5722274851efaca6f7a2691c4e7bba67adfb96c839c0df4
raw-files/FileLocksmithAssetsFiles_File_Wide310x150Logo.png,1278,e11d4826f4421058b8a1c123a9e611960b38c1b6d52de653f36f0a2f2bfc19f7
raw-files/FileLocksmithAssetsFiles_File_storelogo.png,2390,332616f0e560dec0d3e77811e535421d710d88691d7196de96ea4b9708a1a4b3
raw-files/FolderComponentFiles_File_Dia2Lib.dll,59024,6c4cac68010fe032218efe5e9fcf46eef9f77bfaa5f3bd33f03c5ff77d5a8fac
raw-files/FolderComponentFiles_File_Microsoft.Plugin.Folder.deps.json,45357,cac11687dcde8dbe7fe196616cd9f1d95f73547d9f8032353f3708e9aa868272
raw-files/FolderComponentFiles_File_Microsoft.Plugin.Folder.dll,50016,e24977ace12edaf43522c2683e60069f0bf168fcde731e9b5d84227e3e009118
raw-files/FolderComponentFiles_File_PowerDisplay.Models.dll,69984,ef7b42b766a00e9adfeb28023c6f3275c88983d6a8348af400cf42955325dd34
raw-files/FolderComponentFiles_File_PowerToys.Interop.dll,501088,df733810c9184ca7698e6d25ddfe7643f0fbc7e6a3bad1ffb42ec206a3f2638c
raw-files/FolderComponentFiles_File_PowerToys.ManagedTelemetry.dll,21856,a6b3decf60df51361676a7e4bf8d33aa0608288f1b8ec49bc2051f06ba48f540
raw-files/FolderComponentFiles_File_PowerToys.MouseJump.Common.dll,95584,57ebae0fa43325b1e021ce091b03986b6ec8b82aa4f20346b5c8d44572746e7c
raw-files/FolderComponentFiles_File_PowerToys.MouseJump.Models.dll,45408,da7b4edebbfb403c952bb22386d68742250d7c6fe49a16f611fcdfab02275c1d
raw-files/FolderComponentFiles_File_PowerToys.ZoomItSettingsInterop.dll,284000,aa3400b150baca293e51fa00a7e308f9869e17b42ea35bc87645c6f1851aabef
raw-files/FolderComponentFiles_File_TraceReloggerLib.dll,23216,6830c0f1d3f3c17719181e73dd5cfa8ccbb3f3c575329d2120576545103467b5
raw-files/FolderComponentFiles_File_plugin.json,378,621629decd4127027ffe2594037a06d0fe9f26dc249a28e9a0d01e98ab8e3595
raw-files/FolderImagesComponentFiles_File_Warning.dark.png,959,487df2dc450c19121bac7686c86da8d4d26e5e1d6d043981a58ce9668a9c514c
raw-files/FolderImagesComponentFiles_File_Warning.light.png,1023,9a73d39b1b111b7c0d9960367fa990dea247705d716a5bbfe2f1e406a322314a
raw-files/FolderImagesComponentFiles_File_copy.dark.png,391,9a4da9fadb24afb9b5acbeb2f260ee883b0920c2182be94588998ee974bbcdbd
raw-files/FolderImagesComponentFiles_File_copy.light.png,372,e50292a3448af157f7bce8158616c932e0e43f30231c867c2149729f915c63bf
raw-files/FolderImagesComponentFiles_File_delete.dark.png,660,16155f17d608c993224665ea0477607ce2870233b436e7a9f7f8cd49f93f7aae
raw-files/FolderImagesComponentFiles_File_delete.light.png,626,6a29e5422f8a16dacc01fd949d6cee036a15d6dada2b61836928e1f258b46f4f
raw-files/FolderImagesComponentFiles_File_file.dark.png,387,51ed399ad0914e241b68645eb0246319562e41e27ef3b58f8ca966ee2c25cc3b
raw-files/FolderImagesComponentFiles_File_file.light.png,337,dc7f32722b10227605c59049d08088c3b79f007cebfc5d0b4591002a39bbf0a3
raw-files/FolderImagesComponentFiles_File_folder.dark.png,407,f93ea063ec3f2673f4a43ec815fbf6ebbbbe275f5d1b5e7599477dbc3ab7cf54
raw-files/FolderImagesComponentFiles_File_folder.light.png,398,348b1dbec6a608e420e7e5a2948ae9628c7a03ad910da46c4d43d4926ccf1cad
raw-files/FolderImagesComponentFiles_File_user.dark.png,640,102b1171e906749c593599d76cc886024b4a21b927a888d15e39223975933396
raw-files/FolderImagesComponentFiles_File_user.light.png,598,7313b60cd879d47a68a6d71930847da232d7b579bf00885c80ac54c7a141b276
raw-files/GcodePreviewHandler_ar_SA_File,15200,34c8494739510e3dd7daf703faf556c3deaeed6025ce6e88343a0e799d8b64e3
raw-files/GcodePreviewHandler_cs_CZ_File,15200,ffb7df08c804e118032c07d25b01e355e2ae7f094f185a1715ccb59619ac9382
raw-files/GcodePreviewHandler_de_DE_File,15200,887f5b823015a48e105eb7f76d90d460c44208c27d653d4ea31f02f629a6fbb5
raw-files/GcodePreviewHandler_es_ES_File,15200,c448b2e4511bee32373c1312d06090dd79c7ba38c1400d65d7fde7e55c73bdf0
raw-files/GcodePreviewHandler_fa_IR_File,15200,f01a93ed889df3b178ebdce15986794dbdde6bf173fb8162b53e941657f6da06
raw-files/GcodePreviewHandler_fr_FR_File,15200,07c6c5e1c098a4bd70e65b16f45be794b6e2f4ea74e41b64c7ed6419c1e745b7
raw-files/GcodePreviewHandler_he_IL_File,15200,915815bea4b9d793a077dd532a8520babd8e88c6f896b251f472010f168d878d
raw-files/GcodePreviewHandler_hu_HU_File,15200,6675ec997a95260f61282971888477b3925460967882fe64e9d1da1620eb1d91
raw-files/GcodePreviewHandler_it_IT_File,15200,9c25f1801c6d48ff1ac11a1eb42b27ddd6f90b2a151e6dc42a6f3df3056de605
raw-files/GcodePreviewHandler_ja_JP_File,15200,74e35c0859d122d1e8ab843c99312c13e4843a6dda60a5fabedea944e0f4ea4a
raw-files/GcodePreviewHandler_ko_KR_File,15200,6f59967ebbab38e6b0d8150a69ced222e7727745bf5457fa121703b22cf26cdc
raw-files/GcodePreviewHandler_nl_NL_File,15200,ff027fba6f27e14c5a960c6be6c61ad2421c05f1de3f50a1edbf7657cf25a24a
raw-files/GcodePreviewHandler_pl_PL_File,15200,f0e8e26f543b1bef5201f84f2a0dffce35322f3eda1798e4fa84a708adf21986
raw-files/GcodePreviewHandler_pt_BR_File,15200,c80866b4dd0843f4538d2e2b7369a1e4a8bccf2c32c8004d82fe4a1fdef2f9be
raw-files/GcodePreviewHandler_pt_PT_File,15200,76682b6c5e2b0ccbe27c7aca02d0a8301f9fca585ab7784be0fffcf827b13714
raw-files/GcodePreviewHandler_ru_RU_File,15200,262a9b964bb980b9d0910cfafded2fda597e895dd82af37b98c020926951ed75
raw-files/GcodePreviewHandler_sv_SE_File,15200,a75731e74f30cacd6b06d333de9ee4358d5a4b67224e4e89b96365d63559140a
raw-files/GcodePreviewHandler_tr_TR_File,15200,7f4f36e98c0ad8914fb874af4256a3f1ac5708b58f561fbc601b3a402485441b
raw-files/GcodePreviewHandler_uk_UA_File,15200,d1d53027e4c6beaa4cb8ee91fcab601b559d752d1be0cc63b6c2c711e81ddbee
raw-files/GcodePreviewHandler_zh_CN_File,14688,3bcef646a9984cde9055d070a80a1ed097ca7bbbed3f73e9d503f3a40a9ae82c
raw-files/GcodePreviewHandler_zh_TW_File,14688,4ae5d18952104114c1243598b217cf711345e84dd4216a7d75c19964efc4e37d
raw-files/HistoryPluginComponentFiles_File_Dia2Lib.dll,59024,6c4cac68010fe032218efe5e9fcf46eef9f77bfaa5f3bd33f03c5ff77d5a8fac
raw-files/HistoryPluginComponentFiles_File_Microsoft.PowerToys.Run.Plugin.History.deps.json,64679,77bad8cd764f144bcfa2ee07163448f1e0deabf2a039ffb681ade00b921a2632
raw-files/HistoryPluginComponentFiles_File_Microsoft.PowerToys.Run.Plugin.History.dll,23904,51450b46779019f458b680060434865a88219faa03904b48390742413a55588f
raw-files/HistoryPluginComponentFiles_File_PowerDisplay.Models.dll,69984,ef7b42b766a00e9adfeb28023c6f3275c88983d6a8348af400cf42955325dd34
raw-files/HistoryPluginComponentFiles_File_PowerToys.Interop.dll,501088,df733810c9184ca7698e6d25ddfe7643f0fbc7e6a3bad1ffb42ec206a3f2638c
raw-files/HistoryPluginComponentFiles_File_PowerToys.ManagedTelemetry.dll,21856,a6b3decf60df51361676a7e4bf8d33aa0608288f1b8ec49bc2051f06ba48f540
raw-files/HistoryPluginComponentFiles_File_PowerToys.MouseJump.Common.dll,95584,57ebae0fa43325b1e021ce091b03986b6ec8b82aa4f20346b5c8d44572746e7c
raw-files/HistoryPluginComponentFiles_File_PowerToys.MouseJump.Models.dll,45408,da7b4edebbfb403c952bb22386d68742250d7c6fe49a16f611fcdfab02275c1d
raw-files/HistoryPluginComponentFiles_File_PowerToys.ZoomItSettingsInterop.dll,284000,aa3400b150baca293e51fa00a7e308f9869e17b42ea35bc87645c6f1851aabef
raw-files/HistoryPluginComponentFiles_File_TraceReloggerLib.dll,23216,6830c0f1d3f3c17719181e73dd5cfa8ccbb3f3c575329d2120576545103467b5
raw-files/HistoryPluginComponentFiles_File_backup_restore_settings.json,1257,ef6a09cabecefa3dd84f93fca104f58c04e3dad412917ef31a92381b1094adcb
raw-files/HistoryPluginComponentFiles_File_plugin.json,397,8fe78bc2f7c65e5b88c5338049e8a59d3ea312f969dbb33dcbc5daf4cafaea93
raw-files/HistoryPluginImagesComponentFiles_File_history.dark.png,692,03088fda6634ba1aad7e8f6af08a3a40e5cd6c64e9a3f87168e4e215e079097f
raw-files/HistoryPluginImagesComponentFiles_File_history.light.png,660,46b58e55e7c7fecb12b28942df29b715c30103b88c10b939ed4e3f4e17f92d61
raw-files/HostsAssetsFiles_File_AppList.scale_100.png,567,3978d869e4c34c2582c083890a933a82c0d2bbb980c4419f322f169c17229257
raw-files/HostsAssetsFiles_File_AppList.scale_125.png,768,63335241556eed4eed90f3ef32992d666c148846ba05079afff092e3151f3819
raw-files/HostsAssetsFiles_File_AppList.scale_150.png,1001,fc0c5ef0d97ac610ee0cf60b9a49241da08edc502c5ee3120f7323638c1bb11b
raw-files/HostsAssetsFiles_File_AppList.scale_200.png,1542,affd94ee7857c2517a06dd4d93eac93022ca5c36f0e514ee440d679806c94c5f
raw-files/HostsAssetsFiles_File_AppList.scale_400.png,4283,79ddf3b559f4bb6c246528c19223c73902e329e2ebdec77ddcfaef160e4694fc
raw-files/HostsAssetsFiles_File_Hosts.ico,178017,c4c5f5896cb54a4a33991ab068308ea76e6e71adc245adcbe041b5265e283015
raw-files/ImageResizerAssetsFiles_File_ImageResizer.ico,122959,c0c071242fe0ed9e2cc588933634d3b618ddb1d9b23470b2421b0a1ef5f424cf
raw-files/ImageResizerAssetsFiles_File_ImageResizer.png,2416,b3dc9dc5da8f81801f3b6ddb28f822382f52317c24a3f275dadf1486cee3449b
raw-files/ImageResizerAssetsFiles_File_LargeTile.png,55756,9224f8865f5f9338035fb6159d047d16366b5a2b6520ba7f2ebee22a20c2dd44
raw-files/ImageResizerAssetsFiles_File_SmallTile.png,6686,82c2993f628626f49f88f3bd41e62e7cc8182ae0477b8330e063f6026e28e369
raw-files/ImageResizerAssetsFiles_File_SplashScreen.png,1314,931baaa8bb40e537a2b41f5be7b01072a87adb40c331234e8a5340183eaf8a3a
raw-files/ImageResizerAssetsFiles_File_Square150x150Logo.png,55756,9224f8865f5f9338035fb6159d047d16366b5a2b6520ba7f2ebee22a20c2dd44
raw-files/ImageResizerAssetsFiles_File_Square44x44Logo.png,6686,82c2993f628626f49f88f3bd41e62e7cc8182ae0477b8330e063f6026e28e369
raw-files/ImageResizerAssetsFiles_File_Wide310x150Logo.png,1278,e11d4826f4421058b8a1c123a9e611960b38c1b6d52de653f36f0a2f2bfc19f7
raw-files/ImageResizerAssetsFiles_File_storelogo.png,2776,ec05b5c533773678e4b0d356a835d0629c3af872eb15ebee1915007b9855a707
raw-files/IndexerComponentFiles_File_Dia2Lib.dll,59024,6c4cac68010fe032218efe5e9fcf46eef9f77bfaa5f3bd33f03c5ff77d5a8fac
raw-files/IndexerComponentFiles_File_Microsoft.Plugin.Indexer.deps.json,48811,9d050202b37effb8e40b9995e1e918d0a0acb492234932dea31b7d39706f1720
raw-files/IndexerComponentFiles_File_Microsoft.Plugin.Indexer.dll,46944,0934c64e04f54dbb59fa61896ca76b93bbb25a6753fc082c436bfe0595469972
raw-files/IndexerComponentFiles_File_PowerDisplay.Models.dll,69984,ef7b42b766a00e9adfeb28023c6f3275c88983d6a8348af400cf42955325dd34
raw-files/IndexerComponentFiles_File_PowerToys.Interop.dll,501088,df733810c9184ca7698e6d25ddfe7643f0fbc7e6a3bad1ffb42ec206a3f2638c
raw-files/IndexerComponentFiles_File_PowerToys.ManagedTelemetry.dll,21856,a6b3decf60df51361676a7e4bf8d33aa0608288f1b8ec49bc2051f06ba48f540
raw-files/IndexerComponentFiles_File_PowerToys.MouseJump.Common.dll,95584,57ebae0fa43325b1e021ce091b03986b6ec8b82aa4f20346b5c8d44572746e7c
raw-files/IndexerComponentFiles_File_PowerToys.MouseJump.Models.dll,45408,da7b4edebbfb403c952bb22386d68742250d7c6fe49a16f611fcdfab02275c1d
raw-files/IndexerComponentFiles_File_PowerToys.ZoomItSettingsInterop.dll,284000,aa3400b150baca293e51fa00a7e308f9869e17b42ea35bc87645c6f1851aabef
raw-files/IndexerComponentFiles_File_TraceReloggerLib.dll,23216,6830c0f1d3f3c17719181e73dd5cfa8ccbb3f3c575329d2120576545103467b5
raw-files/IndexerComponentFiles_File_backup_restore_settings.json,1257,ef6a09cabecefa3dd84f93fca104f58c04e3dad412917ef31a92381b1094adcb
raw-files/IndexerComponentFiles_File_plugin.json,390,af22e1d24c5516f3e092aed896226f54c5059126d3c77918422f10a50431ceed
raw-files/IndexerImagesComponentFiles_File_Warning.dark.png,959,487df2dc450c19121bac7686c86da8d4d26e5e1d6d043981a58ce9668a9c514c
raw-files/IndexerImagesComponentFiles_File_Warning.light.png,1023,9a73d39b1b111b7c0d9960367fa990dea247705d716a5bbfe2f1e406a322314a
raw-files/IndexerImagesComponentFiles_File_indexer.dark.png,622,7a9b546b70d8e3fa0050aa8a07a8c912ba0351d55453957ef636ab86cfb82c32
raw-files/IndexerImagesComponentFiles_File_indexer.light.png,583,a854f34dddfef720331901baada77f8189f319e437c31e3645f819de7298f69e
raw-files/KeyboardManagerAssetsFiles_File_KeyboardManagerListeningOff.svg,1336,791ce7534078a1d1715cf044627d71d4add327e2e8d972fdbeb4e8219a1553ad
raw-files/KeyboardManagerAssetsFiles_File_KeyboardManagerListeningOn.svg,1376,2dbc6609620b904c2422b59ccbd314a22605855ad415f59f3bfe2ace038f7cd1
raw-files/KeyboardManagerAssetsWinUI3Files_File_FluentIconsKeyboardManager.png,3386,12585c7c57df444394e7702a24372f4fee874a3ad7a7101eda2642c2b20b18f6
raw-files/KeyboardManagerAssetsWinUI3Files_File_Keyboard.ico,114683,e6c5b5e6ff349d36a09a3457c8f089c8fbaf642688554896635470d5868324ea
raw-files/KeyboardManagerAssetsWinUI3Files_File_Square150x150Logo.png,11694,b15d50af40311e49c9faf7ad4f795f9ae003503782a30543e1626a2bff0a68a9
raw-files/KeyboardManagerAssetsWinUI3Files_File_Square44x44Logo.png,2562,8d836259a73da12b1b0e86b0314ab1235d5fdc810ad03345cbb817065b40fe23
raw-files/KeyboardManagerAssetsWinUI3Files_File_StoreLogo.png,2985,5a155344dec15a424f08d64b21b2b1a7d4411f3ca55394d2f89f5ae68333a441
raw-files/Launcher_Calculator_ar_SA_File,18272,ebe40c0413f9c8ac93660b1e7faeafbd6d9df7e44badb65b5f972e6c661fe0f2
raw-files/Launcher_Calculator_cs_CZ_File,17760,05df9c7f43d99710c428c5d7ab589c477f0bb6a162fce96154ba797addd074ad
raw-files/Launcher_Calculator_de_DE_File,17760,ead0bb306157dba4c621d3b162cdabc4f6d0da6c01bcf331478f96caf45b7206
raw-files/Launcher_Calculator_es_ES_File,17760,65c40d2505806243c3aecd46bbef53a84cf5abba5dcb9c9f1593a8203c55c45c
raw-files/Launcher_Calculator_fa_IR_File,18272,4988ffc9c3b55546727d4a50981b9995152cdd30271a52dca4cd002b675b5e9a
raw-files/Launcher_Calculator_fr_FR_File,17760,3cc9f802a0d476ee1b3af90c3944dddccd5dfb422f656f29901f2498041bd13e
raw-files/Launcher_Calculator_he_IL_File,17760,d16f3f7e73ea6cafc02d1b52f1e236d7bc01178a0322ea5332f6e3c141a94a3c
raw-files/Launcher_Calculator_hu_HU_File,17760,88d167276dca2f3d693b02ec59396221fae00f9bf0417988a0d9015ce9c6e9d1
raw-files/Launcher_Calculator_it_IT_File,17760,edc15221fcd2a120706b28e1f7aa2674b43893f74f3030d049a1db5fbc13c6be
raw-files/Launcher_Calculator_ja_JP_File,17760,929d146e171b72e46d6e2f5f9c0528e0516aa6d3abc78ecffca9a1a31df85526
raw-files/Launcher_Calculator_ko_KR_File,17760,e6153086d6b2c9140ac5ce54de269827616e7d20a2aa61ebbd3e92cc6f0b8705
raw-files/Launcher_Calculator_nl_NL_File,17760,b79ac41f05386a506115de0118d0bee90eae0305f987f8ed91f5590acc87efd5
raw-files/Launcher_Calculator_pl_PL_File,17760,b3e1834318231414587e844546cc4ef391c563ba48a78abca01503aacd606b6d
raw-files/Launcher_Calculator_pt_BR_File,17760,187b196fed1bbd71e1d43e80b5cd018db8371e905afbef9ea206511dac1a955e
raw-files/Launcher_Calculator_pt_PT_File,17760,ae7501b9bde2de17a481db6efc98a5a3af73a50cb33685ed8a1a2e0700785dbc
raw-files/Launcher_Calculator_ru_RU_File,18784,f59792e8fc2f6efefaf417afda5b8defa1e4dc8407ed743267c47108dd09bd36
raw-files/Launcher_Calculator_sv_SE_File,17760,74ef0cf005ddfebe6f0a9ed6f42a4c673f8474f326d6ac91ad987532ac64b4f9
raw-files/Launcher_Calculator_tr_TR_File,17760,937878a526b1cf1944ab88970957a45f0c79b0346b2df5338b3b0426ee66eb47
raw-files/Launcher_Calculator_uk_UA_File,18272,25e8fec198e58e86df3c20132d2cd9366e2c07645808a00b11b65db56af83caa
raw-files/Launcher_Calculator_zh_CN_File,17248,a38cc2869b98952af363cb782574667f02e3b2ee377c97093e5240580644bb48
raw-files/Launcher_Calculator_zh_TW_File,17248,afb2775fc188acbb55bcd1f0715e92e7c7ac41ef200ccea081a683c0d2682983
raw-files/Launcher_Folder_ar_SA_File,16736,e5d6168249cb1a080929e613bfb23b7c316e8ce645177b5380dc3b248f17f877
raw-files/Launcher_Folder_cs_CZ_File,16224,09aa0a2219bada3a58bded48b16abde2740982f03a8a3c24ee8a565c422e9bdb
raw-files/Launcher_Folder_de_DE_File,16224,d8bfb222642a3c3484895c8872970415cd7c1d25ff4d7b1ae5039caa7346117c
raw-files/Launcher_Folder_es_ES_File,16736,c8e3467e1ee497011c268a690937a76b01666201987729b5be6f5d270d72ee8c
raw-files/Launcher_Folder_fa_IR_File,16736,ef0e8a0a1848da3581b0e3dc5a400d8a2b479d4e886aa016203d98cbf02b9008
raw-files/Launcher_Folder_fr_FR_File,16736,1027a535daab2358d9141bb6b38224a43f53984847e5148ad9de00c2ddccd662
raw-files/Launcher_Folder_he_IL_File,16736,483f82894650986f9c30e3d2f24253928698dc8034a8e09f30030ba472025a51
raw-files/Launcher_Folder_hu_HU_File,16736,55d7ddaac0e886450f42d0282178817a7e0bc2c85f58d580caa1a7a22b6417a8
raw-files/Launcher_Folder_it_IT_File,16224,b5f15f5e5c6ef5823d9d05279ebeab9303d9426ae95579a446b92b9e49bc6821
raw-files/Launcher_Folder_ja_JP_File,16736,ebba4702a38f519241bf92a4a72db6a8994827e166386c56e906bb3a3f1080d8
raw-files/Launcher_Folder_ko_KR_File,16736,ab2a993e780eb0c835a576dc106e5dd0efb1a5e65e3ac558722aaa23c9ac2b64
raw-files/Launcher_Folder_nl_NL_File,16224,76b16a3c3d0e449ea74ec654c3332fc220b1b61951b7b7176f1bf995ef4deba7
raw-files/Launcher_Folder_pl_PL_File,16224,a63f9be4beba522f877daa597f29d35dfe56ab2baba2b7407eea86f3abfa65ff
raw-files/Launcher_Folder_pt_BR_File,16224,9df88c3cb740bb8080acb3d38afcbd56ea7eea56feb70918ffe0be7088ceaa45
raw-files/Launcher_Folder_pt_PT_File,16224,a82810e3f21108d0f83e7b3c83a19763b259ad0f5055f8bf4fc1e31d29d7d2b2
raw-files/Launcher_Folder_ru_RU_File,16736,cb3ea6f4735ebdbe8d4e9d2f7fa00bdfaa5b7018945aceb954fda98694b5f944
raw-files/Launcher_Folder_sv_SE_File,16224,d36b3dc4ff81fa8b4fe85c0228052caf0e28858ce3803684f1c0d0e661e44cdd
raw-files/Launcher_Folder_tr_TR_File,16224,eeffc401d416a1b7cc853505facae5a0f7685a6e1cbc434f125a852fc29184c9
raw-files/Launcher_Folder_uk_UA_File,16736,346b7437de2c2f1cf90b158aaa6380fb8eecd3b3f04d7531735a107edd5611df
raw-files/Launcher_Folder_zh_CN_File,16224,743d4d80be71c80eccf1628765f4ca360eb698f68a9cee054a7a9a076ebf0a7d
raw-files/Launcher_Folder_zh_TW_File,16224,45f2d01163f0999d0faef6f73d6dd5902fa50f9316a276180f7d98d5b2afc25a
raw-files/Launcher_History_ar_SA_File,14688,258ba9a131b01fbe4723a4abe58b9791352e31cc3fd13c0b01bf65516485ab57
raw-files/Launcher_History_cs_CZ_File,14688,ec65cc0ed20a4a20dcb5260ade3605ef305a4989e6b36c491cab51b0e86a59b5
raw-files/Launcher_History_de_DE_File,14688,bb2542487a80e133851f85421cda633bf094a8476a6c9809516622800d7d6a35
raw-files/Launcher_History_es_ES_File,14688,fa1107ddca6fafa7e4736257b0619cb373d7045162eb4adc4f407a25466e7607
raw-files/Launcher_History_fa_IR_File,14688,db94e3b742602229217576b14513e937ca8e214da8912f218a84a09b0a7ee12a
raw-files/Launcher_History_fr_FR_File,14688,b6aa513ce6952b3463e39282046509d726e94c51dd5cdbb3cd7540f6c01c61ff
raw-files/Launcher_History_he_IL_File,14688,e9b9640471e040f89fb926bb3701de9e1ade3def9c222bf2436a2e1b6b2abbcd
raw-files/Launcher_History_hu_HU_File,14688,a109b0909eb5967b49cd53e1fc810e634823350c6fee2d8c408ed38df2e2f242
raw-files/Launcher_History_it_IT_File,14688,da2eaa32b0f817c814a1542121e57467dc3c45049aacfbe708720e0ca995252d
raw-files/Launcher_History_ja_JP_File,14688,2046be785efe71b73b2211ddbef86038af6140cdf2b836abaf81af94c90e91b3
raw-files/Launcher_History_ko_KR_File,14688,da204983daacbcca7a7d6af8909c50ecb0678ba7e99f71745f18d038a1b8900d
raw-files/Launcher_History_nl_NL_File,14688,ec4f4488f0febeca8f8b5a386645574145184a4d0f3dfcb96247c8b2d8da25d8
raw-files/Launcher_History_pl_PL_File,14688,36a4ccb051c75bba133629ea7a176d2b89809b207f44a0a5b879623c421fb9ad
raw-files/Launcher_History_pt_BR_File,14688,a4a82787f9ab0d0ddbe34a3aa38bb0950077181166748164d2050effc24e8da3
raw-files/Launcher_History_pt_PT_File,14688,f027f143e3be13b9f46c99752a4f5ac352f22ef8a8dba8d4e6675a721736d5fd
raw-files/Launcher_History_ru_RU_File,14688,344025cadcbc5831a0da147a439b4a5daa2ddf65e87b68e172f2de238ecf7f3f
raw-files/Launcher_History_sv_SE_File,14688,5893310067f51747585dd78dcbafb3ed1cd802e5ed6e9372d20a6a64a237df92
raw-files/Launcher_History_tr_TR_File,14688,8163682ab637c91f53da2e139c1779d0e4d995ec0bcf70fa56350f3bedf29d25
raw-files/Launcher_History_uk_UA_File,14688,c1cb73aa8b85a07214d28cc517b2d271e4e0397e28d17a542719a851c6fce15d
raw-files/Launcher_History_zh_CN_File,14688,66e4853050c06190a50135f25f2e09c4159bfcc25252a6cdcd083847a4155f30
raw-files/Launcher_History_zh_TW_File,14688,1eac27b5bde42dceac0756749d92367381a61f475990cfc7dad60a384c577f98
raw-files/Launcher_Indexer_ar_SA_File,17248,72d1b100dc7a74be78fd6fa401ae4e000762d8ee873c2a31ddf34380fa6dd025
raw-files/Launcher_Indexer_cs_CZ_File,16736,678d2b1f60729118637f600ef25ce21f093e40596dc482c487c43537b3639136
raw-files/Launcher_Indexer_de_DE_File,16736,6ed28c17e5a730eda1c98bf33f78016cb6ef318d130e5d652be2f6f6196a8fb1
raw-files/Launcher_Indexer_es_ES_File,16736,5187a97eaaabbf46ae4b4a0bcf65d6cbdb5c0e87130f4fc5a88736c63effe838
raw-files/Launcher_Indexer_fa_IR_File,17248,481bb8f3c155c576664ce8274a10abdae2a9ee908b710edb2b6843e3a0e4ba5b
raw-files/Launcher_Indexer_fr_FR_File,16736,1b1c3cc707ceeb85b8b86945a3640132da9556889861aeb4a3a77a2684f38e82
raw-files/Launcher_Indexer_he_IL_File,16736,65c4ecba2e65a04c0e0215610afe776812b988d54bbc10be0d0dfab7399ece63
raw-files/Launcher_Indexer_hu_HU_File,16736,cc56d69b5560dd66315078d9c9a125ccf42b70e2610599d0796db21571e98183
raw-files/Launcher_Indexer_it_IT_File,16736,86bd7d617a941e7e621fe016aa1af035f13862873ae2e382259a403e19d01389
raw-files/Launcher_Indexer_ja_JP_File,17248,308bdc71c8d1b9e81e3308dbfc1a77edb8a1dad2cfea5c75582ba6a52bb42962
raw-files/Launcher_Indexer_ko_KR_File,16736,22a0f64fd58855d24873d7cf4862ee22d595a7bba2ac788a1f8cee5410ddac12
raw-files/Launcher_Indexer_nl_NL_File,16736,399ace39996b6fea5c03253f9e6feab7b882164b87904d958b06c2fc1f30a620
raw-files/Launcher_Indexer_pl_PL_File,16736,ca0787fec4914a9b3ce34b17d0ff54fa79769b7f35159fdaddc906dbad5b5f0c
raw-files/Launcher_Indexer_pt_BR_File,16736,a614bf7163522034b884f135d05caa43ea9b4cb19b3b50bd0f09fa2f34978ace
raw-files/Launcher_Indexer_pt_PT_File,16736,41646d6ee0f17d049eea21581a0676598a64e5a2530afa480758a2c2d2f4238f
raw-files/Launcher_Indexer_ru_RU_File,17248,c10331a69df04d664b0bdbecc0872989ba647d975e26fe16d234346f8fbe037a
raw-files/Launcher_Indexer_sv_SE_File,16736,d8c07dc7735d1a4b3fd52f5240dde311c48de517730d9e55166d7fd9a9049308
raw-files/Launcher_Indexer_tr_TR_File,16736,8796490c9ddd605e42e0a1a71e5f3f5703a6a5a91920e019182bdc4d84eb3084
raw-files/Launcher_Indexer_uk_UA_File,17248,ff63bd364b49ca3d413bd8f94bf5af89c042cd4e9be1ef314a2013211e0db60b
raw-files/Launcher_Indexer_zh_CN_File,16736,aa066e9bb92edb8d3d09c115e9cb70b756e7ccc2772e0ad97e8d50d1fd041b37
raw-files/Launcher_Indexer_zh_TW_File,16736,273a918a43d4c7c279cf6a94561d873abe2acb33119f1ec0350ba34b7268a621
raw-files/Launcher_OneNote_ar_SA_File,14688,06f727cee80c26b4dfcfb7fea577ebea4b914acafd714637aea98b7360ceb725
raw-files/Launcher_OneNote_cs_CZ_File,14688,1a0b2bda19957d087f40232917858350398a673261ba4f76a830a60a0b3eb47c
raw-files/Launcher_OneNote_de_DE_File,14688,4d9ceda94d3aab4494ce7ff8c432fc4ea271b8e31493dca904d32e9f55263209
raw-files/Launcher_OneNote_es_ES_File,14688,b80be65658b90deee76526e689c9627a6800f53e130dcf034d023e72c661f9d8
raw-files/Launcher_OneNote_fa_IR_File,14688,f6a2af1d884a7a64ed6d3fd0922f0813adbc1f608d9bface733d79adf554f1e2
raw-files/Launcher_OneNote_fr_FR_File,14688,4f25e84f4841ad3e7bba6e46dddb9b6775704d58a8ed4f0b833000777f7730cf
raw-files/Launcher_OneNote_he_IL_File,14688,8a82695cb2cba01c0aaf7e811fe6bd35ac6787a67e342fabca13eda6225396f4
raw-files/Launcher_OneNote_hu_HU_File,14688,933f8a32792a64d13428876eed705cbd48b3f4442fffa6a68ffcf0f5df260074
raw-files/Launcher_OneNote_it_IT_File,14688,246ac9227430768cf436a32f08d9178836b1a630c40e6113aa1ef91434e40fe8
raw-files/Launcher_OneNote_ja_JP_File,14688,72c30074e9dc13626969155fd45d3a696d298850f5ed3995ce6ec5cc2d1522fb
raw-files/Launcher_OneNote_ko_KR_File,14688,9eea572b5bd644a0b1b5d8ecf94893d4643f3c22fcf50afb1a71fb5ad192f397
raw-files/Launcher_OneNote_nl_NL_File,14688,c5e0b91be7e06239b4af5f9896cff6e79525d3b4f8978592433ead8d39067574
raw-files/Launcher_OneNote_pl_PL_File,14688,14e2ddc2ba9bb88c121563c1a6bd0817ed2cc2ce15ccb284d311153d2fed2ed7
raw-files/Launcher_OneNote_pt_BR_File,14688,079fbb5d0115cb1e33f676fba779841ba8e7c3d9034d28d34539266e4b8c0620
raw-files/Launcher_OneNote_pt_PT_File,14688,5cb6fe6e9ac6cdf3d5bcb88b113c377ebd7f7535b2f32404b7b102f077961540
raw-files/Launcher_OneNote_ru_RU_File,14688,6ea4b925c3145e59c9157497d5cbcc230f3625b946659f63c56f786bee9f794a
raw-files/Launcher_OneNote_sv_SE_File,14688,95ad941708f3b3f1846c29c0f25fbae50b13b51a7789852a33f215d52d2c0bc2
raw-files/Launcher_OneNote_tr_TR_File,14688,2a071df46712ecfc48e02bcad399c669f6d62753a2f9ae06d816da31fb515143
raw-files/Launcher_OneNote_uk_UA_File,14688,28d93ba716c80a521edb489352521149e31a61c9541c4c50814dfcdd4fd7e7e6
raw-files/Launcher_OneNote_zh_CN_File,14688,550709a71c6f82cbdef9b2c9f4aee24e0bafd28644d5f522164473b16087559c
raw-files/Launcher_OneNote_zh_TW_File,14688,e1b564a808be668bad1bf077e90c16b513a6ac9fb166012ccdf8adac66bc574e
raw-files/Launcher_PowerToys_ar_SA_File,15712,e4b11a04f18d5a8008225bc3bc2d14855e30b68e2ea954793cc12a16a6c4646f
raw-files/Launcher_PowerToys_cs_CZ_File,15712,d60e985b603444c72e64c186a80cbdee2704332c692a81dd4a2cb356e785b204
raw-files/Launcher_PowerToys_de_DE_File,15712,63bf3656f830f98ee2a720f1f2ce9335a50c6cc818fe128504e1003a399b194e
raw-files/Launcher_PowerToys_es_ES_File,15712,a0d41b00d7c355bb7c64b67d211b2efaf30f46c6c6bee39f672d19b9320f3e77
raw-files/Launcher_PowerToys_fa_IR_File,15712,5f1d9321308516488b5108eb03a6794037de4c9f61edde601b75cd723ec33f12
raw-files/Launcher_PowerToys_fr_FR_File,15712,06b7607d5d5ac0b0571bf8182d6310940acfd2c39fe429fd64df25dd932ed65f
raw-files/Launcher_PowerToys_he_IL_File,15712,a7eaeb6403ce7570104c0bdd6d6d22f99fd3ef0b4fb00a5dbb118ba7c4d7ee29
raw-files/Launcher_PowerToys_hu_HU_File,15712,06dbbf5a425825e9e5080cff6db8b6ded90de13c9c798eb846c41f7fa53e067c
raw-files/Launcher_PowerToys_it_IT_File,15712,a8918ef1cf9b914dacfa32b0333b1e82b6e0856d6dd7db0f1c49894770152154
raw-files/Launcher_PowerToys_ja_JP_File,15712,c09366133d7a7f4aca812cdece1f286f3a6b3f908e68083a8960d27d563e8f60
raw-files/Launcher_PowerToys_ko_KR_File,15712,1d066319c2cd4366028d29069b406688316154df00d5fd1b9bffea55c5325858
raw-files/Launcher_PowerToys_nl_NL_File,15712,1a176b13faf975afde05861b4780b4ab12772541935eb4f2ab7df3262b540e31
raw-files/Launcher_PowerToys_pl_PL_File,15712,c1deb9e31b49b73330a7fa0f87e8f45b757fe28687579d4fb283b43eb1f3fcd5
raw-files/Launcher_PowerToys_pt_BR_File,15712,cba3ef7afc958c2b62748d368c063dcaec35fcb4d5a15ba06a6cfe5b6104057a
raw-files/Launcher_PowerToys_pt_PT_File,15712,1de41f2e2777ab7181bd8a08333abd43ea2afa5a7306a483ac171f94632e5226
raw-files/Launcher_PowerToys_ru_RU_File,16224,c0a632b165f4dda204a816bb5939940f44c1315d1671cdd5d1000c42a107024a
raw-files/Launcher_PowerToys_sv_SE_File,15712,6ddb24105e9a6af7f21f5806908312b8dd723b4f29bafc185ca09b9073b50189
raw-files/Launcher_PowerToys_tr_TR_File,15712,3b6586b87304869730102c3b688476924570818eb3357dcbe25616d4fb5fa3e0
raw-files/Launcher_PowerToys_uk_UA_File,16224,cb969cd09661b0eccd387bb87856d387014c13d878a3d9522b0fc53ec05f325b
raw-files/Launcher_PowerToys_zh_CN_File,15712,8a1d940e7048afdf88bfc50b9909f5595ec1afc43ac63d7b61adb2106728c793
raw-files/Launcher_PowerToys_zh_TW_File,15712,c4a5eb7321bafd586b06eed900d99cd7b58ee40e0048c04d5eb87b33dbe45c0a
raw-files/Launcher_Program_ar_SA_File,16736,74dd82778da2550482fbf2ced81fde6c4cd49e3fe2d55d08b2766ef6dde7daf0
raw-files/Launcher_Program_cs_CZ_File,16224,e3a5c4bca45162622e0ac2cd6cd2e8ad91983a9cc405b4d0825d6740f3d080b0
raw-files/Launcher_Program_de_DE_File,16224,1627dae5e6a67662cbfe390873f1797f04e3cfa85e55cdd43389947700c175cc
raw-files/Launcher_Program_es_ES_File,16736,89fdc10065fb6da24e7c9ba63e7154e2bf4591622973a9c06021e2c218c6b8c4
raw-files/Launcher_Program_fa_IR_File,16736,564522cea29a94e4ad3b990843250a9ce0356f9cefc7ba219307e9246f7cb062
raw-files/Launcher_Program_fr_FR_File,16736,e9fd538e5b6ab728744f831e14f0079f1f934e7e5b78bacbf17bd95a0f618fa4
raw-files/Launcher_Program_he_IL_File,16736,c96b9ea1bd6ab694f78f4439be63c1a767c5875e8c7b887c747b6447bf90dc94
raw-files/Launcher_Program_hu_HU_File,16736,336b764ed5e576ea2bea24c3fe35cc9df61e02ac7fbef24b18ac80169ac9c9e7
raw-files/Launcher_Program_it_IT_File,16224,f77434c07d2cddca766659cf86c0e7d35923bc08275142f1470cf7dce50e4a40
raw-files/Launcher_Program_ja_JP_File,16736,fcaeda9f633868e7c226f4518c10ae5d0b805093210b23af46884cf053232328
raw-files/Launcher_Program_ko_KR_File,16224,e71a290cbdc3d8f2305dced809f15097ee003b83139980633955bb7efce4767d
raw-files/Launcher_Program_nl_NL_File,16224,e591eaaa4b7214e247a0cfb824e53afa2648a6a49fdd3f7ee17a002310c51916
raw-files/Launcher_Program_pl_PL_File,16224,5daf0c4a6eecb3a78a0e60bda12722cbf8ba2f47ab204639e0c995cef609ebbe
raw-files/Launcher_Program_pt_BR_File,16224,dbbfb6bec6181e42d99fcdfa86c6fc3711e6d160eb5b5afe568fb6239080018c
raw-files/Launcher_Program_pt_PT_File,16224,013c829c04c7643fbeb2d6ab789801accb013bf58fdf284ccc7e5c7b70abde10
raw-files/Launcher_Program_ru_RU_File,16736,669db9e7164c54b9f0ec82b0df3163d25eb36a997e4cd45dfe907cd0d4d937e4
raw-files/Launcher_Program_sv_SE_File,16224,be33ed5d765803d645d53751c4f24721e98636b890b8c1017f030eeee3dc3393
raw-files/Launcher_Program_tr_TR_File,16224,a6bd0915be2194a7cd157faffd697d4e7e5dd1377e1ccf5e3ce8b072e2a5ff36
raw-files/Launcher_Program_uk_UA_File,16736,672d0a6e634db776f69b6f48e342709304759149a25fce0a13a97aaab9c30db1
raw-files/Launcher_Program_zh_CN_File,16224,cc03030b8cecdab593e5ba494a5bd1ce71a6e6da7ebdac1cee29763b3c97e5d9
raw-files/Launcher_Program_zh_TW_File,16224,7b72edbf277888e6af39037ec121fb80b03df02ebfc3c5d73b6b26ed6df64ff4
raw-files/Launcher_Registry_ar_SA_File,15712,34b80284137d659c10bc9c3d7e2151d1d49cbc7b508b41fa8c28d6ca5fdcaea2
raw-files/Launcher_Registry_cs_CZ_File,15712,17b8f20a3298c0e9b04ce27c74fa3e82b691e0017e409757168478d5fd46a079
raw-files/Launcher_Registry_de_DE_File,15712,5be2f46d5568cb68d254e2e9ca9ece85ad32edd1a07c673431a418ae71ffcb29
raw-files/Launcher_Registry_es_ES_File,15712,d439468a6a7e0e62effb7beb294faf9ffc6a04313f904612f40518cbbe5ce529
raw-files/Launcher_Registry_fa_IR_File,15712,1dabb56ea57f550f5e48c326b02b54038afb80cf13b8404eb951c1d2adaa0f71
raw-files/Launcher_Registry_fr_FR_File,15712,7e509e73b57ca19dc04558beb3dfd957243fbd9a0b2119633d0b0088d49da502
raw-files/Launcher_Registry_he_IL_File,15712,f8fe016d88123e479ba0d1d12aec7264703f81bbec81f01e2845146d996c9c02
raw-files/Launcher_Registry_hu_HU_File,15712,5d467dc077b13becca7264fd74ea2e22f443e6219366ce36c39e9b16330dcdd0
raw-files/Launcher_Registry_it_IT_File,15712,bf8424cc4fc19705ef60df1ed47ff4050fd1f8f612d905d79899d65739c8b5c5
raw-files/Launcher_Registry_ja_JP_File,15712,f7f0e15c22fd4ea57d5ccac0b39b4ffd5a4f871c431273669b537d105a3cfd24
raw-files/Launcher_Registry_ko_KR_File,15712,788cebd40dd543aa4e6427623d21bc0daed5d05eda916ff004b397474a934b81
raw-files/Launcher_Registry_nl_NL_File,15712,8e4d893e1cb6869cb9985a6975607c94eada6699d62055c38123496f2d895ecc
raw-files/Launcher_Registry_pl_PL_File,15712,e01d3c54ef5744e04db893a8e964e37cea329e86ff4970b28f73e592425cebd6
raw-files/Launcher_Registry_pt_BR_File,15712,60dabb18001f4dda678a098bcd421f1f02de5d36ccdc873815147dd926a2d270
raw-files/Launcher_Registry_pt_PT_File,15712,5b574c471ead89296891b2e1631631a9b299511104be292b85830625150fed10
raw-files/Launcher_Registry_ru_RU_File,16224,4b7346e96fcb3e753140504df6ba854a38f660b67556996bdbf75a67465de2aa
raw-files/Launcher_Registry_sv_SE_File,15712,f5c66838d7e25e2c522b98b3d41af0e8cf28680fd0babbf18c87b2c3eb21f4e0
raw-files/Launcher_Registry_tr_TR_File,15712,179ce56d3f218125900463207386cd03d89236e02cf58966a1452a1688e61d9d
raw-files/Launcher_Registry_uk_UA_File,16224,540b44adef5c6f16e77f14fef498f9d3caac63d0b227e3a68f29bc453736b626
raw-files/Launcher_Registry_zh_CN_File,15712,6f25e0e2a9e9db1d4bd6b65c6bc28fc5508564103e7937dab0edaa61e9f4bf36
raw-files/Launcher_Registry_zh_TW_File,15712,ed565581e3d94fefb673cc23abe103460d2c6331e400120d749bb8d89ce4e0eb
raw-files/Launcher_Service_ar_SA_File,17760,f7d65a86a4140abe32cbb9b327e251031ff374be23cd88022704e5645a0cf24b
raw-files/Launcher_Service_cs_CZ_File,17248,182cabdb3db837cc6a340d2a6439d40111e8af04235b1ad4f2db0b6cd056a2fd
raw-files/Launcher_Service_de_DE_File,17248,3626efd099ed30b4e6f931eb4de33b4826e2caed84b70b82c58fd4c5f877e808
raw-files/Launcher_Service_es_ES_File,17248,c600d44cad91680cdea3f212402ad96359bef49e96c06252f2c3b4c08d8b47bb
raw-files/Launcher_Service_fa_IR_File,17760,7d6df379ea0c28516dd1c742045b346e934038fbbc1f03dd284a9a6898fec61f
raw-files/Launcher_Service_fr_FR_File,17248,39463944bd4f9c98c035c4e3daa746a42baec8f66b1692d69961579adbbb7392
raw-files/Launcher_Service_he_IL_File,17248,6f609718538071960331331fcc56731a9a771f66b8d0516bcd83e60b6446e15d
raw-files/Launcher_Service_hu_HU_File,17248,956f0131b7b8f0a72e2f46cf991106bb0968c0aac54ec368604529a0baf97a22
raw-files/Launcher_Service_it_IT_File,17248,884af4363784d5e708686eb0c4faf0503b1bcfd5d1ebd7becc498750e78115a8
raw-files/Launcher_Service_ja_JP_File,17248,5d277868277cd0afa654d20c610d518f1783149a35ac10b455c9b303ba786ba7
raw-files/Launcher_Service_ko_KR_File,17248,ca47b6b8f21044d157a9437d3469634be269bcc6819b4fe07320421f8e070e6d
raw-files/Launcher_Service_nl_NL_File,17248,22804e7eee13d4d2e30493ea757ef387eae4979b86a10532f7ea7580e341db49
raw-files/Launcher_Service_pl_PL_File,17248,26ce627f3a2f2dabe9635030e99c3f76ec950d25139398465645661d55214b0c
raw-files/Launcher_Service_pt_BR_File,17248,0ca8dadb6a2798505a85914279cbb88441ee811de05565139fc1cf04a09cd900
raw-files/Launcher_Service_pt_PT_File,17248,b48e8ec795dbbde041b8ee121455f1ffc2aeda581258cd0e14e54c6f05051fc1
raw-files/Launcher_Service_ru_RU_File,17760,eb1c24f545fc3ef9bfa4ec1778efe081ef11b77c6b6150beebce291e3403bec6
raw-files/Launcher_Service_sv_SE_File,17248,d5abe6fa43e893797b36c4ccadaa1a889d482c39d9388968c1af0ecf21cd0ee1
raw-files/Launcher_Service_tr_TR_File,17248,8992ea90f0eb774baae65b24bdc9cab163b195ebe9701c1314017b6ffcdaa26c
raw-files/Launcher_Service_uk_UA_File,17760,eddd8c18a93fbcad5d4b3d9ba1c0ee8312a97f9587f0435834a86557b027b681
raw-files/Launcher_Service_zh_CN_File,17248,9cecee64b40fe444e3c1db10e26987bf98b69c8d20a1834ad3a4edc5dede4b3d
raw-files/Launcher_Service_zh_TW_File,17248,803387dc40fc4952f2bccd36ec0f62eb9764ad1c281800d187112fb6121e8ab9
raw-files/Launcher_Shell_ar_SA_File,17248,0f84939e712b8f04a16c0d701ffa568d0c426cb65ad6fdb0431989f1f345423b
raw-files/Launcher_Shell_cs_CZ_File,16736,65e331c9721068068c4c75f43c2b88dcd64056efad54e2ca5bae838fed4a5a7a
raw-files/Launcher_Shell_de_DE_File,16736,c9ced8febde89084046c88d0811c3cd78c703a369ec27efb9b710332082aa283
raw-files/Launcher_Shell_es_ES_File,16736,5b4cc64044b2b946479601de40fd092131899e5b8f321f50166e8a2144b36989
raw-files/Launcher_Shell_fa_IR_File,17248,c086cdeb746ce4d5c3836764ef8bb255ebf915569335b3b0ae5024c2d623395b
raw-files/Launcher_Shell_fr_FR_File,16736,f6a0788ea27ccf63b99fe4ea4d1db60670df698e14bca37523a48cc129ec5eab
raw-files/Launcher_Shell_he_IL_File,16736,b0ee5803923c1f889f15e80ceca83346049248bd637e74b96138d0acde0b164f
raw-files/Launcher_Shell_hu_HU_File,16736,1af1da6d9506f53737c0724a5e11d4d19fe68f1630fb08843e63e95d17685d5b
raw-files/Launcher_Shell_it_IT_File,16736,5341403e94cbd6ef1058d5a06344fc0bf9108f74e37582f59af58405e3130495
raw-files/Launcher_Shell_ja_JP_File,17248,0ed669ea1bf3f648a54ba05dba6e7e3a3e09409fee6dafd753f2c0f55e14ea9a
raw-files/Launcher_Shell_ko_KR_File,16736,dd939aaabcf03916b991a838fa760ea8ad44a3671e172a097b89a6a2a7541553
raw-files/Launcher_Shell_nl_NL_File,16736,14bacfb82c81b86cff1263b5cbfa4bcb85d031bc20792d7b07b5e80c5cc17c60
raw-files/Launcher_Shell_pl_PL_File,16736,cf91e42f765bfa52da4603d56b62498b63e3ce01039013db8d7798cd62c39ca9
raw-files/Launcher_Shell_pt_BR_File,16736,505f997912be1abf0ff4480ab85242776229b395f2ba096d5a6152e79ef592a8
raw-files/Launcher_Shell_pt_PT_File,16736,9b76f36ff7af361c599fc0b3e832ddb37622de22a0c0a317ae87446790b70f38
raw-files/Launcher_Shell_ru_RU_File,17248,7b5d61ba831914bd2899560765e71435142dd5c98f8f93f7c16e81b76b36869c
raw-files/Launcher_Shell_sv_SE_File,16736,629d5930b5dc71b418b44f5a37083893e66b990dc5cba6640861717260e1b4e9
raw-files/Launcher_Shell_tr_TR_File,16736,048cc4a37584654846bbffe30e00b5229e1be3b09a4df790344e61ae6fd6bbbe
raw-files/Launcher_Shell_uk_UA_File,17248,3e31fe439ce6f9d0a0d87ae688f78925bce500fa9acc2adf3b5feea84ff5bc41
raw-files/Launcher_Shell_zh_CN_File,16736,da50a1432e1ff93a6d1a9af4532408acecd15dc1852c7ca24aa2f6b41c96ad27
raw-files/Launcher_Shell_zh_TW_File,16736,a360a2bdd74c28a5a5ea5f43cba7ce4828b2a6b14b104e12aeb5313e3e6a385a
raw-files/Launcher_System_ar_SA_File,24416,9325e7b3a9cd2631f87372f3d1eb4bf123ac476efe664b7072329701bde3a8ef
raw-files/Launcher_System_cs_CZ_File,23392,1a9a0f395d7704124aa6a3f49be7e45595179d1155329cf479f071abbc5f98dd
raw-files/Launcher_System_de_DE_File,23392,1113dbed742316cffa3632f39e54896f97a9da4d1b2a2b27de2c858dbcb3a272
raw-files/Launcher_System_es_ES_File,23392,c3fb7b199a9a2a7bb37fb0f662d946e526b4a89354eba1f35429c770f5be62dc
raw-files/Launcher_System_fa_IR_File,24416,ec50f3e6bf90ea2d66bcfd66324840701ebb8cdb355001cca5eb9fb5487cce85
raw-files/Launcher_System_fr_FR_File,23392,f68281bf4824c1843a720b80d2f221233234bcb1ab2e7af1de4f9d850b6fd84d
raw-files/Launcher_System_he_IL_File,23904,7c69432197fd9ee0ef20977d66a5ece6834cf40e73fe7820ac5b6c8d3ead0dda
raw-files/Launcher_System_hu_HU_File,23392,6ae382709f24c36be84ac2ad7e32cf3b9f315d2895803340ab3cc74344c66cde
raw-files/Launcher_System_it_IT_File,23392,ad82dac33403e3420c5a7d2213e2c75d1c1bea8f7cfae77b0ab929412b3cad47
raw-files/Launcher_System_ja_JP_File,23904,5a69dfe91bf0402cb2293a1865eb7905a580f0f27382beeb768a1160376a5738
raw-files/Launcher_System_ko_KR_File,23392,aacf157be2fdf1855654c9f91660e6e2df2c8fadae110c5c316c14fdebd9a980
raw-files/Launcher_System_nl_NL_File,23392,b05468bd9abce2c7ed41af1f07bc6c8b87eb20fca2cddf3fa7f0f9863adb9310
raw-files/Launcher_System_pl_PL_File,23392,4ea8173f5c6b1b82ae20b1712ecf6cf22a697a7f782d61b264c2ad617bb1ee90
raw-files/Launcher_System_pt_BR_File,23392,7aa8f87ee35f9aed93f1fe229f7763f52c7d43dca480fc7b59736e391baa6980
raw-files/Launcher_System_pt_PT_File,23392,7b1b927abefebe87a25a7c3ebe44e6672aa13478ab9ba104a51bb39773b1de82
raw-files/Launcher_System_ru_RU_File,25440,a62d9ebb2445c072b64d806e1b71c5c4d58c308affaafcf2db98b74aa628a2fc
raw-files/Launcher_System_sv_SE_File,23392,3201c56985b4ff03c4ad09336f0a23baaea11e5d226f2d0aa2f9e1b8b89beb5a
raw-files/Launcher_System_tr_TR_File,23392,d35b68e1ee23c89b8746aa45a9c9be59f203d84ab9b68301e57ecf9f670ab447
raw-files/Launcher_System_uk_UA_File,24928,78620a133118421c6af40c8abe310cbd65194ffa362863ff8c0e23e9a3cd9eec
raw-files/Launcher_System_zh_CN_File,22880,9ff0df1701c6a458167fe21b2e1c33aa5bbaea3d5913313c96294b125e113172
raw-files/Launcher_System_zh_TW_File,22880,9b8be75ffd19828d498485de0d30a9a881f05bce75e7bef6ac9ae17104a3637e
raw-files/Launcher_TimeDate_ar_SA_File,29024,1a99240d0a84a023aec47475604073e53ecb8914854b92b5b78c536823b1e2d0
raw-files/Launcher_TimeDate_cs_CZ_File,27488,bee26f741a4364bbccdbb8f456154fdfa008d3e601160dd101922075f7dcec74
raw-files/Launcher_TimeDate_de_DE_File,27488,92afed8c49d3af9776809538f79684e0d09947bfa0472ab202936c2b6cc1e086
raw-files/Launcher_TimeDate_es_ES_File,27488,75de7f837295439e0912781b8028b01b92c2a417903cd7c86e6512f4e644a7d1
raw-files/Launcher_TimeDate_fa_IR_File,29024,a1592c31b244bd193a03b07189742a26af01050cc9aa66bf6b3dde467f58bc7f
raw-files/Launcher_TimeDate_fr_FR_File,28000,dce9db117bdf48ff792aa8ebb23df9c672261410777f4029bcfcd061003ca23f
raw-files/Launcher_TimeDate_he_IL_File,28512,28256a2f1d2c9c6cfe8eb51d56f43b694541eb80915477a10207bb50ed6d11aa
raw-files/Launcher_TimeDate_hu_HU_File,27488,c67cc827a0e75e62aaf43d27ca0f3e4bb28d1707254591a429b0372c89185614
raw-files/Launcher_TimeDate_it_IT_File,27488,762e080ef346cb005f103f782abfcadefea76a209b0a0770de662c3d5f2bd864
raw-files/Launcher_TimeDate_ja_JP_File,28000,e43610c6b29c40bce2de2af9d42e37493132f88dc50e2749f2df6632ea846f9d
raw-files/Launcher_TimeDate_ko_KR_File,27488,08808bab3d6cdd94553e33a341391a34bf6678e0f2f09433544bf455ac1f2bd9
raw-files/Launcher_TimeDate_nl_NL_File,27488,fdae5ab8296fd77a006c4b3d62a7b513577d205b2d3808b43264c7f825e6a6ed
raw-files/Launcher_TimeDate_pl_PL_File,28000,5d58286c67cc89529eda5a172498848be0a7b719beea9a672d10142089f8c6a3
raw-files/Launcher_TimeDate_pt_BR_File,27488,b3a53e8005beccb4ebfd7d345eba65890e510f8cf598b0238f3e258fe79d1cbe
raw-files/Launcher_TimeDate_pt_PT_File,27488,0c19db9ab154ef5172d1e7c02e92882732a65423a7e058691d2f93022c0028a7
raw-files/Launcher_TimeDate_ru_RU_File,30048,5b66b88e06c83e5bd044f79e7a255637e29ff30cf027ab031166762d37c93bf9
raw-files/Launcher_TimeDate_sv_SE_File,26976,595ea4847a349778b3a1f13cf60b3b5d31f72fef35daffcda763ecf8813909e8
raw-files/Launcher_TimeDate_tr_TR_File,27488,bc33061b9a2a715a7dcdd10c7ff06d7893bfd2628f6ba0c828a21fa661c5c568
raw-files/Launcher_TimeDate_uk_UA_File,29536,75825aded5cbb04f569643e4bcc70cfd1d005bdcc9010d1dcdbc4272403b6b94
raw-files/Launcher_TimeDate_zh_CN_File,26976,7455dfa30dd16881b37771f48037fafb801455354049a0990a717228c8e430bf
raw-files/Launcher_TimeDate_zh_TW_File,26976,8b2773354f7cdc8830781309d6fda9b65882678b727334764de213eb4b665805
raw-files/Launcher_UnitConverter_ar_SA_File,14688,733aa011123b2fb7289ad0064dfdb7e15913be0bba985c855ff354d2455e2102
raw-files/Launcher_UnitConverter_cs_CZ_File,14688,fb2aedf595c25c7749b49d8f7a9cfc2225d85482734e498002bb0fb4e9d16c87
raw-files/Launcher_UnitConverter_de_DE_File,14688,8fdfa1534e5aa28961533ef7c5231a7527cc3d9358047083fab428eacc664eea
raw-files/Launcher_UnitConverter_es_ES_File,14688,6667db8b17a3eb984c1b22aeaef61543943c66d3d33821dea8c7f715d4359f00
raw-files/Launcher_UnitConverter_fa_IR_File,14688,d53acb798a1644b1d3b88e066f1a62c8b1ff6befb54690255fc0c2c0edc97b39
raw-files/Launcher_UnitConverter_fr_FR_File,14688,f9fc5510a175d9d479c43b49b0d39cc371f48f920c901a88c50f338d2c1a31e4
raw-files/Launcher_UnitConverter_he_IL_File,14688,de13aec487d096beb736a17cf8ce90a72febfac7e118acc9f0faf8b47bf83c3f
raw-files/Launcher_UnitConverter_hu_HU_File,14688,3847d1653540e6853e73ddebdcf771a18e127ae06c1d038bcba9c172f583ea94
raw-files/Launcher_UnitConverter_it_IT_File,14688,2682c5bdbfbdd822594e07fd5e45163236cac00d71a67badf05e831b58d00e8c
raw-files/Launcher_UnitConverter_ja_JP_File,14688,3b3c63f6a705bb8489d26e03f419c069d408597dc3074095a09837a05e00e071
raw-files/Launcher_UnitConverter_ko_KR_File,14688,0375da4732f5b30a3e9a183bfc8a3cc9766d484b5a86e9619fe5eeb58558af02
raw-files/Launcher_UnitConverter_nl_NL_File,14688,0eccfcb5e4cadbf3005d60076f76b020c7bf05c1ef1af20cb6f7aafffc590749
raw-files/Launcher_UnitConverter_pl_PL_File,14688,71977bceafd0fe8c78242be4ca624b8b4a37891a8dcf46cc1970d581949428d4
raw-files/Launcher_UnitConverter_pt_BR_File,14688,d1bd68c2ce8fd7b2c5afe5a84855bbb28b6a44d3ec88fef33dcc971b847fa10e
raw-files/Launcher_UnitConverter_pt_PT_File,14688,1c566057b950dc2249debd0985eed459d92fbbc007c80f32fe5e2ef88c9c94eb
raw-files/Launcher_UnitConverter_ru_RU_File,15200,b0191e3dfff552cb103af5c924c97f95692a7e68402b6b63c3ff9822f2078bd2
raw-files/Launcher_UnitConverter_sv_SE_File,14688,0e90e9fcd8cbc82364e630403d5fbeb74c58e2d35ef124bc057fc9ac26d06087
raw-files/Launcher_UnitConverter_tr_TR_File,14688,2b43e646e17ea5e16f0a4f2bc37809573f307dfcec5e2661e049a77d545e1f8c
raw-files/Launcher_UnitConverter_uk_UA_File,15200,2077e1e7f6721169f2bd5fd8bd6c933cf1e2d0d733e85b017f7ca5b4378ad101
raw-files/Launcher_UnitConverter_zh_CN_File,14688,9893b63605d3af4b671f305382cc9252048b86432c92c1c42bd86924737ba864
raw-files/Launcher_UnitConverter_zh_TW_File,14688,5b277b2125a585cd6bed757454c139adde3f4b23d307fb4f5f3f34ecdb25e186
raw-files/Launcher_Uri_ar_SA_File,15200,ef37a8872691dfa481b219b0380c46702116e0fc1faca7e4ce09fddbddb3a23d
raw-files/Launcher_Uri_cs_CZ_File,15200,e66d89d5fe02103df178c129049015b73444e5af54154c7be3bee745d7a4b41b
raw-files/Launcher_Uri_de_DE_File,15200,42b41570521c688d9b335d5ceebdb5dd819f41dc7307d55ccd9cdb9fd998788f
raw-files/Launcher_Uri_es_ES_File,15200,6ee1d4b09422767149783be32ac31f8109357910499bd2e2a8de8bc5e7ffc841
raw-files/Launcher_Uri_fa_IR_File,15200,9a33c561390fff3a453da7878b90327ead3c1ca919c26f52aa511f4e127c3ebc
raw-files/Launcher_Uri_fr_FR_File,15200,11ba12047a8743f915c67cbb95b79102ab617cad996449f2d3db10862847149d
raw-files/Launcher_Uri_he_IL_File,15200,9de490d785e48f7e14edf63425080d188b99e5a656cce1e8c5e94e7994bce161
raw-files/Launcher_Uri_hu_HU_File,15200,5aa446b0046a706709eaf2a11a67bb038f3e1360bc6b10326da08c9172a1509e
raw-files/Launcher_Uri_it_IT_File,15200,66d0bb08bf99c2514600f9ac1a3303209742bce0dc5efbb4682b72e09bdf8b00
raw-files/Launcher_Uri_ja_JP_File,15200,ba4f7b94a151d72245b668ab5e5ae59506d1231f1f233d2fa3ace4164ef66f3b
raw-files/Launcher_Uri_ko_KR_File,15200,ca3cbedc137e9cba6e6ce2c6761af81691684ceab393fef75202e332b18ace52
raw-files/Launcher_Uri_nl_NL_File,15200,9cef9e701c30810aa7b1ea2d4e40d6ccf6f4b52493deac9dc65ccd6d40cd377d
raw-files/Launcher_Uri_pl_PL_File,15200,4b9c26588a6c55e321bffa9a08de36443879fc1e7402f7ed89b14deef9abbf40
raw-files/Launcher_Uri_pt_BR_File,15200,ecf95e7db9e23e31db5f70ca97e7c5489c46326b605043ecf91ed1120a8271aa
raw-files/Launcher_Uri_pt_PT_File,15200,62d278b1aec7bd6dccb9e6f9495a5618d757cb233885a2f426f6b045e806f2f2
raw-files/Launcher_Uri_ru_RU_File,15200,b683b7f2b3b251816478dc77dfb2985b26d8c5197e5c6cb43504940f6886904f
raw-files/Launcher_Uri_sv_SE_File,15200,ea01592208388ca0e6d107895da4c30fb49bf9b108981ab42202f0a8b3b06366
raw-files/Launcher_Uri_tr_TR_File,15200,5e5d2bb8735802d0a97d4f76dff88a19a25ed44676ec239a899a7a1646cca4ab
raw-files/Launcher_Uri_uk_UA_File,15200,4509f79afc6c9e7af866c6ff706aed57a34bc90f3622f7017af1616c671cadbe
raw-files/Launcher_Uri_zh_CN_File,15200,75232c3b1452e126f29c67f18e26bdbb119d2e73fce57868369031ee78905c73
raw-files/Launcher_Uri_zh_TW_File,15200,272c97fd7c9e2260435d943e031c1c883b5c337bacabedbeb605b37be07b5343
raw-files/Launcher_VSCodeWorkspaces_ar_SA_File,15712,3ef5bfe93e9a026d5cac7c3e4b329d8a34666fc1f1c5783d8007a1fa4e5aeea9
raw-files/Launcher_VSCodeWorkspaces_cs_CZ_File,15200,2054436720601aef4cf7e938fef57c52482434c20738318697bd4bbfebfc58ee
raw-files/Launcher_VSCodeWorkspaces_de_DE_File,15200,0f1ec53af2ae342ce3e2c216dfa1285c23b1bc076df11bcd3f1e6693bf27964b
raw-files/Launcher_VSCodeWorkspaces_es_ES_File,15200,583155c1e691a9e3dbe894c9fc724fbe268a6aee3364120f7fd607787b9699d6
raw-files/Launcher_VSCodeWorkspaces_fa_IR_File,15712,507e8b520e0818c2df26f7112fb581fb4f74aff988950df509670c864a0d3087
raw-files/Launcher_VSCodeWorkspaces_fr_FR_File,15200,fdee5ea113000f83f4ab628c247f2c0ce40d01a47ac00c133c3e99b3f33857b0
raw-files/Launcher_VSCodeWorkspaces_he_IL_File,15712,8f23f402940a5ed55d042c4ca51ffe80258745aa92327cd3575bb1f3ce9aa3da
raw-files/Launcher_VSCodeWorkspaces_hu_HU_File,15200,798cd5616cfae800e802029469e071e833901e7acd6bc41d9bfe84d7620f2e1d
raw-files/Launcher_VSCodeWorkspaces_it_IT_File,15200,a618df5ba7b8f2dfe0d93c091e4e075bd807cee9914e5eaf4560b6ddcfcc8055
raw-files/Launcher_VSCodeWorkspaces_ja_JP_File,15712,b83b3ca7b524634035016329058ecdc9044aee53579e3b6a49c573f0f49e0e20
raw-files/Launcher_VSCodeWorkspaces_ko_KR_File,15200,9a854c16e6beaa44f7e9c3cfd2c683d70a67ac2f79a566728cd42d1657c5aca0
raw-files/Launcher_VSCodeWorkspaces_nl_NL_File,15200,750612166d8ec26a44bec720d4a92a53bffe299e389e08a19cb0639111dc9901
raw-files/Launcher_VSCodeWorkspaces_pl_PL_File,15200,c629848e9935459df0761ece83275de4c94ed0016525e2f4ca0c93a92c859a1d
raw-files/Launcher_VSCodeWorkspaces_pt_BR_File,15200,9b3149bd3eff8147da6aaddb0b63f8df82558ae30beac3a154e2803a610f607f
raw-files/Launcher_VSCodeWorkspaces_pt_PT_File,15200,daa223c4ac639b20a4f104b076a44629459a0c454db0de6788a01e063c5d0427
raw-files/Launcher_VSCodeWorkspaces_ru_RU_File,15712,9f047cd3b4ecda8205bc5fbe66c6cf9cfd8392587c75f6fc3f79fcc025360fba
raw-files/Launcher_VSCodeWorkspaces_sv_SE_File,15200,7091e6e070a70f08f00fd51e8126fe610c024f3e979ac5353874679b8320fcba
raw-files/Launcher_VSCodeWorkspaces_tr_TR_File,15200,adee12fdab57c2acfe1db0125972819d5555649c41a91b37786c97df831de477
raw-files/Launcher_VSCodeWorkspaces_uk_UA_File,15712,8e95a0c77cae615591f6e71af57533baf646c635edc81690ba5aa03daaacadd3
raw-files/Launcher_VSCodeWorkspaces_zh_CN_File,15200,5a2c4640de8fc43b44fc6e5cb3332567b806af8911f6380fa6d8e4cab7843f91
raw-files/Launcher_VSCodeWorkspaces_zh_TW_File,15200,dfa8f3807f0882eb8f0f703c81317d0e1e4dab860b0552806c60d547e7dd3f47
raw-files/Launcher_ValueGenerator_ar_SA_File,17248,0424bfb8cfbc33797b451f8801c96dfae520d891ca845f739fb991d67c88c328
raw-files/Launcher_ValueGenerator_cs_CZ_File,16736,d625579acd69e8d3edf8b351ade37eecaf7ce4b36a210e8a783368658641a4f0
raw-files/Launcher_ValueGenerator_de_DE_File,16736,fd7ed0ef6b7a0a577c0e610573e97fbd0cbd97547ad8f41eeeb42ae923c617a8
raw-files/Launcher_ValueGenerator_es_ES_File,16736,e30f72d2c810874224c009a897ad0fe3bd9e947ae530ed5831a0a5a0f6f0fcc8
raw-files/Launcher_ValueGenerator_fa_IR_File,16736,3f3a993870b85806852790f605cee98cf95ca0bc924fa3133068270aa95608a0
raw-files/Launcher_ValueGenerator_fr_FR_File,16736,6fc0a3a8ae9f2d11ebb19b13145af7d6023999ad9d4a8d0d6c64524df79f2237
raw-files/Launcher_ValueGenerator_he_IL_File,17248,5e55b69b48b8ae427bef1e3cf7d66f04b3d233a4bcd5743be72f963e4566c641
raw-files/Launcher_ValueGenerator_hu_HU_File,16736,3b94b813155c91150c3d3b1d6acaa958aa2febd60d3c1c88c2bf72cb8051d3e0
raw-files/Launcher_ValueGenerator_it_IT_File,16736,0bc1c440dc2d2ebdd46b08930b0951ace73884733de97d792a8d7e58aa9c4867
raw-files/Launcher_ValueGenerator_ja_JP_File,16736,13bf863c917d16ddc48e5c09d21fb679536d5ae57e4ce13c63a3906575d12071
raw-files/Launcher_ValueGenerator_ko_KR_File,16736,1a016d6549162c8980fc6315eee5586a19d8bddda17ba384a41776b7457abcf9
raw-files/Launcher_ValueGenerator_nl_NL_File,16736,cf5945e0e80ba6206da17252a5937adb95a60c54c5b0d0b94f3036965f77a232
raw-files/Launcher_ValueGenerator_pl_PL_File,16736,9636a2be97f84b1df399a2eb6267da403121bfe91f8015da148f6cd753365478
raw-files/Launcher_ValueGenerator_pt_BR_File,16736,504ecff72d8782cd47b2f2768d669788f562b6650c68d105dacd6268488d850b
raw-files/Launcher_ValueGenerator_pt_PT_File,16736,e257bd18463f95d48067435d2acae10254a1d598bfb8d9cdaf1781031e3e3fc9
raw-files/Launcher_ValueGenerator_ru_RU_File,17248,0f52cbf88acea2f8d710799c482624b9556ef946ba09a2de0bd12b58fdf75a93
raw-files/Launcher_ValueGenerator_sv_SE_File,16736,67ff5ca2b5798e113be94dbe5aa89f8a8d15119dc0fe3779530c7928828d013d
raw-files/Launcher_ValueGenerator_tr_TR_File,16736,17b80f15d279124db97734d1d121afe8b31ec3becaec578d4a12275779386724
raw-files/Launcher_ValueGenerator_uk_UA_File,17760,2e942dec49153032683c04051e8cf19c626f66acbd2d7d96a8fa0ea7388e6084
raw-files/Launcher_ValueGenerator_zh_CN_File,16736,fd10448b30b7a041e686fa14e5a5c85c632865471de72ba1fe0998997c0f9164
raw-files/Launcher_ValueGenerator_zh_TW_File,16736,1385d44dfd8a829a82f21372af1f1cc64097d2448f12e90d54d2696131333f07
raw-files/Launcher_WebSearch_ar_SA_File,15200,c83c1f101617e76fde2cf9a08178f10889581ae5a40b8c081f2d0ee0eb582c18
raw-files/Launcher_WebSearch_cs_CZ_File,15200,7b511bf1b69777f52d46b68a03d086925911c6c8403dd66c5d1f3da4616a021b
raw-files/Launcher_WebSearch_de_DE_File,15200,24c9058a1cb53ec9295696bb5fc93382f3ffbb23068490d00a261720860ec8a9
raw-files/Launcher_WebSearch_es_ES_File,15200,34582963cf1411381565757a32b25e1dafe14d48cf0451f1b0d4f8092d1f07c6
raw-files/Launcher_WebSearch_fa_IR_File,15200,adaea99ba4a92f938ac3c955b8b00f445a9ed824de5fcbe889f234039940937f
raw-files/Launcher_WebSearch_fr_FR_File,15200,5cc42776f5acddd29b7f8d996c44574b8f155daf4e1e227c5a28b185a252aac3
raw-files/Launcher_WebSearch_he_IL_File,15200,30243d1872ae735a9beb45f9a8c32a470d20b6564dca7fa95cc5ae16207e21f9
raw-files/Launcher_WebSearch_hu_HU_File,15200,a4d603d6835c5044886dca97af9806d46bd1e20ea5e0f5d39bd29602c21a0840
raw-files/Launcher_WebSearch_it_IT_File,15200,3d21ecdce4f0542fd201640316697990698c666391ee08c5d210917d39527db0
raw-files/Launcher_WebSearch_ja_JP_File,15200,55c17c72ea0cc6c0e9d9884a4cdf5b2aae600137a74f531c91a5e40bfea5df23
raw-files/Launcher_WebSearch_ko_KR_File,15200,60ba17deca14520e01452373e5ee6c82728e4d20b2dd126c686fb140bc513b96
raw-files/Launcher_WebSearch_nl_NL_File,15200,baf8bd82c0f197292b89eb164935b1a7e9cff7e37512d88fba706a5330a996e0
raw-files/Launcher_WebSearch_pl_PL_File,15200,d7bf84f347b23f21e1a712e4a7c4cbd19b382ab837c526643a1e880539ad3c46
raw-files/Launcher_WebSearch_pt_BR_File,15200,8d03dda62edd61ac93dbf2af5e1df2f400008d2d12f666a3438019194e2e9cf2
raw-files/Launcher_WebSearch_pt_PT_File,15200,1e89bc3308e7abffeab4984b5c52d7310fb7407ddf99430e5392a730588346fc
raw-files/Launcher_WebSearch_ru_RU_File,15200,d00f27c9f534676f8fb56a943ed4ec2d3bab16d4d5355e89446e734b4042ecc3
raw-files/Launcher_WebSearch_sv_SE_File,15200,52b7e207733f888282cfbc8d8d1031c7da61d90644aa09c4690a1798b1782d9c
raw-files/Launcher_WebSearch_tr_TR_File,15200,1bacfb2ca3d9d66a45a57cfe27e9c509f0690b57df52f5d5d7940cc8ec7fdee4
raw-files/Launcher_WebSearch_uk_UA_File,15200,6272e81e9a5d834f7a82db3844d08c390330f62e6f08ab0e393767db7073d3f4
raw-files/Launcher_WebSearch_zh_CN_File,15200,229f4d5b169bc315ddac88281470249e91afbb71c666c22859cf8e3cdc21a729
raw-files/Launcher_WebSearch_zh_TW_File,15200,bb9d307fef97e2c9c66e175225694db8b560dd08241405b81220051973248a64
raw-files/Launcher_WindowWalker_ar_SA_File,19296,cb1bcb9d08bfe6e10563974724ff13cd81d5309def9d1d814c87cb68db90d790
raw-files/Launcher_WindowWalker_cs_CZ_File,18784,0f4566874126379b0c2942f3fb14d59b917ab88726c11f6e52dac182b2548060
raw-files/Launcher_WindowWalker_de_DE_File,18784,6e361b61fc2cdaf7cf80a6fba865ad225415d0f62ae05a9c522876d86900df03
raw-files/Launcher_WindowWalker_es_ES_File,18784,b58e397ad1f340614f25e60d7a58f0fbaa08469661c9b2102f44fc8ad44cfb04
raw-files/Launcher_WindowWalker_fa_IR_File,19296,b19edd093065fb262675a5ea021e5551fa036c3768f1cdc16f7a6553be051f7f
raw-files/Launcher_WindowWalker_fr_FR_File,18784,ac6ecb2a9903f4107e78f889355c6ebc7ec84a209eeebcb9f50d37b1439dc05f
raw-files/Launcher_WindowWalker_he_IL_File,18784,ec83abffedcaf849eb145a6add5cb5c598d1c7c6c4a094130259e754da347124
raw-files/Launcher_WindowWalker_hu_HU_File,18784,658260d230dfd659a2095ad095a0c408698439538445d6411e613b8bb7518f9c
raw-files/Launcher_WindowWalker_it_IT_File,18784,9875e2507dc438bcb2cec6ae522b7451aaf936b8567e6d2f3f02292f769308f0
raw-files/Launcher_WindowWalker_ja_JP_File,19296,4820fc34e17aaf2f12d144b15a11f1eb17d0d86ab42c843ceac4e4a90064e888
raw-files/Launcher_WindowWalker_ko_KR_File,18784,3cf9257686ea2a883e51ba3e6ef755ca10f4982660a61c8c4899759ff488cc50
raw-files/Launcher_WindowWalker_nl_NL_File,18784,36ad9b94c7e827cf4e986381e7554dc8a05c9b008e97a0c320e1a23d6616ccea
raw-files/Launcher_WindowWalker_pl_PL_File,18784,60c0bded488f770059159d2490df35e1cea0f707cce5a039c485668b17b6dbb3
raw-files/Launcher_WindowWalker_pt_BR_File,18784,3fe4f3e3622fc341a7704f27563ee848869e9bc16fca63b186247ebc28ef7e6b
raw-files/Launcher_WindowWalker_pt_PT_File,18784,de4a2a7400720661f6f3912c11a7fdaafe88d988f452a3e92933c6325af13ea8
raw-files/Launcher_WindowWalker_ru_RU_File,19808,32bd54d9d4f60cebf7fa2ebb342a06070b7e2aa7127a4a595c5dd6a4544a42b9
raw-files/Launcher_WindowWalker_sv_SE_File,18272,f09f6e9d664b1a7a14628412a64ebb71e91c80384b2e8ab6da66a82809058481
raw-files/Launcher_WindowWalker_tr_TR_File,18784,f18d304fb754e8b710eb1fec85679e37a2160289ec900f0326d0917b065719e9
raw-files/Launcher_WindowWalker_uk_UA_File,19808,1f030b043712548b8e17de01df0950e79069ff2af452099761174a29784aa80d
raw-files/Launcher_WindowWalker_zh_CN_File,18272,ffde975316d9024645610c78f05e57d9150abd98b24872cffde4931b0561e915
raw-files/Launcher_WindowWalker_zh_TW_File,18272,f60bcead8bd77fa9e492630fedad16e6b88d3532466499857214049426df881e
raw-files/Launcher_WindowsSettings_ar_SA_File,52064,a939ff0a49b537473b7db3607c0accf780e2f89a29928c2e94ac2db125d6c115
raw-files/Launcher_WindowsSettings_cs_CZ_File,47968,d46eca003935f09877a794041d2faf5d15bd01a9679339ab2ed1ee2e90c63b4d
raw-files/Launcher_WindowsSettings_de_DE_File,47456,3b0227d50f351ceac9fb7630f38e99db004c558a51e652e8a6a929c3b185ec88
raw-files/Launcher_WindowsSettings_es_ES_File,48480,1ebb6fc95f2d91fd18713c4306dbd500ae510365ded6b07a874776565e14173c
raw-files/Launcher_WindowsSettings_fa_IR_File,52064,0f9d06dfa87bcb3401605424e18f927d5e74ed3e52158a3dab293d77bdcffed7
raw-files/Launcher_WindowsSettings_fr_FR_File,48992,dbade2e0a10a0d4db2d41b82f4072f149b11bc7ed55b624ff9936dd4c35b988f
raw-files/Launcher_WindowsSettings_he_IL_File,50528,09b31a04f2c29a2519ea708d5130f45821efae0da545b3ddad0e5d72be369c3a
raw-files/Launcher_WindowsSettings_hu_HU_File,48480,ed5cdd5b901639ca96660f8aa83c2200f1a0440b88995189f02a3926232c04c2
raw-files/Launcher_WindowsSettings_it_IT_File,47456,f5f145fdceded7f7bc80c6f7432ec4fa4166e46792a9a35c1179af8c3c58833b
raw-files/Launcher_WindowsSettings_ja_JP_File,50016,6beaa2976bdc271d20c9b134eb6220abecc4cb2d9f1dddf08f50c3d589dc4529
raw-files/Launcher_WindowsSettings_ko_KR_File,46944,0387c179c48695149e27a77639cf18cfec0c7a4e5b61674fd961a08b7e774487
raw-files/Launcher_WindowsSettings_nl_NL_File,46944,2744580f5303c3f6978bafe36bd3b90ce956925db6b923bcb4a07bccfe4f469d
raw-files/Launcher_WindowsSettings_pl_PL_File,47968,9e54e2fe530ee289eb0f0e23be4e582d6633d2698d167143d2b34974bf3d07d8
raw-files/Launcher_WindowsSettings_pt_BR_File,47968,118178966bedeb611613fe802d6bd40621749172115d8393eaa7b9b30bad722a
raw-files/Launcher_WindowsSettings_pt_PT_File,47968,1c7422243dd232ebe19ce44a1f4861ac6777aed7f1a262945aa1453285afcef5
raw-files/Launcher_WindowsSettings_ru_RU_File,56672,162788560aaa0ec275f9750c7dfa4b79b1c73a222e774cdb8b9bc377f13552fb
raw-files/Launcher_WindowsSettings_sv_SE_File,46944,6380376d099b7161234c711a2c04aad32701a8d4ddeaa3aafa87b61bf76733d2
raw-files/Launcher_WindowsSettings_tr_TR_File,47456,c50d1a816f029a34b537219a70a5a5573abeb11f646d7a2de81e31569eed69ba
raw-files/Launcher_WindowsSettings_uk_UA_File,55648,0bf1707c0ffac02b1bedb0d1cf0ae4b045b12837ad8cb399cc0e5538c9d77409
raw-files/Launcher_WindowsSettings_zh_CN_File,44896,0cb026f1ff49c2cc47a7aa2c4aa9dc5996c10e09b9e6e1429b0c02a276ffd87d
raw-files/Launcher_WindowsSettings_zh_TW_File,45408,8837eb4164bfc9f367c439346472ca92c0ee13693b9e664aecbe6713420b1008
raw-files/Launcher_WindowsTerminal_ar_SA_File,15712,5ca41c1642048cf1a79f27d3c4e7cc2a5a3839a5b27c5e2696c6ada2bbbd5eff
raw-files/Launcher_WindowsTerminal_cs_CZ_File,15200,2125406124dac4d882d45d1de7cb893c65303174acb961b67307be931c58e673
raw-files/Launcher_WindowsTerminal_de_DE_File,15200,693cd769375986e16ee3123fd4f460e3f05a469b159a8e9d28f1a08d5ff3511e
raw-files/Launcher_WindowsTerminal_es_ES_File,15200,ea140abcd67e9363e1a3e755f3cb5538c3f2eb339632dbaf4ba47029688b7df3
raw-files/Launcher_WindowsTerminal_fa_IR_File,15712,ff2942df37ec3587df967e7d60a80e66463c5e2aef994488fd1ab16ded7b0757
raw-files/Launcher_WindowsTerminal_fr_FR_File,15200,1194aa596c22d9c56438cde64cd2e0b1eafa0f18a67ec3791114741fd3d78695
raw-files/Launcher_WindowsTerminal_he_IL_File,15200,0940648a126da04a43c67f198576522cce77a69c6c4eb56a018202c1076782e5
raw-files/Launcher_WindowsTerminal_hu_HU_File,15200,3de02bb22fbbec68398cf107824e81b24d0edb7f9b2fce76eb2c673e6598f6c9
raw-files/Launcher_WindowsTerminal_it_IT_File,15200,62ece2d8b96793b8c2095eace75f0d866b9f9f497b69339872801be541197e49
raw-files/Launcher_WindowsTerminal_ja_JP_File,15712,b4de999303eaf1cb614f06207e4834e87ebbbc125b7dbe0686eadd9166e132f5
raw-files/Launcher_WindowsTerminal_ko_KR_File,15200,59cf76620efa3b473ae6ae0b76855acfd23cb954443d5c57bd7e5f82d2e100a3
raw-files/Launcher_WindowsTerminal_nl_NL_File,15200,7174ff6ab8c565e5ca33b217544bef615581a4ceb28c09b39cab1df9f1b8208b
raw-files/Launcher_WindowsTerminal_pl_PL_File,15200,953db0861f1c669457bda1a35c81dab1ab4b1bee292737a0296868cd5c5bf137
raw-files/Launcher_WindowsTerminal_pt_BR_File,15200,a767133b2c7d78963bcef337f6e0c1635247bac2d398b4b6bc3a88ccaebcf4c6
raw-files/Launcher_WindowsTerminal_pt_PT_File,15200,071a16cc1a6df4eb5dcff6e050fa322c7b13bc501cc62b938b30c9fb1940e171
raw-files/Launcher_WindowsTerminal_ru_RU_File,15712,9a662b4160ad6bff7760599ef34e0bdcbc023d9e9de3fd4036f3cd9a5040bea7
raw-files/Launcher_WindowsTerminal_sv_SE_File,15200,c25bf01b7b7019b36259c51253a7b3b427ef02204020f20b6798a9635f5a41e9
raw-files/Launcher_WindowsTerminal_tr_TR_File,15200,a4adcf25744ba5a820c6fa59db01e88bca202309416c79918edd4cd589778d04
raw-files/Launcher_WindowsTerminal_uk_UA_File,15712,8b88c657ed96245f86a2ed141c83c7e705e8f22e02660738a4d4dcfb5696d78c
raw-files/Launcher_WindowsTerminal_zh_CN_File,15200,b34f7b672b94575b4d1ee9b6dee2cf266923d6ab673a3f19152f88cae845f739
raw-files/Launcher_WindowsTerminal_zh_TW_File,15200,78e309491af638c3b9a3a4266ea366e8f8175bab725197510d9a8b0c6e98ca70
raw-files/Launcher_ar_SA_File,17248,f1ce8c4165f254f466aa57eeeb90dd99d718937868239ad14c91b6fb5755c744
raw-files/Launcher_cs_CZ_File,17248,0a27292f0aac066d639ccbcec541d92b9716506766ae9808c9033f5e9b601a9f
raw-files/Launcher_de_DE_File,17248,9e3321c9c0e9eede8c813e86c90ca7134a1f724f536ddaa8effb1300f7c0e674
raw-files/Launcher_es_ES_File,17248,5f0123a17a07275a8c0efdb86c4640c31cc3fd5613396e2c6439758bfb4c61d6
raw-files/Launcher_fa_IR_File,17248,4818598035a638f0133fe861254f7f25fa0366d8b05829a6fea6ae509b45f821
raw-files/Launcher_fr_FR_File,17248,f5c4830270027d3612fb144a6d5a1dc9ebe5b047bb9663299ccfa05a1a9ed08b
raw-files/Launcher_he_IL_File,17248,956ad9271f966950a7e3b89141cc63f05d44bf79ff0257df0de1fb8759b0a5e9
raw-files/Launcher_hu_HU_File,17248,8e3a0d680d721b2bf1276734466efcdce2c64e0fac66f1393715a6a239b657ce
raw-files/Launcher_it_IT_File,17248,dc2b7a98447048cb0c18d68e5c31272b7fea2653be19b22f80cf24bd1d8de43f
raw-files/Launcher_ja_JP_File,17248,e7ce44c9f730babc1958091e1b2233e4a1dc26372785b1d9589ce10fbfa45f58
raw-files/Launcher_ko_KR_File,17248,780da27a1a269bc221e26740f75a11edc56e35e5a6fd1596f5deea47e59bbce3
raw-files/Launcher_nl_NL_File,17248,8753f6338c3661be1b1cead784b0065684a4cab64339b694ce4b5c8bea2c9068
raw-files/Launcher_pl_PL_File,16736,357eec8a1bb5d10a917d1009db857cce0f5346f033192cb53d0844da77001f69
raw-files/Launcher_pt_BR_File,16736,0371437dc9660688f69740603c73c03ea68ddfefb8c568a9ef4b62c582f2cfe2
raw-files/Launcher_pt_PT_File,16736,5b6e97ad89084aa8a55a8649603cc8838b17af0c65f076120fd2306647037787
raw-files/Launcher_ru_RU_File,17760,42e63cc50d7cd986938a4aff6ddfe5952089fd6cf7faf7d15c39f87988fabff6
raw-files/Launcher_sv_SE_File,16736,7919237d0dd8561c72584d119c87099bdab5ad99dd322a34829d99ef4ef570b7
raw-files/Launcher_tr_TR_File,16736,7e96e4965c137014a818ce6edf2c84f086e7a9f0388cfb0da4a3ae3ca41a6c92
raw-files/Launcher_uk_UA_File,17760,1c6aad83fb50420fac774853087039dc0d35864a5ef4468a4f762b698b4d84eb
raw-files/Launcher_zh_CN_File,16736,260c39835cf588ff05fd5fca67fa2f9d7bb895005fbff8e6dd1b4e5a84bdd45b
raw-files/Launcher_zh_TW_File,16736,3df6f0029f6da6e52aa71d4d70b4e753fdf083283b4d38a8a287b61b5b0a0ad7
raw-files/License.rtf,1308,69a9f5edbc4c510e7415fe9c973068ecf4267c0ff985e3635541138bc6014251
raw-files/LightSwitchFiles_File_Dia2Lib.dll,59024,6c4cac68010fe032218efe5e9fcf46eef9f77bfaa5f3bd33f03c5ff77d5a8fac
raw-files/LightSwitchFiles_File_PowerToys.LightSwitchService.exe,870752,8f891770bc3875bb957639d0ce3e910f506bc72961b95ef135894c7348b31238
raw-files/LightSwitchFiles_File_PowerToys.ManagedCommon.dll,114016,bda41514c5575e0fccd240c2609fc63559b94df3b70c40d26b71bf5c8fca75c2
raw-files/LightSwitchFiles_File_TraceReloggerLib.dll,23216,6830c0f1d3f3c17719181e73dd5cfa8ccbb3f3c575329d2120576545103467b5
raw-files/MarkdownPreviewHandler_ar_SA_File,15712,4bb7fc0d34eafb42d245db5df9c89cfecfdb1b6af8229f40499a425a2f2df7dd
raw-files/MarkdownPreviewHandler_cs_CZ_File,15200,231365ff1687965d2ee63ecb8e9390eb56d865bde8acc8f1d8d70148d8d7e75d
raw-files/MarkdownPreviewHandler_de_DE_File,15200,a5252ac4a7da731454166dd6ebdcd724eec039f356c22086fd259f2a794e996c
raw-files/MarkdownPreviewHandler_es_ES_File,15200,6ee5d89cbc9ba7baea82c0b2f40a11378485edd40240d65594eac067eeebdce2
raw-files/MarkdownPreviewHandler_fa_IR_File,15712,2d757c8a6f7ee467987ab4bba24ff01d4bd00e1a4eafd9691ff8b1fb986b4439
raw-files/MarkdownPreviewHandler_fr_FR_File,15200,12e94b206e74760dc70091d159295ccae6ddc02ce95bd685f8b7f48a8ca845ad
raw-files/MarkdownPreviewHandler_he_IL_File,15200,2213db6024ffc8b0661c35833a85f7d21028a57387fd041e733c6b0808aafabc
raw-files/MarkdownPreviewHandler_hu_HU_File,15200,badad14e0737e902f7ee53ca32aa75a1cb43dd67203c29310618780449598764
raw-files/MarkdownPreviewHandler_it_IT_File,15200,e5644385fa30d15461bd5f249d7531b431c1cdad3ddba56fa03375063e0e4ce5
raw-files/MarkdownPreviewHandler_ja_JP_File,15712,dcf0dbddbb01242203a333052d71796d5b35f40b72628a22f44f679e18af2b9d
raw-files/MarkdownPreviewHandler_ko_KR_File,15200,2259261bf883250b08b77618a9cf0d5cc0134a75b322029c52f3861800b55ba0
raw-files/MarkdownPreviewHandler_nl_NL_File,15200,43d53ad001d043787054a4664a9f4a45508eb72cb5bf2a330b50612af0d010d2
raw-files/MarkdownPreviewHandler_pl_PL_File,15200,c075e06a7f85d71e9df975559161f1c0606d68db9c1ce66e1523ff9134cfffd7
raw-files/MarkdownPreviewHandler_pt_BR_File,15200,14e48895143c819d6d651cc48d7e1a636914506cb0215b171a7866c31b67676a
raw-files/MarkdownPreviewHandler_pt_PT_File,15200,785084b6699e6a3b16cf03dd4bd9f3c42f3e07f5fbde4f6002dd23ce51568a2a
raw-files/MarkdownPreviewHandler_ru_RU_File,15712,736d04956b61dc183962fe61413170108a30607b55abbbe02332f5e2c332e879
raw-files/MarkdownPreviewHandler_sv_SE_File,15200,77ad1635af101e60e7ff27eb31a9c67cc91972aa8495ba8ea315cebc7c42b2f1
raw-files/MarkdownPreviewHandler_tr_TR_File,15200,97d31f0f5af97bb3b021a2736bde326fc809996bd98fa080897e7b6643431475
raw-files/MarkdownPreviewHandler_uk_UA_File,15712,42e8a06a475688de3b7629032477643280e36fd15bc9f4153af38b4201729684
raw-files/MarkdownPreviewHandler_zh_CN_File,15200,760c3a107f74f85149af510df7b605de95d5ba2d231ffada02bfaa56a51aba56
raw-files/MarkdownPreviewHandler_zh_TW_File,15200,5b52d99eccc3683d81603e15303b0b76228b195ec2e595850f969bc34bb5f3cf
raw-files/Microsoft.CmdPal.UI___var.CmdPalVersion_._x64.msix,69918630,e17867ae85b4b3429faf356eccda188735a4060dc2fc94fc2a6893ec2a39fe3b
raw-files/Microsoft.CommandPalette.Extensions.winmd,14848,b16e3413750d650ac0e58610d49e7cd34e9d834046b8f3d6529471d2f22f0a60
raw-files/Microsoft.Toolkit.Win32.UI.XamlHost.dll,110800,98a87914e37600c7f97a27ca603a6b994dd51ffd390ce5b34e073939d258c2f4
raw-files/Microsoft.UI.Xaml.dll,6430616,b975c41251d70384635c81ba1bab34506ea4c4094237081bbf9ff4ca7c96a90e
raw-files/Microsoft.VCLibs.x64.14.00.Desktop.appx,6757465,077a3d1a5d0622bd3004dca85f5e192d6e98ec79b83d4aa06766759ea6c09c3d
raw-files/MonacoPreviewHandlerCustomLanguagesFiles_File_gitignore.js,413,2e0634c1346f1073a6bc028394a432bab7ca5e93c274d528c2ccccc37219dc8a
raw-files/MonacoPreviewHandlerCustomLanguagesFiles_File_reg.js,1641,e3b0269a56a6305f1715f282498262f5a8ead3d41b6d7320129e36be85637575
raw-files/MonacoPreviewHandlerCustomLanguagesFiles_File_srt.js,882,71aca0137d060a7b61280957073995a050c28ddadf1dba27a481db532334d0d3
raw-files/MonacoPreviewHandlerMonacoAssetsFiles_File_customTokenThemeRules.js,106,69ef7dad1886d4e0892cd12240f2158435c6e1a7edcdf0295756d2004e011f75
raw-files/MonacoPreviewHandlerMonacoAssetsFiles_File_index.html,7149,7e8f2bfb81aa6498bd2d236c3eae54c8e42633cf288f9299df62d2537b553bac
raw-files/MonacoPreviewHandlerMonacoAssetsFiles_File_monacoSpecialLanguages.js,32112,39d134cb7beb414b1204a95eb2947375534c8b7a512a231ecfed0f49bf61e565
raw-files/MonacoPreviewHandlerMonacoAssetsFiles_File_monaco_languages.json,9708,1730676bcdc41b2ae5ceae4d3df506a1edc56962621f44b6f246cb43a5751f6f
raw-files/MonacoPreviewHandler_ar_SA_File,15712,9cd9e4e229f2ce41d1eeafddc522e9e6c3c01cc576a5904b413c0b683fd53deb
raw-files/MonacoPreviewHandler_cs_CZ_File,15712,c762c5c65eb3f9b7bb00379f93ec1d1652eb98bef956930a44e5d39de12ce8c9
raw-files/MonacoPreviewHandler_de_DE_File,15712,3cdb596cdac6fa5258729cd2cb664b95b9d9be7aa718e32486035bd9325cc350
raw-files/MonacoPreviewHandler_es_ES_File,15712,675039d2831d7f2847022eabe6f4b76afb5976a1c1b6090c4dca19ae92453235
raw-files/MonacoPreviewHandler_fa_IR_File,15712,e5857a5426e73778777d3e74c0746debed0b2ad927f684b8a3bfd123e8089641
raw-files/MonacoPreviewHandler_fr_FR_File,15712,5f256ef593a1e7b17f4700534e9f620e7d6b42d74fb44b17b474b892dbabe450
raw-files/MonacoPreviewHandler_he_IL_File,15712,84567087b025ee23669368c61ab9b4055a43018830b14fa9a4ce9403b2a39730
raw-files/MonacoPreviewHandler_hu_HU_File,15712,94a9ab7d492420020dfecddbe303131ba48789f0f9a66611d6a6f69302a6fefb
raw-files/MonacoPreviewHandler_it_IT_File,15712,0e6c47d3e5aab557f0310529de2d4eb03b5884bbd4d98c4af7fce17cbd048ffd
raw-files/MonacoPreviewHandler_ja_JP_File,15712,bf74fd37f880f23bef22e9de99bee2af57e2915c056710165ac74382ac919ad1
raw-files/MonacoPreviewHandler_ko_KR_File,15712,a3977f7c60c01e6a02e3af080e491fca23350f46e48f7e7e722f21ba0a8e9135
raw-files/MonacoPreviewHandler_nl_NL_File,15712,d6c843d284322ad9d84209e58b25885e0e4c100ced3dbcbde1c58f5b5e31b8da
raw-files/MonacoPreviewHandler_pl_PL_File,15712,05ddcaae883787de5495e185e60837bc632bd0cae7923d0c846e8104a5b9353f
raw-files/MonacoPreviewHandler_pt_BR_File,15712,ec273c3b6e9778d20094767f52c8b0551232b0d801ae0259e4353bc26a3de21d
raw-files/MonacoPreviewHandler_pt_PT_File,15712,14bd06e51100dc47e4d897ca3ffc41b24d639d771ce98aa2defe002ccc7c9635
raw-files/MonacoPreviewHandler_ru_RU_File,15712,7da02a40f2bd93161d6b7f0e0fd4694217d65b9c9d5f94330d123ff64f62b7ff
raw-files/MonacoPreviewHandler_sv_SE_File,15712,c72c8da6e99639efe40412fa13a5a8e1e4864da62ede2e0106c004696792aa13
raw-files/MonacoPreviewHandler_tr_TR_File,15712,4ffe80cd27033a4fe75855a9e1df6bd94cc90ff45bd0713b346f48c18e725eb5
raw-files/MonacoPreviewHandler_uk_UA_File,15712,e07abb14bdaad05ddfd74efc213fc792d7df6178a47bed616e71cc6148abaa9e
raw-files/MonacoPreviewHandler_zh_CN_File,15200,84ef545dfae38556ee57039108589f754d397e6a9cbeb9dcb312385d82dfc598
raw-files/MonacoPreviewHandler_zh_TW_File,15200,62806c6cc019863ea49d635bdb97030e2aa0d616fae0640f39bc3da8c95b4f5b
raw-files/NewPlusAssetsFiles_File_LargeTile.png,1407,30f0c897159cced46d9af091ba98d631602728cae020dc0ae11719f2683baa2f
raw-files/NewPlusAssetsFiles_File_New_dark.ico,108903,09f0f4904acab01326672ccc0fa895bf07c6e618c6b05d4a77c49dd6cb51c774
raw-files/NewPlusAssetsFiles_File_New_light.ico,108903,09f0f4904acab01326672ccc0fa895bf07c6e618c6b05d4a77c49dd6cb51c774
raw-files/NewPlusAssetsFiles_File_Open_templates_dark.ico,113873,c779dabd0aeb4f975fe1cf7460945b19fbdb410717835a16360b7fdfd3ab04e8
raw-files/NewPlusAssetsFiles_File_Open_templates_light.ico,114019,1983bbff81aa4f253b1e6f9bcc17cd2b97cb8df59fef9c30b5f2f4d900779326
raw-files/NewPlusAssetsFiles_File_SmallTile.png,433,82d03a32d62938bff429633f721b44805b042274fa504e20a9318dae13027e06
raw-files/NewPlusAssetsFiles_File_SplashScreen.png,1314,931baaa8bb40e537a2b41f5be7b01072a87adb40c331234e8a5340183eaf8a3a
raw-files/NewPlusAssetsFiles_File_Square150x150Logo.png,1407,30f0c897159cced46d9af091ba98d631602728cae020dc0ae11719f2683baa2f
raw-files/NewPlusAssetsFiles_File_Square44x44Logo.png,433,82d03a32d62938bff429633f721b44805b042274fa504e20a9318dae13027e06
raw-files/NewPlusAssetsFiles_File_StoreLogo.png,328,ab7e6af79ab26adab23317e7fe7d48834b1d735679533ff0014b43e1aca66da0
raw-files/NewPlusAssetsFiles_File_Wide310x150Logo.png,1278,e11d4826f4421058b8a1c123a9e611960b38c1b6d52de653f36f0a2f2bfc19f7
raw-files/NewPlusTemplateFiles_File_1.md,74,8362f56a8362372feb4a3a08329baeb6890e22effdbc9a656c7bd92323fe8720
raw-files/NewPlusTemplateSubFiles_File_1.md,16,c4e8d4f17cf37c458377fc4e202fb4442a24f6076f0a8bfc086562334936bfe2
raw-files/NewPlusTemplateSubFiles_File_2.md,24,a6f093b2d66da25fabb4eec1eafce70fbfda79ff1119c77d1610cf21e6b79664
raw-files/Notice.md,83964,fd0c74cabd1ded095d9fd36be2ce0231ae0857ec682364d9f9ce81a11d2b16f2
raw-files/OneNoteComponentFiles_File_Dia2Lib.dll,59024,6c4cac68010fe032218efe5e9fcf46eef9f77bfaa5f3bd33f03c5ff77d5a8fac
raw-files/OneNoteComponentFiles_File_Microsoft.PowerToys.Run.Plugin.OneNote.deps.json,50757,f3709173e9835ffa95c6800cf53137cd1eaf12b7b5b4360cbcd58eb9bb285588
raw-files/OneNoteComponentFiles_File_Microsoft.PowerToys.Run.Plugin.OneNote.dll,24416,2c0075d0c5e037e5fb5b87624343d70c87e88d58504a6891fb7f392c5e042ff2
raw-files/OneNoteComponentFiles_File_PowerDisplay.Models.dll,69984,ef7b42b766a00e9adfeb28023c6f3275c88983d6a8348af400cf42955325dd34
raw-files/OneNoteComponentFiles_File_PowerToys.Interop.dll,501088,df733810c9184ca7698e6d25ddfe7643f0fbc7e6a3bad1ffb42ec206a3f2638c
raw-files/OneNoteComponentFiles_File_PowerToys.ManagedTelemetry.dll,21856,a6b3decf60df51361676a7e4bf8d33aa0608288f1b8ec49bc2051f06ba48f540
raw-files/OneNoteComponentFiles_File_PowerToys.MouseJump.Common.dll,95584,57ebae0fa43325b1e021ce091b03986b6ec8b82aa4f20346b5c8d44572746e7c
raw-files/OneNoteComponentFiles_File_PowerToys.MouseJump.Models.dll,45408,da7b4edebbfb403c952bb22386d68742250d7c6fe49a16f611fcdfab02275c1d
raw-files/OneNoteComponentFiles_File_PowerToys.ZoomItSettingsInterop.dll,284000,aa3400b150baca293e51fa00a7e308f9869e17b42ea35bc87645c6f1851aabef
raw-files/OneNoteComponentFiles_File_TraceReloggerLib.dll,23216,6830c0f1d3f3c17719181e73dd5cfa8ccbb3f3c575329d2120576545103467b5
raw-files/OneNoteComponentFiles_File_backup_restore_settings.json,1257,ef6a09cabecefa3dd84f93fca104f58c04e3dad412917ef31a92381b1094adcb
raw-files/OneNoteComponentFiles_File_plugin.json,418,6ada7a8360bae6f69751d227dc00bca888579155299824fbbc17b28c4581c6fa
raw-files/OneNoteImagesComponentFiles_File_oneNote.dark.png,604,29f6e3fc7feba10ae2a54548953dca4666e2c36c4b2d55be83dbeeed62340ee9
raw-files/OneNoteImagesComponentFiles_File_oneNote.light.png,565,2402d175f34f70f79b6850672446e71642320a81eba848d5945efd7b78a76b60
raw-files/PDFPreviewHandler_ar_SA_File,15200,dd69e26c933a865534183c44fd7c0b06e86343da9ab5fd610f71f4674fc9d1df
raw-files/PDFPreviewHandler_cs_CZ_File,15200,442e623cddea740077a2ad97c590c75468d15f84f1f6accedf91eb548ef03200
raw-files/PDFPreviewHandler_de_DE_File,15200,5bdcd9267e370c61fc74e8276dc34d40ae14b7343422c64337c9cad540e5bd53
raw-files/PDFPreviewHandler_es_ES_File,15200,8827aef1be6d8d9af0c240e62fe59e5ca61299ae5b9778d3fa4b92094e214792
raw-files/PDFPreviewHandler_fa_IR_File,15200,8bec34a97e65b4cf94ffdcf0b973634636f1e23fe8035b9e8bfc7391b058e6ef
raw-files/PDFPreviewHandler_fr_FR_File,15200,311f86c4c55d22059894cb1ec91f268c5c33fd43e7e40d1d5da62864b262c549
raw-files/PDFPreviewHandler_he_IL_File,15200,b28fccf9108fd16835e5e6fb5d5cc8103cf3072aa5ca96af0911e85ea842b352
raw-files/PDFPreviewHandler_hu_HU_File,15200,9c6b444796aa8ef154bbb99b829ec98da22af2c18eff7d9c49d974db8f83ce7f
raw-files/PDFPreviewHandler_it_IT_File,15200,1d1dc615617223431394882c0b67e06c9aa0897ea29bfea99d182da64809707e
raw-files/PDFPreviewHandler_ja_JP_File,15200,f637db56f1e57ace98757fca4282e9fb0aac3cf9ec569d38bc5f7f2d4b69ce58
raw-files/PDFPreviewHandler_ko_KR_File,15200,f682a2da5dfeceec2b04af11219f3a145b0319afbade52b48af885b1023d8af2
raw-files/PDFPreviewHandler_nl_NL_File,15200,e04b7d1c44dd4d6dadb09ae90863e3eed5051ad3b100f960fb50147afd97fca4
raw-files/PDFPreviewHandler_pl_PL_File,15200,217c4014e8333e4c3b912a9711e6bee7a82062567daa00a2d8363502ea927153
raw-files/PDFPreviewHandler_pt_BR_File,15200,e2bba3b24bb6b86908fd7d7bfdec1581cf2d50920d8e0da94b51a73c95bf7025
raw-files/PDFPreviewHandler_pt_PT_File,15200,e7151b81a2c49adaaaa79cfe8cb4380168479ea1202871ee9b1a4397a8363ccc
raw-files/PDFPreviewHandler_ru_RU_File,15200,e84972252f26f0df0ab2cd30513bf6194238ee7dc8ee40fede3d95ef997c843e
raw-files/PDFPreviewHandler_sv_SE_File,15200,14d6570c00c4b3014533d5e51ff296ed37c647df558eef8bb2594a0a300459c4
raw-files/PDFPreviewHandler_tr_TR_File,15200,2099a3b84026e88d44b62c0c17a32e61d2a6751dbd1f18c967250d1b44e96da1
raw-files/PDFPreviewHandler_uk_UA_File,15200,d1a71a8ca8ccd81c7ab39403d99e21cee4aa285e4aa3d5c48a94c5a9cd01232c
raw-files/PDFPreviewHandler_zh_CN_File,15200,a05961ed8d7a15babf72bc9da239d3225dddd80b56683afba10b377395ffb631
raw-files/PDFPreviewHandler_zh_TW_File,15200,8b98368c10e1118afa402208cfa0c8fa6a3124e2f02c92fc8e92aff06adc3e8e
raw-files/PTConfReference.psd1,16980,0caff32346d1b9f5c1a3f6f91682600ad963259559a0b896850210fa089c34a6
raw-files/PTConfReference.psm1,122380,04e4221149e90eb089843212cd5c3233b7ce324341def75153a880d2366aee54
raw-files/PeekAssetsFiles_File_AppList.scale_100.png,624,aa6eb458e17644ee184f197b99542c55b0e7a2977c38aad67fe5707024786e9c
raw-files/PeekAssetsFiles_File_AppList.scale_125.png,778,97f0ac6d3cb057db326dedf12137f3a1c6c239c285dfedc1a66ec089f778b356
raw-files/PeekAssetsFiles_File_AppList.scale_150.png,2277,1661dcbabcab4a13a4cae073276361930f42217259fb2fcd9624e9b6132c6357
raw-files/PeekAssetsFiles_File_AppList.scale_200.png,1484,f5fb6b525ee86d9a939a9f76e1f26f7b2aaafba0811e2a055c7554a8f95dc585
raw-files/PeekAssetsFiles_File_AppList.scale_400.png,3856,c7cad16436966aae222ff2e382ee60293160b803238af28d566efbba5350c22c
raw-files/PeekAssetsFiles_File_DefaultFileIcon.svg,1453,447957efed9aaec9a7055859fa2b55f21fd7981b8ccd09b8e7ecbd86edf5080b
raw-files/PeekAssetsFiles_File_Icon.ico,165199,d9f094447b1fcb508ba99b6da16dc16b02c2a68c1ca19d10c7f22bab59f67752
raw-files/PowerDisplayAssetsFiles_File_PowerDisplay.ico,195588,6c7de65eb58ccfd77a0a9830bd8f5e3cbb6197ac27045bcbcd826728faa9b962
raw-files/PowerDisplayCli_ar_SA_File,20320,f0e7197eb46871363b1be6ab4f088d20708acba5f4f70a2168183d9317ef08dc
raw-files/PowerDisplayCli_cs_CZ_File,19296,fd634fe2de2de7b7c9b7f880a7f2bed256d317597d856492a5b5fb09de6986f5
raw-files/PowerDisplayCli_de_DE_File,19296,141c8cbd6a99456e9fec6f3199f96c65e279a25a7e22018dc43771c59117f051
raw-files/PowerDisplayCli_es_ES_File,19296,a264ba3b1108f05e9a52ce3d52c20fcafd439f954c38badcd93cb5901a65428c
raw-files/PowerDisplayCli_fa_IR_File,20832,f666675166416e7356fc81b4d99e6aa932cd0997e18e59bdb5ccce00274629a4
raw-files/PowerDisplayCli_fr_FR_File,19296,7cd47482516e9456111c096690ff965dd9398f825f95d86efb653299da724445
raw-files/PowerDisplayCli_he_IL_File,19808,ac900b2e200cb1c57e2071bdaab2937c63d834dba8c9df5663c3c34f67115693
raw-files/PowerDisplayCli_hu_HU_File,19808,bd17a5cecbfe52967a7add31971a8a7c0c2be8f96356b46368c47c0f4399d7f3
raw-files/PowerDisplayCli_it_IT_File,19296,ae3e479e7b9096ef442e60aa9c879882b0b00b0245162ae787166ebdb74b5d00
raw-files/PowerDisplayCli_ja_JP_File,20320,7f67e663fa0a8ece62051aa7d8f5055d7b0e19422c7c8dff8326e0aacfec0bb0
raw-files/PowerDisplayCli_ko_KR_File,19808,2482ec50705c658f12cfaab4f36354619bd28a71b9969918ac49b6bb94d57cb2
raw-files/PowerDisplayCli_nl_NL_File,19296,845203ab145ab1da8c5d6d94dab14266dc4d51df665eba21a6fd39cfd0002155
raw-files/PowerDisplayCli_pl_PL_File,19808,278d1fe665c5d0964cf5b80b7367b644f6863d98847c26dc22c26dcb1cad4c2d
raw-files/PowerDisplayCli_pt_BR_File,19296,d2aaad2e7e3594f264e601f15a632c59fc31cdecb023be357673f8ab34486545
raw-files/PowerDisplayCli_pt_PT_File,19296,fbd453cf2dc039e33097c03d42e0106f359638b8acb403f676a59b73081746ab
raw-files/PowerDisplayCli_ru_RU_File,20832,019b8775aa75e8f38f3f7116e8311b927461b943e4c9c94dbc533a791feb21d1
raw-files/PowerDisplayCli_sv_SE_File,19296,5fd959c2811b9609b57c3a483a01fd614f4a8b297c499539a54cd412f89da0d0
raw-files/PowerDisplayCli_tr_TR_File,19296,436deab50731d26626d2a62c4081e8f8e76e36cac8f14fe808074aee985230b6
raw-files/PowerDisplayCli_uk_UA_File,21344,e8660b978c713b3c87fa2d1b2529d998392cb43b47ad5bc6ecb1320643afd39b
raw-files/PowerDisplayCli_zh_CN_File,18784,e92eda9bb8f481ca7740a7f2a121289333d6801641dee555e6cf55d46afa692a
raw-files/PowerDisplayCli_zh_TW_File,18784,91ded834f4ca90786b6bc298d68ab7c8d2b0d53c8ba6db6084f11ff4ec911761
raw-files/PowerOCR_ar_SA_File,15200,ea79e5b80b6babc830ad2f7ffef26659ccf86912a8f549f00e6162f1cc57e0c4
raw-files/PowerOCR_cs_CZ_File,15200,a7e9a950d195c048fddc87d009a31661d7183e8a5b270677502f56d39218a41d
raw-files/PowerOCR_de_DE_File,15200,249e48769ed7d6520727f82624dc392ff8ad1ce6907b414258bbc830cfe65090
raw-files/PowerOCR_es_ES_File,15200,7d316fa865c8cc952583bdb1400bc21dabce1e6a957a13f77733b760f5bb97f9
raw-files/PowerOCR_fa_IR_File,15200,22159cc51f39af839df5eb448470b9ec67f3d2f00645379df0bd2f89572744b5
raw-files/PowerOCR_fr_FR_File,15200,81587b780846e53f93524d9cdaaebd0eddfe46bf11b7edd609f987b0ffc3e9b5
raw-files/PowerOCR_he_IL_File,15200,874df30206622f6433074ecf7e3c5af22c9a5ee14c0fb62f311a7c57e48375d1
raw-files/PowerOCR_hu_HU_File,15200,593feb81ee493f558cf8bc997d4bdd78332ca62654eb40d97f65cf655803cbaf
raw-files/PowerOCR_it_IT_File,15200,8ef5dfb65530a3860374b5e766835baaf237410a5e6f3fd7480d69b2ac1a2e06
raw-files/PowerOCR_ja_JP_File,15200,68eaeffd3667200e16e4b64d2c53c7370eb9f4bdf71f3eaac1f094119f04b539
raw-files/PowerOCR_ko_KR_File,15200,68f86eedb77ff0d5a72a23e8484880b68cf2ebacf3fc69bc1cf0dae43946df2d
raw-files/PowerOCR_nl_NL_File,15200,eb54873d49d7a199b73432cb4126e9ace0811b0d7be312de890d2407275027f1
raw-files/PowerOCR_pl_PL_File,15200,fff239bcefb8898236ab5bb35a71b796640e530660f006300f247de825fcbef1
raw-files/PowerOCR_pt_BR_File,15200,152fcd5256371839e668981e80ec28475f5f492fc317b7dfe75cca79e6826154
raw-files/PowerOCR_pt_PT_File,15200,50929615ac7fce2a5c82eeadffb948a50cdfadda74b26960b6eb53be5ae3b6d5
raw-files/PowerOCR_ru_RU_File,15200,16e7ffe4088ac5c2760c1d55e4ba59afd16c6e25b01a6f2ce48920389fc93c64
raw-files/PowerOCR_sv_SE_File,15200,7f9c6c2656f7cf5ad2f2ecb3f49c7400a2987d500e98315d60883997f1276d6e
raw-files/PowerOCR_tr_TR_File,15200,3aeac19f3e5d79dfbf5a856c94ba8862baa0a63dcdc6b0a6adeda8cb05ff5e5b
raw-files/PowerOCR_uk_UA_File,15200,ffdaf79698d201b88d9ac39a7b49947e122e3f22e4c359d4a859725e9a3f234c
raw-files/PowerOCR_zh_CN_File,14688,8e708f9ac2401451e470b8e47c80b3a515d43771cb5d747256d014ef52a284cd
raw-files/PowerOCR_zh_TW_File,14688,b3572a8d1102e320f456a5de236616348692ff9f1cf2c197e710af74dbe26c0d
raw-files/PowerRenameAssetsFiles_File_LargeTile.png,40761,5bb57c5925f94f7b768eccaea839467ca289cc2ca8be6760b9bdc4b93b8d5d4a
raw-files/PowerRenameAssetsFiles_File_PowerRenameUI.ico,118203,e3d8be4df0c0e4e488788b0c518195b613ff56aa26dbfc733fc4ba56645ba8e3
raw-files/PowerRenameAssetsFiles_File_SmallTile.png,4759,563c7dff7d07fb852cf63b2adacab3b8c77c781dc81dab6d3778c3d1d8466215
raw-files/PowerRenameAssetsFiles_File_SplashScreen.png,1314,931baaa8bb40e537a2b41f5be7b01072a87adb40c331234e8a5340183eaf8a3a
raw-files/PowerRenameAssetsFiles_File_Square150x150Logo.png,40761,5bb57c5925f94f7b768eccaea839467ca289cc2ca8be6760b9bdc4b93b8d5d4a
raw-files/PowerRenameAssetsFiles_File_Square44x44Logo.png,4759,563c7dff7d07fb852cf63b2adacab3b8c77c781dc81dab6d3778c3d1d8466215
raw-files/PowerRenameAssetsFiles_File_Wide310x150Logo.png,1278,e11d4826f4421058b8a1c123a9e611960b38c1b6d52de653f36f0a2f2bfc19f7
raw-files/PowerRenameAssetsFiles_File_file.png,44217,da691d425118dfe4e44907113df0296aefe77cf215e86735c14081648aa8d47d
raw-files/PowerRenameAssetsFiles_File_folder.png,65705,62511f03623cd62f6212e11155073613045f3938f31d6b95536483284df5ee0d
raw-files/PowerRenameAssetsFiles_File_storelogo.png,2004,9aa7068e281e12581d3188019b97a73b739ce7dcd7632bb7cc8969c47e05358f
raw-files/PowerToys.KeyboardManagerEditor.exe,1694560,61f12dffdbfc5ce568a6a0e7f42348d4684a22ab9d270e19f33afd03d1db8443
raw-files/PowerToys.KeyboardManagerEngine.exe,1119584,f7edf00bae36b95a1d132034d054c2722c7c78442d8e5e64a7b661c3c0541013
raw-files/PowerToys.exe,1660256,da493bef86de32d960de6d9653cc122332e1af97ab5b026ed816cfdd258d5792
raw-files/PowerToysCmpFiles_File_Dia2Lib.dll,59024,6c4cac68010fe032218efe5e9fcf46eef9f77bfaa5f3bd33f03c5ff77d5a8fac
raw-files/PowerToysCmpFiles_File_Microsoft.PowerToys.Run.Plugin.PowerToys.deps.json,50163,45ae4772c4c0363ebea17cb5f34ef6c781e57c3e50c4d3499a22064b5cf0e0e9
raw-files/PowerToysCmpFiles_File_Microsoft.PowerToys.Run.Plugin.PowerToys.dll,50528,102f880492daf2b618ed6af6c6fb7d166506cf266409229521d5fb81cbc7c422
raw-files/PowerToysCmpFiles_File_PowerDisplay.Models.dll,69984,ef7b42b766a00e9adfeb28023c6f3275c88983d6a8348af400cf42955325dd34
raw-files/PowerToysCmpFiles_File_PowerToys.Interop.dll,501088,df733810c9184ca7698e6d25ddfe7643f0fbc7e6a3bad1ffb42ec206a3f2638c
raw-files/PowerToysCmpFiles_File_PowerToys.ManagedTelemetry.dll,21856,a6b3decf60df51361676a7e4bf8d33aa0608288f1b8ec49bc2051f06ba48f540
raw-files/PowerToysCmpFiles_File_PowerToys.MouseJump.Common.dll,95584,57ebae0fa43325b1e021ce091b03986b6ec8b82aa4f20346b5c8d44572746e7c
raw-files/PowerToysCmpFiles_File_PowerToys.MouseJump.Models.dll,45408,da7b4edebbfb403c952bb22386d68742250d7c6fe49a16f611fcdfab02275c1d
raw-files/PowerToysCmpFiles_File_PowerToys.ZoomItSettingsInterop.dll,284000,aa3400b150baca293e51fa00a7e308f9869e17b42ea35bc87645c6f1851aabef
raw-files/PowerToysCmpFiles_File_TraceReloggerLib.dll,23216,6830c0f1d3f3c17719181e73dd5cfa8ccbb3f3c575329d2120576545103467b5
raw-files/PowerToysCmpFiles_File_backup_restore_settings.json,1257,ef6a09cabecefa3dd84f93fca104f58c04e3dad412917ef31a92381b1094adcb
raw-files/PowerToysCmpFiles_File_plugin.json,411,aa313a2b014190e8b614e2b5904743e913bd1016da44dc4665a637feeccebf2a
raw-files/PowerToysDark.ico,43006,d7f8b8ee6a9103c184040cb55d5b2785ddcbafd9623bb79a6c4bb20aa1afdc52
raw-files/PowerToysDarkUpdate.ico,43006,1e4cd0aaaf1538740689cc7be21956ac9481440d18203e190cb18408f7366652
raw-files/PowerToysImagesCmpFiles_File_ColorPicker.png,1593,0190181507686d1223586d65c00b8ac42229422c651b6cfcc87dd5f163c6e81e
raw-files/PowerToysImagesCmpFiles_File_CropAndLock.png,1399,c73f516c158fc6165bb982c7b8a5edf3d05e0739e3f8173bf02613c41d7fc088
raw-files/PowerToysImagesCmpFiles_File_EnvironmentVariables.png,2155,f355f367f582cfe03e3e9c521d946a1963a6368aba8848b33230000de7b10a24
raw-files/PowerToysImagesCmpFiles_File_FancyZones.png,968,149829ff7a56e37660d139f395ef88bd2a732ddfd5283c4d7f96dd35f92ca430
raw-files/PowerToysImagesCmpFiles_File_Hosts.png,3198,3e7240d3c21ff4f03b64dcea971bc380a58286ff14caa2925252a90e215f3dfe
raw-files/PowerToysImagesCmpFiles_File_PowerOcr.png,921,d8d7186c8a7c47a32455bcda572ec6ea21242428618818b6419cec5874074b38
raw-files/PowerToysImagesCmpFiles_File_PowerToys.dark.png,550,d2430dd45b4b6295d58ad8bb8451cca7bd534a95398515708b83cd331cddbf01
raw-files/PowerToysImagesCmpFiles_File_PowerToys.light.png,490,36a310abb200cb7e7449fdefaa96b6a2afa9dfe8fe1a81369f65db3f641151a4
raw-files/PowerToysImagesCmpFiles_File_RegistryPreview.png,1746,200f504c4d5efe5075b8c97ccacda40373dae5c97b30c33f7c1887103eb6882e
raw-files/PowerToysImagesCmpFiles_File_ScreenRuler.png,1770,996341e7ea5afa77120424f7c8c38e7483092ec5de734605199aaed45446b671
raw-files/PowerToysImagesCmpFiles_File_ShortcutGuide.png,2259,94300470ffcadb6e43e33c3009ec94ca3cf7eec2c3eb350fabf8b1e944f2e07d
raw-files/PowerToysImagesCmpFiles_File_Workspaces.png,1852,efdb5fb1ecd2e802b622e5a422cc39c6032bc19dd10936b8691a57dd122c2fc4
raw-files/PowerToysWhite.ico,43006,0291d46e268f251dbbe9089bfb92796a5dc08037eafba5fff6e67cd812029437
raw-files/PowerToysWhiteUpdate.ico,43006,58e8e866c4159870de61ec07087b3aaf885fb7709d17a020ca3bc0b71fdcc5d0
raw-files/ProgramComponentFiles_File_Dia2Lib.dll,59024,6c4cac68010fe032218efe5e9fcf46eef9f77bfaa5f3bd33f03c5ff77d5a8fac
raw-files/ProgramComponentFiles_File_Microsoft.Plugin.Program.deps.json,46461,763132c8730a1da8b608741289fd1f9d17699cff3d27a40b10beb12d4192caa8
raw-files/ProgramComponentFiles_File_Microsoft.Plugin.Program.dll,108896,69fe99b1439a4e8d2604276df54498e55cb1d72aba183d17035c8f12dbeb0081
raw-files/ProgramComponentFiles_File_PowerDisplay.Models.dll,69984,ef7b42b766a00e9adfeb28023c6f3275c88983d6a8348af400cf42955325dd34
raw-files/ProgramComponentFiles_File_PowerToys.Interop.dll,501088,df733810c9184ca7698e6d25ddfe7643f0fbc7e6a3bad1ffb42ec206a3f2638c
raw-files/ProgramComponentFiles_File_PowerToys.ManagedTelemetry.dll,21856,a6b3decf60df51361676a7e4bf8d33aa0608288f1b8ec49bc2051f06ba48f540
raw-files/ProgramComponentFiles_File_PowerToys.MouseJump.Common.dll,95584,57ebae0fa43325b1e021ce091b03986b6ec8b82aa4f20346b5c8d44572746e7c
raw-files/ProgramComponentFiles_File_PowerToys.MouseJump.Models.dll,45408,da7b4edebbfb403c952bb22386d68742250d7c6fe49a16f611fcdfab02275c1d
raw-files/ProgramComponentFiles_File_PowerToys.ZoomItSettingsInterop.dll,284000,aa3400b150baca293e51fa00a7e308f9869e17b42ea35bc87645c6f1851aabef
raw-files/ProgramComponentFiles_File_TraceReloggerLib.dll,23216,6830c0f1d3f3c17719181e73dd5cfa8ccbb3f3c575329d2120576545103467b5
raw-files/ProgramComponentFiles_File_backup_restore_settings.json,1257,ef6a09cabecefa3dd84f93fca104f58c04e3dad412917ef31a92381b1094adcb
raw-files/ProgramComponentFiles_File_plugin.json,375,67bdd3cdbc4cfe8c62c98ffcda86b6edeec87ee278b6b0904b0dcc2c14ad9c1c
raw-files/ProgramImagesComponentFiles_File_app.dark.png,349,43aa2e109943fe8a7b390f18fb7ba2898bf0b65c7b23605e752c49216d005890
raw-files/ProgramImagesComponentFiles_File_app.light.png,331,961c5c6da25f4303c7a090ff6942b4ca9ddca49f45d64c3d0194c9476b9dc87c
raw-files/ProgramImagesComponentFiles_File_disable.dark.png,765,99ee23970cbefdd02ba9dfa53a3ebc59d16399f863cb4038b9b1bd70ea131428
raw-files/ProgramImagesComponentFiles_File_disable.light.png,685,d4e9d4dd7b11fc1df41780a6c05a710044c48ae5d9da0d88483990c783c16566
raw-files/ProgramImagesComponentFiles_File_folder.dark.png,407,f93ea063ec3f2673f4a43ec815fbf6ebbbbe275f5d1b5e7599477dbc3ab7cf54
raw-files/ProgramImagesComponentFiles_File_folder.light.png,398,348b1dbec6a608e420e7e5a2948ae9628c7a03ad910da46c4d43d4926ccf1cad
raw-files/ProgramImagesComponentFiles_File_shell.dark.png,503,9e1ce975611456756985e9868fb0491134676f507edadf8c64a25630b5c0a24c
raw-files/ProgramImagesComponentFiles_File_shell.light.png,484,5a372caa740daf1d36c2c455c1c30f28554f8959812ecdaeec76a77dffe3a431
raw-files/ProgramImagesComponentFiles_File_user.dark.png,640,102b1171e906749c593599d76cc886024b4a21b927a888d15e39223975933396
raw-files/ProgramImagesComponentFiles_File_user.light.png,598,7313b60cd879d47a68a6d71930847da232d7b579bf00885c80ac54c7a141b276
raw-files/QoiPreviewHandler_ar_SA_File,14688,09ccb7e1c8d6ae8517f03ef511556c5f7c3d4f1cb855a717bf3ebc9bf43c6f0a
raw-files/QoiPreviewHandler_cs_CZ_File,14688,247f62c501dc13379b082f37823abb7ce783da86eb04cf9649ff765e9fe4974a
raw-files/QoiPreviewHandler_de_DE_File,14688,b3bcb598092bb10a42a869ceda283450b09393309d6513d27f7e3b3982d9b62c
raw-files/QoiPreviewHandler_es_ES_File,14688,e293843e1be9eaa258637ea67ba212b6587cd26821cc5f19a125af7bb26e0d91
raw-files/QoiPreviewHandler_fa_IR_File,15200,24517c677a55eaa903d3a91ecf096f4cc15011fee5da5c70b29e18d2de34b757
raw-files/QoiPreviewHandler_fr_FR_File,14688,e54bf0df2a65527cd525066e41b95f27eef3635a401e319172409a1e90914a25
raw-files/QoiPreviewHandler_he_IL_File,14688,29ed855be506470e182d39eaed21196e650b0c5b9d0cf9a496d36ea5011af060
raw-files/QoiPreviewHandler_hu_HU_File,14688,20a60e97d91eb15ccbe85eb09284d326f2f77ba75f149bdc2a0bc5b75eac2f77
raw-files/QoiPreviewHandler_it_IT_File,14688,22f96a4a357bc0187821f0c35bb68dad9861b391b714fa532d0c5ecf8d745977
raw-files/QoiPreviewHandler_ja_JP_File,14688,0029293e32e9d25a5a48e8a4708f4a18692f64eef2ea9c0c92c563e3805ab9d1
raw-files/QoiPreviewHandler_ko_KR_File,14688,aad2abd52f897145197bfbc23a1f4b762f2a91b510c0a1493e86526d2a233ca7
raw-files/QoiPreviewHandler_nl_NL_File,14688,76b12ea32e5519c1c800b664580802526574842adf3b85b9a31401e92226dfc9
raw-files/QoiPreviewHandler_pl_PL_File,14688,aa9bcda6bd27b1d4febe63fde765eb0afcaacbb639f97bc3efa7d9a2bb231eab
raw-files/QoiPreviewHandler_pt_BR_File,14688,d2efd127dbf4acf03a8edbfdcab3a7469a95942a8edf763689640f89e49ee0f7
raw-files/QoiPreviewHandler_pt_PT_File,14688,5ee73147b3d87851a9032d8183d4e4cb0a8b6ca968f71c55cac98f12ad9b110e
raw-files/QoiPreviewHandler_ru_RU_File,15200,8f7f8fdf61b235d17c4d642958cbdb58efeaf92e79fc112b7a3869a77f210ed9
raw-files/QoiPreviewHandler_sv_SE_File,14688,637374e71e380f875d622dffe210b7f8827cf8e78e2029c8d4a952bc6dac6024
raw-files/QoiPreviewHandler_tr_TR_File,14688,56969c359bbfff90f40dcf02f6af1009a12ae831ec9da91c9306275d569c1d27
raw-files/QoiPreviewHandler_uk_UA_File,15200,bcfbabb42824e9c48fcb82e992fc3853695cb13e139ab95904084cffd9c76c5c
raw-files/QoiPreviewHandler_zh_CN_File,14688,163b420c65739ff0616e6e2abf9c6a60b774d2eb722d1c407c18972aa0f46070
raw-files/QoiPreviewHandler_zh_TW_File,14688,fc05e0d83dd4c300bf1a9d00ad25ade3d223e6e451ee6078d5cf35a6c59a08b3
raw-files/RegistryComponentFiles_File_Dia2Lib.dll,59024,6c4cac68010fe032218efe5e9fcf46eef9f77bfaa5f3bd33f03c5ff77d5a8fac
raw-files/RegistryComponentFiles_File_Microsoft.PowerToys.Run.Plugin.Registry.deps.json,46821,d8ae5e9de6069cf6b54fb7fd803caf11b385b1f58390989274fcf284ff729a19
raw-files/RegistryComponentFiles_File_Microsoft.PowerToys.Run.Plugin.Registry.dll,37728,d162527d55becf0008a069cdebd4568f26b5552169b0e4cf83e67ff16955bc49
raw-files/RegistryComponentFiles_File_PowerDisplay.Models.dll,69984,ef7b42b766a00e9adfeb28023c6f3275c88983d6a8348af400cf42955325dd34
raw-files/RegistryComponentFiles_File_PowerToys.Interop.dll,501088,df733810c9184ca7698e6d25ddfe7643f0fbc7e6a3bad1ffb42ec206a3f2638c
raw-files/RegistryComponentFiles_File_PowerToys.ManagedTelemetry.dll,21856,a6b3decf60df51361676a7e4bf8d33aa0608288f1b8ec49bc2051f06ba48f540
raw-files/RegistryComponentFiles_File_PowerToys.MouseJump.Common.dll,95584,57ebae0fa43325b1e021ce091b03986b6ec8b82aa4f20346b5c8d44572746e7c
raw-files/RegistryComponentFiles_File_PowerToys.MouseJump.Models.dll,45408,da7b4edebbfb403c952bb22386d68742250d7c6fe49a16f611fcdfab02275c1d
raw-files/RegistryComponentFiles_File_PowerToys.ZoomItSettingsInterop.dll,284000,aa3400b150baca293e51fa00a7e308f9869e17b42ea35bc87645c6f1851aabef
raw-files/RegistryComponentFiles_File_TraceReloggerLib.dll,23216,6830c0f1d3f3c17719181e73dd5cfa8ccbb3f3c575329d2120576545103467b5
raw-files/RegistryComponentFiles_File_backup_restore_settings.json,1257,ef6a09cabecefa3dd84f93fca104f58c04e3dad412917ef31a92381b1094adcb
raw-files/RegistryComponentFiles_File_plugin.json,393,8805009b28d6e5e6c0f80dd53603aacb4ba7404fd317e30ff0d7339d59ba494f
raw-files/RegistryImagesComponentFiles_File_reg.dark.png,554,419ede144e3e1e522647c212b04c6691762c2cfcc20154ad661c08bb57e5fc67
raw-files/RegistryImagesComponentFiles_File_reg.light.png,528,54b030ff3d3861bfdc25c96585e8f6aa09acead6590174ec73779b29622b9dae
raw-files/RegistryPreviewAssetsFiles_File_RegistryPreview.ico,138557,698e287689e6eafc75782e2a92e6d260d5dfa29371290a72e38dd2869279f6ad
raw-files/RegistryPreviewAssetsFiles_File_data32.png,367,0e4ba3d5e87a19342499de111067a6738cd9d9ca35dca116b947109e7d05d3a9
raw-files/RegistryPreviewAssetsFiles_File_deleted_folder32.png,1281,3296e068fde261d8d9caa24e832b0c4b59d911a5344ae473ac3a98ba4356bdff
raw-files/RegistryPreviewAssetsFiles_File_deleted_value32.png,1131,46df509520c926cc564480adeac9e7a0eda8d81603312839f3b64bca552b9ea4
raw-files/RegistryPreviewAssetsFiles_File_error32.png,678,75cdbbee1d447445df3054d2e0750695545f712e7e1fb92e0b63ceedba604ffa
raw-files/RegistryPreviewAssetsFiles_File_folder32.png,832,0e5ffca14cd8d352214b843042f4852448ff2cef23a9d7847a563c93a5646c56
raw-files/RegistryPreviewAssetsFiles_File_index.html,1775,6374a933a30a5a1a5f7a25c1d3bddfc63e70a265c8d3971479330e028be700ac
raw-files/RegistryPreviewAssetsFiles_File_string32.png,356,0edf97aa60c46f1a297e037089de1ab9adecf00ba029dd262adb2770be20c862
raw-files/SVGPreviewHandler_ar_SA_File,15200,91bb3bcc78e44742c9ac4926be64770c5040b5e035b6db2f330b539f45c082cd
raw-files/SVGPreviewHandler_cs_CZ_File,15200,d9f72ec26c4047eacffeae27bffca3c35500fedb54aa816558d6dd68b8fc93d7
raw-files/SVGPreviewHandler_de_DE_File,15200,88d3a49251348a58582ea45b870fc108816961b174bde81fec294f5913743761
raw-files/SVGPreviewHandler_es_ES_File,15200,759bba61bcb5c73ebf288ccfea93d288017d62d969859aa2771d0e270e27f3f5
raw-files/SVGPreviewHandler_fa_IR_File,15200,ff5e9bf89cebb1bad230a1367fd8912e3e8db7878031995bdb3e72130455bee4
raw-files/SVGPreviewHandler_fr_FR_File,15200,db3cf3617ddda4be4a8df212fe18e2ff1c713089b0dbaaf9120b5ffef2a48e32
raw-files/SVGPreviewHandler_he_IL_File,15200,b913e698c4f4b2c03d6316e6cecbc07170ebdb8c80500e98468f0a7bc4411ae2
raw-files/SVGPreviewHandler_hu_HU_File,15200,2e376b9c4a04b8dba198bdc821c8528d08b4814d32e19e1aaaa607a63c5e1df9
raw-files/SVGPreviewHandler_it_IT_File,15200,37120cad692d7b97ef04fe2979443129a8d18daa4c810105f1ef8d9c96c3237d
raw-files/SVGPreviewHandler_ja_JP_File,15200,30e85adb38781c44cdad6ab94d6683e802812d1d261a44a93e3cd342e7eb6eaa
raw-files/SVGPreviewHandler_ko_KR_File,15200,dcdbbc6501bcd591a2ef90f7b5192f928c93f69a4a3e76a1cbdf499d86f8e35e
raw-files/SVGPreviewHandler_nl_NL_File,15200,f318cd786a237e1aa5f2fd24ad58a4ceef13d4371bf5413dfc2e0c05798682ab
raw-files/SVGPreviewHandler_pl_PL_File,15200,ae1bf14f2b45184f586d8946c3102aae7fc0e6d9b5c4e31a87f6324b2285f4d1
raw-files/SVGPreviewHandler_pt_BR_File,15200,de656a0a2ad080e2a555189fa5c4f50304afc5c7b7b9bd8e9a86cb67a184f849
raw-files/SVGPreviewHandler_pt_PT_File,15200,afc047f8988362d1f42eea86adf5416717b894036b352d10e1d0f9c357e74ac8
raw-files/SVGPreviewHandler_ru_RU_File,15200,b7e8c2b8f0ab2d8caaeae34aba67b098695030062af8fc1f9cbddea9c5af45db
raw-files/SVGPreviewHandler_sv_SE_File,15200,6ed216e42398a825a3a12e7efcdfe608347dc6a6f06a065fca82687efc67fb9c
raw-files/SVGPreviewHandler_tr_TR_File,15200,ae6f788e2ddb1aa4165bd5c440d06243b1216c91de3ef8c360a9554202eec017
raw-files/SVGPreviewHandler_uk_UA_File,15200,935e08f5ab3db0414ffe3fef6082a27691ff59fc8b97af533228b045e06b4a56
raw-files/SVGPreviewHandler_zh_CN_File,15200,b48b798836ce4e0ba98be4c337ced310a966ed021e5c95139d76a3ec36ec60eb
raw-files/SVGPreviewHandler_zh_TW_File,15200,ae3a3075fe1916456c4b4d83882a8d26d7187e4476cda34336666479abc0c355
raw-files/ServiceComponentFiles_File_Dia2Lib.dll,59024,6c4cac68010fe032218efe5e9fcf46eef9f77bfaa5f3bd33f03c5ff77d5a8fac
raw-files/ServiceComponentFiles_File_Microsoft.PowerToys.Run.Plugin.Service.deps.json,51137,8c5ee66b1ee8716fcb037e93bc25b413bdac47fa92dbfa2b872650d67f6c3ad1
raw-files/ServiceComponentFiles_File_Microsoft.PowerToys.Run.Plugin.Service.dll,33120,1c12d41fd636c2f6def880176440e340638816b469ef2b640ae85f26b73d8eef
raw-files/ServiceComponentFiles_File_PowerDisplay.Models.dll,69984,ef7b42b766a00e9adfeb28023c6f3275c88983d6a8348af400cf42955325dd34
raw-files/ServiceComponentFiles_File_PowerToys.Interop.dll,501088,df733810c9184ca7698e6d25ddfe7643f0fbc7e6a3bad1ffb42ec206a3f2638c
raw-files/ServiceComponentFiles_File_PowerToys.ManagedTelemetry.dll,21856,a6b3decf60df51361676a7e4bf8d33aa0608288f1b8ec49bc2051f06ba48f540
raw-files/ServiceComponentFiles_File_PowerToys.MouseJump.Common.dll,95584,57ebae0fa43325b1e021ce091b03986b6ec8b82aa4f20346b5c8d44572746e7c
raw-files/ServiceComponentFiles_File_PowerToys.MouseJump.Models.dll,45408,da7b4edebbfb403c952bb22386d68742250d7c6fe49a16f611fcdfab02275c1d
raw-files/ServiceComponentFiles_File_PowerToys.ZoomItSettingsInterop.dll,284000,aa3400b150baca293e51fa00a7e308f9869e17b42ea35bc87645c6f1851aabef
raw-files/ServiceComponentFiles_File_TraceReloggerLib.dll,23216,6830c0f1d3f3c17719181e73dd5cfa8ccbb3f3c575329d2120576545103467b5
raw-files/ServiceComponentFiles_File_backup_restore_settings.json,1257,ef6a09cabecefa3dd84f93fca104f58c04e3dad412917ef31a92381b1094adcb
raw-files/ServiceComponentFiles_File_plugin.json,404,1ef0fae6db171a27839227925fb10fce5d3a483d31ffd23a85fe8f61e2c52e40
raw-files/ServiceImagesComponentFiles_File_service.dark.png,830,d22247d95cf9bde21b4a477047200052692312e837867847c70255ad29a3e044
raw-files/ServiceImagesComponentFiles_File_service.light.png,771,ee2c7cb1297aa35b3f849f0752efeb8f9e2ebf97a2b465dd0bdf99ad9b967acc
raw-files/SettingsV2AssetsCmdPalFiles_File_CmdPal.png,51840,d75d47fede11456e95c6010901dca82ccb4e9026d6c36774fd4d0d4723f10cec
raw-files/SettingsV2AssetsCmdPalFiles_File_Dock_Center.png,5204,9481fa1f457e9ee55d5255bc1bad09ac265bad8408678c9b91839a4869f0359f
raw-files/SettingsV2AssetsCmdPalFiles_File_Dock_Left.png,18008,9d5abd203b68e69080daff2100bdad22c1de159b1588b441bee214d38a79e669
raw-files/SettingsV2AssetsCmdPalFiles_File_Dock_Right.png,6953,f9d847264114109bc6833937091b03fdcc662a00489012a85774c6a7c3bfda4b
raw-files/SettingsV2AssetsFiles_File_LockScreenLogo.scale_200.png,315,a8631a78c2f5e3dda912ecffdd34ce15c7c6bb3d74fba5b3580e9bb0d914bce2
raw-files/SettingsV2AssetsFiles_File_Logo.scale_200.png,1278,e11d4826f4421058b8a1c123a9e611960b38c1b6d52de653f36f0a2f2bfc19f7
raw-files/SettingsV2AssetsFiles_File_SplashScreen.png,1314,931baaa8bb40e537a2b41f5be7b01072a87adb40c331234e8a5340183eaf8a3a
raw-files/SettingsV2AssetsFiles_File_SplashScreen.scale_200.png,2660,39f28f51410c1107d8442cb642488cbba494bd1139bb4f3068aebea6f337b399
raw-files/SettingsV2AssetsFiles_File_Square150x150Logo.scale_200.png,1407,30f0c897159cced46d9af091ba98d631602728cae020dc0ae11719f2683baa2f
raw-files/SettingsV2AssetsFiles_File_Square44x44Logo.scale_200.png,433,82d03a32d62938bff429633f721b44805b042274fa504e20a9318dae13027e06
raw-files/SettingsV2AssetsFiles_File_Square44x44Logo.targetsize_24_altform_unplated.png,231,b666d7bfc4f7c32e3223f7a808518d0fea2b777454b5b554ccac8e21c973a639
raw-files/SettingsV2AssetsFiles_File_StoreLogo.png,328,ab7e6af79ab26adab23317e7fe7d48834b1d735679533ff0014b43e1aca66da0
raw-files/SettingsV2AssetsFiles_File_StoreLogo.scale_100.png,328,ab7e6af79ab26adab23317e7fe7d48834b1d735679533ff0014b43e1aca66da0
raw-files/SettingsV2AssetsFiles_File_Wide310x150Logo.scale_200.png,1278,e11d4826f4421058b8a1c123a9e611960b38c1b6d52de653f36f0a2f2bfc19f7
raw-files/SettingsV2AssetsFiles_File_icon.ico,53114,2c9cc2d6122e0b946de20e991253a3c082451c3f617eb8ea1368cd9277e498ef
raw-files/SettingsV2AssetsFiles_File_logo.png,6246,3e4efab616a246c93d0fe43eb1486fdd60e05c6c7aa05e47240832b0058b5dca
raw-files/SettingsV2AssetsFiles_File_logo150.png,3852,5c59f98a5710a1dc44124af21e06ce4d83ecb07f18b48f300d7622895aaa8a03
raw-files/SettingsV2AssetsFiles_File_logo44.png,1041,d0f67d8dc4405840bbdef2ef78eed38db08739a773112f16d9edc2cec5f2daca
raw-files/SettingsV2AssetsFiles_File_search.index.json,131358,3c44fea127ef669eef565029c3d10ecc72e5524d2ebc8665ff1cc6ee05abb319
raw-files/SettingsV2AssetsModulesFiles_File_AdvancedPaste.png,45471,2959886d25be1d6f707de4f1b3b54618ff4225b13ebb8419f79737606eba81fc
raw-files/SettingsV2AssetsModulesFiles_File_AlwaysOnTop.png,41234,e53d010555e91f88bf71f7e3ebd87085c505af19178a221f21aafbab467c549f
raw-files/SettingsV2AssetsModulesFiles_File_Awake.png,35055,c1073649f727b0a186e6d4ae7476f50e996ab7df9c51473a971149af381f932a
raw-files/SettingsV2AssetsModulesFiles_File_CmdNotFound.png,43752,9f5f889ec10db1d5b2ed54a69d79b94bfd3b23d4e32780862fa4d045b7e64850
raw-files/SettingsV2AssetsModulesFiles_File_CmdPal.png,86482,55d2d907be14bef7dd9b93ab18de07bbea79e66bc123e6d82f715df68e348742
raw-files/SettingsV2AssetsModulesFiles_File_ColorPicker.png,46780,6bf1f5431f1d071744d41be5f6b82e60f34a2ad81e910c7239c448b602a77112
raw-files/SettingsV2AssetsModulesFiles_File_CropAndLock.png,51627,4c8c5b4607dd59e2ddce82c5969c4d03e340a8ec459a31ef2aea3e9a67ccd484
raw-files/SettingsV2AssetsModulesFiles_File_EnvironmentVariables.png,41421,0aeceb62f91437ebd1439a66045df619ece8b01b4fae95e9e6af0a853351f419
raw-files/SettingsV2AssetsModulesFiles_File_FancyZones.png,23230,4985ae0f3f611f21e1afb0799774889d5e65568970301f0847642b09d565f5dc
raw-files/SettingsV2AssetsModulesFiles_File_FileExplorerPreview.png,68256,79b2cdcfd55bff8da06ddda83ae086f62680c43ce168e226029ca8c9fb86cedf
raw-files/SettingsV2AssetsModulesFiles_File_FileLocksmith.png,27583,1e3839472d423a470a6ce1df23096dc7be15312ca1a46d9d957c878adfa45f1c
raw-files/SettingsV2AssetsModulesFiles_File_GrabAndMove.png,57268,c1a98be6536c045a136c3910a23277140a099e42d767814a93796696d62be2b0
raw-files/SettingsV2AssetsModulesFiles_File_HostsFileEditor.png,33924,c7ff81ea6a697fc83e35610a1bde64b5e74073de28864e091a3ad32a9ff5d28c
raw-files/SettingsV2AssetsModulesFiles_File_ImageResizer.png,60956,f1eb02d52e651113d04a6d561c836e61a4546f39641eec8761dce3aea48135ed
raw-files/SettingsV2AssetsModulesFiles_File_KBM.png,49049,c1e73bc34f344d94433cd92b9ff987140bf660ce32fc23fb29b2f54e27c87a9b
raw-files/SettingsV2AssetsModulesFiles_File_LightSwitch.png,41237,cde36cc06d4d6bfe372a832d1688174ca70ca343e76046b5761cfd6cd2cad104
raw-files/SettingsV2AssetsModulesFiles_File_MouseUtils.png,36563,1f1d010947fd8059e44c896e06453df5cf2530597b402163acc55af224229922
raw-files/SettingsV2AssetsModulesFiles_File_MouseWithoutBorders.png,82755,5032fdfd8d1dacf23af028d8393ca20a0a2c3f4f156bb2716c3ac3a12d2110b7
raw-files/SettingsV2AssetsModulesFiles_File_NewPlus.png,67295,7ea29fc240d030016fc61c32177fad60b692bdaae6800a83d6991013e622314e
raw-files/SettingsV2AssetsModulesFiles_File_PT.dark.png,99289,aeed7d217168397b1bf9f6dc49855f394c0b49297fcc98a58346b069141707ae
raw-files/SettingsV2AssetsModulesFiles_File_PT.light.png,109398,03ddbb142d962ec2391bd52e81567d2300b9e13692583f43e613da3e737aefe9
raw-files/SettingsV2AssetsModulesFiles_File_Peek.png,73884,79993c2d8e23f9523469a651f2f35dfaefa98bf348b3f00e43528cea16db4163
raw-files/SettingsV2AssetsModulesFiles_File_PowerDisplay.png,41802,7cf9e7381c02dace9051d5d21adf157df5cf1a23b7aeadc42889a5d8fa331861
raw-files/SettingsV2AssetsModulesFiles_File_PowerLauncher.png,35323,3e67ed1ce9af7ba1dc770d24022c86819dbb2b7fb1c4925f291ce34ca64e6d0b
raw-files/SettingsV2AssetsModulesFiles_File_PowerRename.png,43965,6fc73192430cefaee40969536381b6053e7af841fd998289dc9fed9b2b1b6589
raw-files/SettingsV2AssetsModulesFiles_File_QuickAccent.png,23210,aa3ab32b92e4ed11d2efd0765c0b2025324205e6888d91c41c5e7107cb890957
raw-files/SettingsV2AssetsModulesFiles_File_RegistryPreview.png,46670,cbc556fa893798ee407c9500a76845f420bc55c5f02f0a62b449f2147946159b
raw-files/SettingsV2AssetsModulesFiles_File_Run.png,35323,3e67ed1ce9af7ba1dc770d24022c86819dbb2b7fb1c4925f291ce34ca64e6d0b
raw-files/SettingsV2AssetsModulesFiles_File_ScreenRuler.png,60825,55941c25727069c300dc5edb26fb3158a5d870d33fcffbd00a38a66f165ece5d
raw-files/SettingsV2AssetsModulesFiles_File_ShortcutGuide.png,20568,224d02aff4ee492a83fb9f0779e6adc8e2818ccd6a50526b97238a96730a78bd
raw-files/SettingsV2AssetsModulesFiles_File_TextExtractor.png,55728,85785926357c4033c90114396dbeb78c64afa71feae24bfd8355353dd80ee79c
raw-files/SettingsV2AssetsModulesFiles_File_Wallpaper.png,779066,e2721ff68acea376082f378c2832a42bccbef8a838dde654b6c23daac4f5d481
raw-files/SettingsV2AssetsModulesFiles_File_WindowHopper.png,23130,98723459a9abaeaceb7b534112e1462acb717b8c62e7544de67d55490e72e48a
raw-files/SettingsV2AssetsModulesFiles_File_Workspaces.png,45282,3037ed50167a1d5c16b805198bb445aaf00c4778b60167a7175e27301f91ce83
raw-files/SettingsV2AssetsModulesFiles_File_ZoomIt.png,23370,820f5ad6efe5fea9801ff9df95fd496847889d96e359a84b30faeb199928337c
raw-files/SettingsV2IconsModelsFiles_File_Azure.svg,3019,09ce4792408c9c8fda2f82c136b5a807a44f59eb6af27bdd15da012ab4211222
raw-files/SettingsV2IconsModelsFiles_File_AzureAI.svg,834,a216c44f35fc168fef882468997aa6f7b9a5b21c628b486bec6895bece7eb9ba
raw-files/SettingsV2IconsModelsFiles_File_FoundryLocal.svg,3120,8e87dc52848b5940b1fcd23e7bcacd76377f7de726a40137ae6d18ce21525df6
raw-files/SettingsV2IconsModelsFiles_File_Gemini.svg,6367,a03fa255b7b8eb60f6e410788710dcc814561fc6725ead39c6fedd508994f2dc
raw-files/SettingsV2IconsModelsFiles_File_Mistral.svg,1256,331a79c44abe4b50a8681f58f647a1faa9661e73f9b0143b3d2bb75af98be825
raw-files/SettingsV2IconsModelsFiles_File_Ollama.svg,6900,1468f50b251c0d28dcead526078f731f7643e2b450e67de64f0366eb595b5b95
raw-files/SettingsV2IconsModelsFiles_File_Onnx.svg,5474,66648df2765e0658a971e1352997abc26811d94cc774401da5c5457006b1bad7
raw-files/SettingsV2IconsModelsFiles_File_OpenAI.dark.svg,2878,63b0ce5a88d15c880e21f09fc8cfe40c25a1a1dad68e5b9904c17f4cdfe05bff
raw-files/SettingsV2IconsModelsFiles_File_OpenAI.light.svg,2661,a9fe264d79e4393529085925cd3aa0b576f47b1419821294892e65a332f91266
raw-files/SettingsV2IconsModelsFiles_File_WindowsML.svg,8951,a84533d406c0e13a0017fe0a4dfbed8a16174873e83e6fe406781f937722aa36
raw-files/SettingsV2OOBEAssetsFluentIconsFiles_File_Advanced.png,1336,3dfcf6ec373fc8797dd5c0ccc0bbb33abaf59acded9f59699b0105fcc3cdcbdc
raw-files/SettingsV2OOBEAssetsFluentIconsFiles_File_AdvancedPaste.png,1974,4e5685a3376b3db474396b6b4d34807cc05d7cf8ac4585bc336963b187b5e789
raw-files/SettingsV2OOBEAssetsFluentIconsFiles_File_AlwaysOnTop.png,1135,2a1023f526efdb07f32c25e18657c2780042fd8af556015c06108ac0aafe811f
raw-files/SettingsV2OOBEAssetsFluentIconsFiles_File_Awake.png,1373,f266c03c1a51650a561e6411df4f53101394859e9f2776d4173ab20c11652f3a
raw-files/SettingsV2OOBEAssetsFluentIconsFiles_File_CmdPal.png,1709,7a087c9f667d202d3e39f2cf5f041407d7c48673d87e22d53ab46740520dc337
raw-files/SettingsV2OOBEAssetsFluentIconsFiles_File_ColorPicker.png,1593,0190181507686d1223586d65c00b8ac42229422c651b6cfcc87dd5f163c6e81e
raw-files/SettingsV2OOBEAssetsFluentIconsFiles_File_CommandNotFound.png,2009,ddf00820154ff3ba594ae488ff58e4367c26b2238dc5164da5e529991e17ad1a
raw-files/SettingsV2OOBEAssetsFluentIconsFiles_File_CropAndLock.png,1399,c73f516c158fc6165bb982c7b8a5edf3d05e0739e3f8173bf02613c41d7fc088
raw-files/SettingsV2OOBEAssetsFluentIconsFiles_File_CursorWrap.png,1433,8d677764206e2110a1886574f2e5ee0661722614574dfb969f2c27007eb9dde8
raw-files/SettingsV2OOBEAssetsFluentIconsFiles_File_EnvironmentVariables.png,2155,f355f367f582cfe03e3e9c521d946a1963a6368aba8848b33230000de7b10a24
raw-files/SettingsV2OOBEAssetsFluentIconsFiles_File_FancyZones.png,968,149829ff7a56e37660d139f395ef88bd2a732ddfd5283c4d7f96dd35f92ca430
raw-files/SettingsV2OOBEAssetsFluentIconsFiles_File_FileExplorerPreview.png,1255,a4f657567152c1d9e47c2d28c1f85d76a7fe0b5a791f08e11637dec07c428268
raw-files/SettingsV2OOBEAssetsFluentIconsFiles_File_FileLocksmith.png,1619,a084f8000c516dab3b26942303959225e2e991a5ea4da9c1dd29d9c1363204a2
raw-files/SettingsV2OOBEAssetsFluentIconsFiles_File_FileManagement.png,1458,8a30c8dcb4908f23f5dbe8ccaf44ca3bdfd6b1105d68f217df19fe04e54e258f
raw-files/SettingsV2OOBEAssetsFluentIconsFiles_File_FindMyMouse.png,1771,4c1db7628764584ca0879d9878263defb9bcb448ef90e5b380e7947cb6d986f1
raw-files/SettingsV2OOBEAssetsFluentIconsFiles_File_GrabAndMove.png,1645,9fb0c035152393ec199055514e0624d21300e66dabd9934c66ef3193b5444da5
raw-files/SettingsV2OOBEAssetsFluentIconsFiles_File_Hosts.png,3198,3e7240d3c21ff4f03b64dcea971bc380a58286ff14caa2925252a90e215f3dfe
raw-files/SettingsV2OOBEAssetsFluentIconsFiles_File_ImageResizer.png,2047,1081016442ea07e0a85c525b7ed48be4ac9160052b41eb40c3d29dfd2abf98f9
raw-files/SettingsV2OOBEAssetsFluentIconsFiles_File_InputOutput.png,2058,61e8917a81b8a5ce09f5a5dffc3c8704b843230579ca8d9d17f9b176ad285119
raw-files/SettingsV2OOBEAssetsFluentIconsFiles_File_KeyboardManager.png,1669,9e924cab87a669ccea57ba64df3c551e04d12818739b6f0264833c7234490376
raw-files/SettingsV2OOBEAssetsFluentIconsFiles_File_LightSwitch.png,1535,9af46e43a8f17712d141c7023571feb593d6e45572281bc1c6423783c6bb1635
raw-files/SettingsV2OOBEAssetsFluentIconsFiles_File_MouseCrosshairs.png,1577,55159b2384b31515d6642a2186b5a0b4cd4bc3e908a6711cef1dfc7e0481966a
raw-files/SettingsV2OOBEAssetsFluentIconsFiles_File_MouseHighlighter.png,1737,943b432aa4f18b322124f89ea022701032b5034465d18b70bbfb98608bbc3c15
raw-files/SettingsV2OOBEAssetsFluentIconsFiles_File_MouseJump.png,1483,2018e35642565e4f1158b6aa7115d94f0416e7c71ae267813c147a72857b367d
raw-files/SettingsV2OOBEAssetsFluentIconsFiles_File_MouseUtils.png,1124,8bd2b7d6469716c5619c575c6a92a0ce03ec82f23a48d65c6fdb2403a7bebb8c
raw-files/SettingsV2OOBEAssetsFluentIconsFiles_File_MouseWithoutBorders.png,1345,09a401fb7d464c6ac9cdf94c14016f330d6b1b0bd7c9853f891503c18aff422d
raw-files/SettingsV2OOBEAssetsFluentIconsFiles_File_NewPlus.png,1386,3ea0c2b1cbe2bd6df4bbf423cd6096e3e35921389b87b5fa9ea3bd3a3e7d8690
raw-files/SettingsV2OOBEAssetsFluentIconsFiles_File_Peek.png,3122,13a685298f9035b866a92b6ee17c58b3312d9023522aac6dfc0dc3bdba7620ea
raw-files/SettingsV2OOBEAssetsFluentIconsFiles_File_PowerDisplay.png,1389,88669f44a33d470652ef6b1cb998b9192c471630f284861736ab1ee69ad7d7f6
raw-files/SettingsV2OOBEAssetsFluentIconsFiles_File_PowerRename.png,1627,628c4f0c6865cc69cb8f00894f9213b5123c561355f908d37420f03d379949ae
raw-files/SettingsV2OOBEAssetsFluentIconsFiles_File_PowerToys.dark.png,550,d2430dd45b4b6295d58ad8bb8451cca7bd534a95398515708b83cd331cddbf01
raw-files/SettingsV2OOBEAssetsFluentIconsFiles_File_PowerToys.png,1744,3f5bb105d1aa13082f64236f4fa5ba518a728d5cdb7cb105399d11bad6c47754
raw-files/SettingsV2OOBEAssetsFluentIconsFiles_File_PowerToysRun.png,1580,117bc03f5b6455901bfc253c102e993f5f4ddcccaf35c41df998972f260e935e
raw-files/SettingsV2OOBEAssetsFluentIconsFiles_File_QuickAccent.png,2960,3a35ba1ec811baa5e2939e7a278e32a665875b4393ee06e902a6b1bcb0cbe2a8
raw-files/SettingsV2OOBEAssetsFluentIconsFiles_File_RegistryPreview.png,1746,200f504c4d5efe5075b8c97ccacda40373dae5c97b30c33f7c1887103eb6882e
raw-files/SettingsV2OOBEAssetsFluentIconsFiles_File_ScreenRuler.png,1770,996341e7ea5afa77120424f7c8c38e7483092ec5de734605199aaed45446b671
raw-files/SettingsV2OOBEAssetsFluentIconsFiles_File_SemanticKernel.png,2202,bfed1c99189605496e23a44f4aabeacb9ae78f32f5fcb6d996babc640ee16893
raw-files/SettingsV2OOBEAssetsFluentIconsFiles_File_ShortcutGuide.png,2259,94300470ffcadb6e43e33c3009ec94ca3cf7eec2c3eb350fabf8b1e944f2e07d
raw-files/SettingsV2OOBEAssetsFluentIconsFiles_File_SystemTools.png,1276,f7401da3202ea1604817f86ca3f79d72b445fb7e87ec29a8da804a2715bda0a1
raw-files/SettingsV2OOBEAssetsFluentIconsFiles_File_TextExtractor.png,921,d8d7186c8a7c47a32455bcda572ec6ea21242428618818b6419cec5874074b38
raw-files/SettingsV2OOBEAssetsFluentIconsFiles_File_WindowHopper.png,1398,c2dd842c29a2731b0f906dfc7204a56c10670a844f37e05dccbbb6477aae2c8f
raw-files/SettingsV2OOBEAssetsFluentIconsFiles_File_WindowingAndLayouts.png,1448,74c21516a8b4bd18323bbb2266b12aac35bd69831fab0feb95987657ad7f6a7e
raw-files/SettingsV2OOBEAssetsFluentIconsFiles_File_Workspaces.png,1852,efdb5fb1ecd2e802b622e5a422cc39c6032bc19dd10936b8691a57dd122c2fc4
raw-files/SettingsV2OOBEAssetsFluentIconsFiles_File_ZoomIt.png,1837,070b2cead32d4040d1292c756ecfaca9be5201458c1663a92e411d6ca95814d4
raw-files/SettingsV2OOBEAssetsModulesFiles_File_AdvancedPaste.gif,4463350,90aee1d36626be6f5da03c053c1821891932563597ace2191ef5e2ba38c8aac2
raw-files/SettingsV2OOBEAssetsModulesFiles_File_AlwaysOnTop.png,78918,6b1f26ea3a89bfe26154fb5e1962d288ae1f48b0ec422679a9832a25fb6e194a
raw-files/SettingsV2OOBEAssetsModulesFiles_File_Awake.png,108023,ffd66ec9278bcef45a1d91761d6d7b235e7338937a9c093fcb769788dfa1a25f
raw-files/SettingsV2OOBEAssetsModulesFiles_File_CmdNotFound.png,143206,cad5f526923633f7dfba088e1de60958a6389345921dcda6bcad9d86bff410eb
raw-files/SettingsV2OOBEAssetsModulesFiles_File_CmdPal.png,340096,c314e6ccf0dfbc95aa1a22731e20c151bf5a9283e64bcfe72ebbe0a4b3a9da7a
raw-files/SettingsV2OOBEAssetsModulesFiles_File_ColorPicker.gif,673221,049c72be307a731d83b8b30fa3c1c60105d7d7d4a5099a585273f3aac8c7e1fd
raw-files/SettingsV2OOBEAssetsModulesFiles_File_CropAndLock.gif,1887876,354244ef68d9f8514ea99b4f4fbf1b60db2f086b164b3dd7f45a1d2f470c1a7b
raw-files/SettingsV2OOBEAssetsModulesFiles_File_EnvironmentVariables.png,119400,7ecd287db4f493b73badf16b47078e7c8dee00669a5a15da651e3dd4b01ab63b
raw-files/SettingsV2OOBEAssetsModulesFiles_File_FancyZones.gif,448120,f5ce3dfc7d65dd7c39be86d25597177e59cf20bacc63b4b8e2e7d2ce7c7292d5
raw-files/SettingsV2OOBEAssetsModulesFiles_File_FileExplorer.png,235988,60b20122e4192785756a82c8124b7f3a0436207ba43ce162e79b4c17602797c4
raw-files/SettingsV2OOBEAssetsModulesFiles_File_FileLocksmith.gif,2235263,fb8747de4fe00a853a9e0f6c41f623e81c6c2aad78326a04b44ad2e1ee1deabb
raw-files/SettingsV2OOBEAssetsModulesFiles_File_GrabAndMove.gif,1197682,387ece0edd28d3139be1c7a0719ad7cb423bf5e896e5ed161c95a78d888d7f45
raw-files/SettingsV2OOBEAssetsModulesFiles_File_HostsFileEditor.png,105844,113aaac668b836c8fda63f666c01faca77bb01c586c38b576cb8a3a024efcf16
raw-files/SettingsV2OOBEAssetsModulesFiles_File_ImageResizer.gif,3037765,42d135fb2f8590ba235d780b6d2e65db74f8bda6b13c4a6c72e56f48dddb687f
raw-files/SettingsV2OOBEAssetsModulesFiles_File_KBM.gif,882731,f09c10eb1b05801ddc9fa828ac415237ec4b25716ea67fa2a9f669a716f5b6fc
raw-files/SettingsV2OOBEAssetsModulesFiles_File_LightSwitch.png,233456,c1977bb6d28ae1968c4f64e8fb8eedd8f8657defebb195378c1e051cafcf5f62
raw-files/SettingsV2OOBEAssetsModulesFiles_File_MouseUtils.gif,1447503,537900d8d60b75b8b30eb37d85ca06107b8371491d4593a29bb0f5640c76695d
raw-files/SettingsV2OOBEAssetsModulesFiles_File_MouseWithoutBorders.png,379974,0065f0955bb842166a5545a26b1b9faca82609d837433da1054ba8b13476f260
raw-files/SettingsV2OOBEAssetsModulesFiles_File_NewPlus.png,241331,e6183bfb21bd5f40ada347a2ff1b3e3e41c5c1c927fddf5ca40fd517307bf75f
raw-files/SettingsV2OOBEAssetsModulesFiles_File_Peek.png,252314,8729c099455f9884abeb312e7910e1f3ea9b3f22698807a0d2345eccf0c60d10
raw-files/SettingsV2OOBEAssetsModulesFiles_File_PowerDisplay.png,142931,0540f128eef3c9649d0d0f917775daaf7d0faf807e7cf0438b1853a6a94b0dae
raw-files/SettingsV2OOBEAssetsModulesFiles_File_PowerRename.gif,3004838,74dc000b5a5e1827ebd84be22c70c57ce441bbdeb6021a76f5f3afddad99e002
raw-files/SettingsV2OOBEAssetsModulesFiles_File_QuickAccent.gif,127431,fc9254fad9937dda25594111ff8d92500503cddf409e98d18dd26c713e7d01a1
raw-files/SettingsV2OOBEAssetsModulesFiles_File_RegistryPreview.png,159088,b0af10eefe86c26b405fec70518720d226d6dc5b60a631a8805fba6ecb4ed693
raw-files/SettingsV2OOBEAssetsModulesFiles_File_Run.gif,1940972,199bdbc0efe970abb496baea53b269338f5acf5fd72105f9d47d069ce5cbbb24
raw-files/SettingsV2OOBEAssetsModulesFiles_File_ScreenRuler.gif,613171,25e5af645ff0df4eadee41f67b948b0db5c84efd33c369bf297a2cf1f732a21b
raw-files/SettingsV2OOBEAssetsModulesFiles_File_ShortcutGuide.png,32477,8475cea7a9f77a7a2e2dde443eb91c9dc39198d0a7dcc7152467432021b422aa
raw-files/SettingsV2OOBEAssetsModulesFiles_File_TextExtractor.gif,464399,eb134eab6e75cae8ced29ab63209d03b3baa2350dc20ecaa60be2f366c5b00d3
raw-files/SettingsV2OOBEAssetsModulesFiles_File_WindowHopper.png,67554,22a388fe41b5af53e51a40902aa513acfef741a7fa3af09c00b3006788b89199
raw-files/SettingsV2OOBEAssetsModulesFiles_File_Workspaces.png,366918,068d03023ba8320e10578935212733092a9fdd27046a9e5a428b19815ccbd676
raw-files/SettingsV2OOBEAssetsModulesFiles_File_ZoomIt.gif,1089718,3b8e86653b394c8d51a381479b0cc44c4a17338c2d8132cd41e4adf4eb8f2b69
raw-files/SettingsV2OOBEAssetsModulesFiles_File_pt_hero.dark.png,474206,9081007c604c488a8f0345c781f753516fb2ba0fc37034227fcdaad888efa040
raw-files/SettingsV2OOBEAssetsModulesFiles_File_pt_hero.light.png,513260,9c32fd3f3dc7dd81b9c182f6114b5d12e295d66ab41852fee92105293127c2e3
raw-files/ShellComponentFiles_File_Dia2Lib.dll,59024,6c4cac68010fe032218efe5e9fcf46eef9f77bfaa5f3bd33f03c5ff77d5a8fac
raw-files/ShellComponentFiles_File_Microsoft.Plugin.Shell.deps.json,46413,4a9dfdaddf3483d9ce1143d35fc1cf79004dd58a33c18bc7fd432eb459c9abda
raw-files/ShellComponentFiles_File_Microsoft.Plugin.Shell.dll,34144,106ed99be909218e8688f53865c58b0fc9ceadb3cb688194a46536c52fcc95b8
raw-files/ShellComponentFiles_File_PowerDisplay.Models.dll,69984,ef7b42b766a00e9adfeb28023c6f3275c88983d6a8348af400cf42955325dd34
raw-files/ShellComponentFiles_File_PowerToys.Interop.dll,501088,df733810c9184ca7698e6d25ddfe7643f0fbc7e6a3bad1ffb42ec206a3f2638c
raw-files/ShellComponentFiles_File_PowerToys.ManagedTelemetry.dll,21856,a6b3decf60df51361676a7e4bf8d33aa0608288f1b8ec49bc2051f06ba48f540
raw-files/ShellComponentFiles_File_PowerToys.MouseJump.Common.dll,95584,57ebae0fa43325b1e021ce091b03986b6ec8b82aa4f20346b5c8d44572746e7c
raw-files/ShellComponentFiles_File_PowerToys.MouseJump.Models.dll,45408,da7b4edebbfb403c952bb22386d68742250d7c6fe49a16f611fcdfab02275c1d
raw-files/ShellComponentFiles_File_PowerToys.ZoomItSettingsInterop.dll,284000,aa3400b150baca293e51fa00a7e308f9869e17b42ea35bc87645c6f1851aabef
raw-files/ShellComponentFiles_File_TraceReloggerLib.dll,23216,6830c0f1d3f3c17719181e73dd5cfa8ccbb3f3c575329d2120576545103467b5
raw-files/ShellComponentFiles_File_backup_restore_settings.json,1257,ef6a09cabecefa3dd84f93fca104f58c04e3dad412917ef31a92381b1094adcb
raw-files/ShellComponentFiles_File_plugin.json,376,c18cfff26942a4bcd4b295e65c362f87040f448735b6a17188dfbdeea30b4b7a
raw-files/ShellImagesComponentFiles_File_shell.dark.png,746,5df0f59c19f68f4508c7ccd9e66b5e7de9115573aadd3a7b79addcaf69074707
raw-files/ShellImagesComponentFiles_File_shell.light.png,685,d47323bd1935e7957af35d4d249b9da9b9690c305e3d6934efcf569e327a8ec3
raw-files/ShellImagesComponentFiles_File_user.dark.png,640,102b1171e906749c593599d76cc886024b4a21b927a888d15e39223975933396
raw-files/ShellImagesComponentFiles_File_user.light.png,598,7313b60cd879d47a68a6d71930847da232d7b579bf00885c80ac54c7a141b276
raw-files/ShortcutGuideAssetsFiles_File_HeroImage.png,54081,963918f498867760bb25feea7ab824c8921191abf0cf8d5626509d69ae8721ce
raw-files/ShortcutGuideAssetsFiles_File_HeroImage_dark.png,38885,7ab11ff09527eda576ba31829fe94e8540749e1771226f47fde2a2c5ff5c0229
raw-files/ShortcutGuideAssetsFiles_File_ShortcutGuide.ico,16958,09273559e807ef69590a03e0b61c8bcc4e3450faa82c5dbdfae26d519b030d47
raw-files/ShortcutGuideManifestsFiles_File_Adobe.AfterEffects.en_US.yml,42848,1ca10f2d1d96d5e15e787a1e84660d57cccf2e20448ebce6b4bf7c790da68fe9
raw-files/ShortcutGuideManifestsFiles_File_Adobe.Illustrator.en_US.yml,50733,da7251a2fc24699d6a5f9414a792a4b0b265a03df3108dc64947d1e7a33ce117
raw-files/ShortcutGuideManifestsFiles_File_Adobe.InDesign.en_US.yml,33216,0b7577d57fed10b70f136036f567b1b33324d81725ff83bc191d9aec766581e1
raw-files/ShortcutGuideManifestsFiles_File_Adobe.Photoshop.en_US.yml,63523,ba20e7419d43a5d4e08ec19538c1af57bfdcbfff124d1e45068a3467cce2fae8
raw-files/ShortcutGuideManifestsFiles_File_AgileBits.1Password.en_US.yml,5054,5ae603b1a6e748d63e73c18fe2e9c1c8db71e35265633c68e272aac7dd109a93
raw-files/ShortcutGuideManifestsFiles_File_BlackmagicDesign.DaVinciResolve.en_US.yml,18002,62a4a7b9ea3a8aa6ac9d856a936b4df3c110669c3ed50bfe3f84f94396b11bba
raw-files/ShortcutGuideManifestsFiles_File_BlenderFoundation.Blender.en_US.yml,15123,d8705836904bb3d3216adb2fca9ad7e14bd0e86804406ad5ab3488e387a485c8
raw-files/ShortcutGuideManifestsFiles_File_Brave.Brave.en_US.yml,10685,c0f70cdc8faf48711053ec44de028ce266c7e175ba508605a4be75ca625013e9
raw-files/ShortcutGuideManifestsFiles_File_Discord.Discord.en_US.yml,6241,c4dcf2878780e0679f32f48ea08c4818e07da9b8a522d32e38298a88f498c1d5
raw-files/ShortcutGuideManifestsFiles_File_Figma.Figma.en_US.yml,21368,51e758a575cac4230b31ac69acbef4adce6920b4c7c97f9b0311345c05037f5f
raw-files/ShortcutGuideManifestsFiles_File_GIMP.GIMP.en_US.yml,15336,da048176a560e931a39ff384d5cc0dd7bbdfddf9c41a12a02a9170b80a181ba5
raw-files/ShortcutGuideManifestsFiles_File_Google.Chrome.en_US.yml,11065,1fa69f829d88d005f77e44e4c1d0a50860470b9491c6c8933e1cd4967a35178d
raw-files/ShortcutGuideManifestsFiles_File_Greenshot.Greenshot.en_US.yml,6610,eaea326694b11ec34b69013584433f0cae2a0e50b16202912bea357e9b014e24
raw-files/ShortcutGuideManifestsFiles_File_Inkscape.Inkscape.en_US.yml,15624,def6ac333830dd9532bbf341e6683b1c1eccf62ebdc6d12ad0784432ef329d85
raw-files/ShortcutGuideManifestsFiles_File_JetBrains.IntelliJIDEA.Community.en_US.yml,19060,4a285722dc0f1fa633247821eb463ea94c50afc8f04cbdefbc5789c73424643a
raw-files/ShortcutGuideManifestsFiles_File_Microsoft.Access.en_US.yml,6328,e72416308dc98e3c115178192fc50e1fc0e02021f20e1ba86d94defe7e6784d9
raw-files/ShortcutGuideManifestsFiles_File_Microsoft.Edge.en_US.yml,14118,35f4cc906f719c624c4d9f4f3721dd4538aac2cf94926538ec6f17630b524d37
raw-files/ShortcutGuideManifestsFiles_File_Microsoft.Excel.en_US.yml,13369,5982ec45bf820f39c1b4405a9455fdb2229894ae2702d976bfa4fc5ea52b4824
raw-files/ShortcutGuideManifestsFiles_File_Microsoft.OneNote.en_US.yml,10188,27d6eb14d18cf2fe8f30e5b18807a035784a0c642ea1d4f3e18383fde9bdeec9
raw-files/ShortcutGuideManifestsFiles_File_Microsoft.Outlook.en_US.yml,8075,8435fac781725b7f3211210dac3ad28de97f20f4f11e939c455abbb9818c77b0
raw-files/ShortcutGuideManifestsFiles_File_Microsoft.Paint.en_US.yml,5364,f69f3753e2c936ff45666bbad482ee596c0495b2dfc8e880eef5c08bbbef0750
raw-files/ShortcutGuideManifestsFiles_File_Microsoft.PowerPoint.en_US.yml,14987,1d9ac00982f70c88e26486e2647ac62cbe492af4cfa1854cf130308f0a2c3f09
raw-files/ShortcutGuideManifestsFiles_File_Microsoft.PowerToys.en_US.yml,198,ddca7cf78f91b14837f363a0350883b95682a23bf2e1c343966e394eb9c31bf0
raw-files/ShortcutGuideManifestsFiles_File_Microsoft.Project.en_US.yml,8752,e06e65b2a947db3de14ddad5d71dac160b91594a0a1495c508668d3895138c19
raw-files/ShortcutGuideManifestsFiles_File_Microsoft.Publisher.en_US.yml,9325,00ad84629725b03078adc2aaa93eabaad774115a8cb3c783bf54e40930a9103d
raw-files/ShortcutGuideManifestsFiles_File_Microsoft.Teams.en_US.yml,10027,cd2b0014badb6f8fcfd21346a6c91c5971aa77ff0cd544210c28dd52c47b5f4a
raw-files/ShortcutGuideManifestsFiles_File_Microsoft.Visio.en_US.yml,9608,c0a3c291b245a00c34e3f55ee57fd47cc5569d4c499de80bdd95cb3409491766
raw-files/ShortcutGuideManifestsFiles_File_Microsoft.VisualStudioCode.en_US.yml,17789,a54fdaf32b10017140344807d319aed3d1a7fb883db64778d24b9fe815dea7b6
raw-files/ShortcutGuideManifestsFiles_File_Microsoft.WindowsTerminal.en_US.yml,10175,611dfb9a0760e8dd604b50037d9a8621c1596c1e48a8814d7b4f5ed18e48b3bf
raw-files/ShortcutGuideManifestsFiles_File_Microsoft.Word.en_US.yml,16621,7406142a13ba449cf596607f19e48e83ebad803c0acae313565453c78460457c
raw-files/ShortcutGuideManifestsFiles_File_Mozilla.Firefox.en_US.yml,18002,77d15055298be226eb4dae487dffd4ae39bd31b78eca1fde12aad03c9c9d5312
raw-files/ShortcutGuideManifestsFiles_File_Obsidian.Obsidian.en_US.yml,4367,bd7776df01fc132e980f4ce617b8a0cb3e577ae5bd943f4d74f14df549c85ba4
raw-files/ShortcutGuideManifestsFiles_File_Postman.Postman.en_US.yml,10148,49489a8d6b81040230f1b4bbba89a985bb2147fc759d13c19f376ab0cd634cc4
raw-files/ShortcutGuideManifestsFiles_File_SlackTechnologies.Slack.en_US.yml,17037,dde086817e39fe5f69476a03f6d970d694e82d228cba7fbdcf85efd0c6a355f8
raw-files/ShortcutGuideManifestsFiles_File_Telegram.TelegramDesktop.en_US.yml,5160,90fb79938f748af7c2b0b9bcd25f638f792416ca4f165879aab5ad550a743cc7
raw-files/ShortcutGuideManifestsFiles_File_Zoom.Zoom.en_US.yml,2941,f5cd5f08800729f56b9c91226a2fab10b22920236ad9fcc52c5d1b65a45b1c68
raw-files/ShortcutGuideManifestsFiles_File__Godot.Godot.en_US.yml,45179,9741bc0aee06eae98f610dad6398f74b708848c5f4358e267476f8d6c533bb62
raw-files/ShortcutGuideManifestsFiles_File__Microsoft.OutlookForWindows.en_US.yml,6621,b30ef5fe3136ae7500c306f33cbcf2faa3a87be424b0c34513ac9bba3526d5e9
raw-files/ShortcutGuideManifestsFiles_File__ON1.PhotoRAW.en_US.yml,13157,e7cf7780b1d4c6a68eb9eb55f0a634119efc1f4f74a974289a3ad45d10038a4f
raw-files/ShortcutGuideManifestsFiles_File__WindowsNT.Notepad.en_US.yml,5179,a37b411866192f726251245af1e6f09f6cfda78c1fe7ccdca5f36f3ed77353f0
raw-files/ShortcutGuideManifestsFiles_File__WindowsNT.Shell.en_US.yml,19231,e256a8d86fe0f6912177589f69f59e986c517efc5a26efed9ed503aaebac7c16
raw-files/ShortcutGuideManifestsFiles_File__WindowsNT.WindowsExplorer.en_US.yml,6729,3f9c7bc61142c883861a1e87b916c374abc50207588d0b3be90c7947dab85df8
raw-files/StylesReportTool.exe,679776,adbbb691f6271a34b9a54259d87ccd25392dec72883df4fb061f66ff6a4214a3
raw-files/SystemComponentFiles_File_Dia2Lib.dll,59024,6c4cac68010fe032218efe5e9fcf46eef9f77bfaa5f3bd33f03c5ff77d5a8fac
raw-files/SystemComponentFiles_File_Microsoft.PowerToys.Run.Plugin.System.deps.json,50091,ffa5dc07233cfa40a96af47a2db3bd5446966290fc9fd206172b646dd2610ad9
raw-files/SystemComponentFiles_File_Microsoft.PowerToys.Run.Plugin.System.dll,61792,fb672b0aae4003c3d96218880bffa9ca9c5a96857357e4c5902e9deed550eeb1
raw-files/SystemComponentFiles_File_PowerDisplay.Models.dll,69984,ef7b42b766a00e9adfeb28023c6f3275c88983d6a8348af400cf42955325dd34
raw-files/SystemComponentFiles_File_PowerToys.Interop.dll,501088,df733810c9184ca7698e6d25ddfe7643f0fbc7e6a3bad1ffb42ec206a3f2638c
raw-files/SystemComponentFiles_File_PowerToys.ManagedTelemetry.dll,21856,a6b3decf60df51361676a7e4bf8d33aa0608288f1b8ec49bc2051f06ba48f540
raw-files/SystemComponentFiles_File_PowerToys.MouseJump.Common.dll,95584,57ebae0fa43325b1e021ce091b03986b6ec8b82aa4f20346b5c8d44572746e7c
raw-files/SystemComponentFiles_File_PowerToys.MouseJump.Models.dll,45408,da7b4edebbfb403c952bb22386d68742250d7c6fe49a16f611fcdfab02275c1d
raw-files/SystemComponentFiles_File_PowerToys.ZoomItSettingsInterop.dll,284000,aa3400b150baca293e51fa00a7e308f9869e17b42ea35bc87645c6f1851aabef
raw-files/SystemComponentFiles_File_TraceReloggerLib.dll,23216,6830c0f1d3f3c17719181e73dd5cfa8ccbb3f3c575329d2120576545103467b5
raw-files/SystemComponentFiles_File_backup_restore_settings.json,1257,ef6a09cabecefa3dd84f93fca104f58c04e3dad412917ef31a92381b1094adcb
raw-files/SystemComponentFiles_File_plugin.json,390,282d7386fc52fa14b6d7054fbd42da3f402772600561f1b5193154fb225f8b6c
raw-files/SystemImagesComponentFiles_File_firmwareSettings.dark.png,579,64e39ecac8d79890c42b81803edc021efd33d2422b86f422e07c8a6795067d0f
raw-files/SystemImagesComponentFiles_File_firmwareSettings.light.png,566,8c5fdb267724b5312f745e5e76a7b1bb51367ef4d49e340cd260f9e329b579af
raw-files/SystemImagesComponentFiles_File_lock.dark.png,496,8ab61dc4e73b5704571e6ad1b857d43fbcfef8341b3a9adc158300bb387d7f70
raw-files/SystemImagesComponentFiles_File_lock.light.png,472,3fd3196ad0af32b115ea2a48521bc724e690e7ccfb43f0d15f2b15790895215e
raw-files/SystemImagesComponentFiles_File_logoff.dark.png,597,a599ccc5b15294e517665d4925b6e4bc59a17c0070a4ff889a2b5988cc9f7fc0
raw-files/SystemImagesComponentFiles_File_logoff.light.png,563,4e48823f8683c0e1d1dd787a6abe76f66bfebc95afdc1b4c467c98da8368eeeb
raw-files/SystemImagesComponentFiles_File_networkAdapter.dark.png,634,fc6aebae9e6b5a5c39c4c7b3cb2485ae2ca38727b03445a6130d4a7710c153a5
raw-files/SystemImagesComponentFiles_File_networkAdapter.light.png,573,bf0619f7568ebd1ac6382ad06645d6206b5f54b3baa678e257a3cfe7b19c15de
raw-files/SystemImagesComponentFiles_File_recyclebin.dark.png,660,16155f17d608c993224665ea0477607ce2870233b436e7a9f7f8cd49f93f7aae
raw-files/SystemImagesComponentFiles_File_recyclebin.light.png,626,6a29e5422f8a16dacc01fd949d6cee036a15d6dada2b61836928e1f258b46f4f
raw-files/SystemImagesComponentFiles_File_restart.dark.png,662,2c20772cf7b58839c860f860de46b7ae717ed3c8b9320752cf0589748785a29a
raw-files/SystemImagesComponentFiles_File_restart.light.png,640,cf6128ea4ea1c09181499c5f60da7c5570ae251ca2814b85f8878fbb0d96600b
raw-files/SystemImagesComponentFiles_File_shutdown.dark.png,746,0e20e194fcf672389479b5189a299856552c30457f119891393b7656311f9f73
raw-files/SystemImagesComponentFiles_File_shutdown.light.png,681,ef759bf9c3fb02184dca28f04d0f964d75384ccab765dc18b9a90ed38b9a94d7
raw-files/SystemImagesComponentFiles_File_sleep.dark.png,726,a5c1f3194af773376bb34d3bff23cd4f24a98d65e311ed9ee077ebd8cac764ad
raw-files/SystemImagesComponentFiles_File_sleep.light.png,679,4654d413086905422e53b61f2ff7201dac678f15a54fc67031703009652ade69
raw-files/TimeDateComponentFiles_File_Dia2Lib.dll,59024,6c4cac68010fe032218efe5e9fcf46eef9f77bfaa5f3bd33f03c5ff77d5a8fac
raw-files/TimeDateComponentFiles_File_Microsoft.PowerToys.Run.Plugin.TimeDate.deps.json,50139,f4704ee430940e2494933d0db09f44a12a30932f2b70f5178b4132a23ed7f53c
raw-files/TimeDateComponentFiles_File_Microsoft.PowerToys.Run.Plugin.TimeDate.dll,72544,086ce6677e07ad8eac0e47c2fa00a464f1baba2fd476b41e76b61ab3c03362ad
raw-files/TimeDateComponentFiles_File_PowerDisplay.Models.dll,69984,ef7b42b766a00e9adfeb28023c6f3275c88983d6a8348af400cf42955325dd34
raw-files/TimeDateComponentFiles_File_PowerToys.Interop.dll,501088,df733810c9184ca7698e6d25ddfe7643f0fbc7e6a3bad1ffb42ec206a3f2638c
raw-files/TimeDateComponentFiles_File_PowerToys.ManagedTelemetry.dll,21856,a6b3decf60df51361676a7e4bf8d33aa0608288f1b8ec49bc2051f06ba48f540
raw-files/TimeDateComponentFiles_File_PowerToys.MouseJump.Common.dll,95584,57ebae0fa43325b1e021ce091b03986b6ec8b82aa4f20346b5c8d44572746e7c
raw-files/TimeDateComponentFiles_File_PowerToys.MouseJump.Models.dll,45408,da7b4edebbfb403c952bb22386d68742250d7c6fe49a16f611fcdfab02275c1d
raw-files/TimeDateComponentFiles_File_PowerToys.ZoomItSettingsInterop.dll,284000,aa3400b150baca293e51fa00a7e308f9869e17b42ea35bc87645c6f1851aabef
raw-files/TimeDateComponentFiles_File_TraceReloggerLib.dll,23216,6830c0f1d3f3c17719181e73dd5cfa8ccbb3f3c575329d2120576545103467b5
raw-files/TimeDateComponentFiles_File_backup_restore_settings.json,1257,ef6a09cabecefa3dd84f93fca104f58c04e3dad412917ef31a92381b1094adcb
raw-files/TimeDateComponentFiles_File_plugin.json,404,1efa3c7c518425640ccad8b253f1ca56d62f50dbb89f85c065c59835cdace406
raw-files/TimeDateImagesComponentFiles_File_Warning.dark.png,959,487df2dc450c19121bac7686c86da8d4d26e5e1d6d043981a58ce9668a9c514c
raw-files/TimeDateImagesComponentFiles_File_Warning.light.png,1023,9a73d39b1b111b7c0d9960367fa990dea247705d716a5bbfe2f1e406a322314a
raw-files/TimeDateImagesComponentFiles_File_calendar.dark.png,456,1852dad37ca8d9954eb50d0ec659ec029de71bd7c2b532c7cfe002631fdd1a82
raw-files/TimeDateImagesComponentFiles_File_calendar.light.png,452,3aa6523a53a15af1cafeaf309aa6043f02bb5106934ed917896306ce34cc6dcb
raw-files/TimeDateImagesComponentFiles_File_time.dark.png,737,6b4913684474c1514bf27a57679e642e56a4fac954e33607ca6bbf0bf2c70f3a
raw-files/TimeDateImagesComponentFiles_File_time.light.png,701,3ffe3716b49319a58142e705cdec3134032bcc89554deafc9b81dee3acec4f4e
raw-files/TimeDateImagesComponentFiles_File_timeDate.dark.png,767,1357a0c8be536c1193890516c32accc89008c4f285f401728df658d858ec3626
raw-files/TimeDateImagesComponentFiles_File_timeDate.light.png,689,286002c4b8f84cdcecf5f41aaa56ff842faf53ebbc504f218f334ab985a98575
raw-files/UnitConvCompFiles_File_Community.PowerToys.Run.Plugin.UnitConverter.deps.json,47906,f4e5718196f0cce565241301e0a76dda6b13035251930ee1b1eb33d566694027
raw-files/UnitConvCompFiles_File_Community.PowerToys.Run.Plugin.UnitConverter.dll,29024,245cefdd65ddd4d87a432a785cf9a9e426bf8f11d5e9a7de549559319bff7c18
raw-files/UnitConvCompFiles_File_Dia2Lib.dll,59024,6c4cac68010fe032218efe5e9fcf46eef9f77bfaa5f3bd33f03c5ff77d5a8fac
raw-files/UnitConvCompFiles_File_PowerDisplay.Models.dll,69984,ef7b42b766a00e9adfeb28023c6f3275c88983d6a8348af400cf42955325dd34
raw-files/UnitConvCompFiles_File_PowerToys.Interop.dll,501088,df733810c9184ca7698e6d25ddfe7643f0fbc7e6a3bad1ffb42ec206a3f2638c
raw-files/UnitConvCompFiles_File_PowerToys.ManagedTelemetry.dll,21856,a6b3decf60df51361676a7e4bf8d33aa0608288f1b8ec49bc2051f06ba48f540
raw-files/UnitConvCompFiles_File_PowerToys.MouseJump.Common.dll,95584,57ebae0fa43325b1e021ce091b03986b6ec8b82aa4f20346b5c8d44572746e7c
raw-files/UnitConvCompFiles_File_PowerToys.MouseJump.Models.dll,45408,da7b4edebbfb403c952bb22386d68742250d7c6fe49a16f611fcdfab02275c1d
raw-files/UnitConvCompFiles_File_PowerToys.ZoomItSettingsInterop.dll,284000,aa3400b150baca293e51fa00a7e308f9869e17b42ea35bc87645c6f1851aabef
raw-files/UnitConvCompFiles_File_TraceReloggerLib.dll,23216,6830c0f1d3f3c17719181e73dd5cfa8ccbb3f3c575329d2120576545103467b5
raw-files/UnitConvCompFiles_File_backup_restore_settings.json,1257,ef6a09cabecefa3dd84f93fca104f58c04e3dad412917ef31a92381b1094adcb
raw-files/UnitConvCompFiles_File_plugin.json,448,f4e9d4508f9deab4c16648cb443616b2544c37305a0355d66f613adb70d753fc
raw-files/UnitConvImagesCompFiles_File_unitconverter.dark.png,364,b099821aaf7081109cdf99a8bbd91bfc4f360c61735b345efd3581ff0d4bd9f3
raw-files/UnitConvImagesCompFiles_File_unitconverter.light.png,328,b774f0d555c23e3e158bc594156a7dee9151a4100d526cea25614c637a0e926b
raw-files/UriComponentFiles_File_Dia2Lib.dll,59024,6c4cac68010fe032218efe5e9fcf46eef9f77bfaa5f3bd33f03c5ff77d5a8fac
raw-files/UriComponentFiles_File_Microsoft.Plugin.Uri.deps.json,46365,0f84d08e5d164a8245d2385cb5ddee5fff8713999221b4ae92c15fa2f33405ea
raw-files/UriComponentFiles_File_Microsoft.Plugin.Uri.dll,23904,c0a08b923eb5471ba8c57d0dfc32a3d978ff3413d303c86c91d60c32fd6a7d92
raw-files/UriComponentFiles_File_PowerDisplay.Models.dll,69984,ef7b42b766a00e9adfeb28023c6f3275c88983d6a8348af400cf42955325dd34
raw-files/UriComponentFiles_File_PowerToys.Interop.dll,501088,df733810c9184ca7698e6d25ddfe7643f0fbc7e6a3bad1ffb42ec206a3f2638c
raw-files/UriComponentFiles_File_PowerToys.ManagedTelemetry.dll,21856,a6b3decf60df51361676a7e4bf8d33aa0608288f1b8ec49bc2051f06ba48f540
raw-files/UriComponentFiles_File_PowerToys.MouseJump.Common.dll,95584,57ebae0fa43325b1e021ce091b03986b6ec8b82aa4f20346b5c8d44572746e7c
raw-files/UriComponentFiles_File_PowerToys.MouseJump.Models.dll,45408,da7b4edebbfb403c952bb22386d68742250d7c6fe49a16f611fcdfab02275c1d
raw-files/UriComponentFiles_File_PowerToys.ZoomItSettingsInterop.dll,284000,aa3400b150baca293e51fa00a7e308f9869e17b42ea35bc87645c6f1851aabef
raw-files/UriComponentFiles_File_TraceReloggerLib.dll,23216,6830c0f1d3f3c17719181e73dd5cfa8ccbb3f3c575329d2120576545103467b5
raw-files/UriComponentFiles_File_backup_restore_settings.json,1257,ef6a09cabecefa3dd84f93fca104f58c04e3dad412917ef31a92381b1094adcb
raw-files/UriComponentFiles_File_plugin.json,383,184f043bd8cd4929904e8ea7b19d144c08f50913a3194f651a6ed2f344076476
raw-files/UriImagesComponentFiles_File_uri.dark.png,411,91e440aee38f57179534f13cb013b88f0f67ef8be3e2614ae62e132e674850a4
raw-files/UriImagesComponentFiles_File_uri.light.png,394,ddaa0e3591d020f43f98eb0a7785d835fcf349ab8e7335d7610f38f802910039
raw-files/VSCWrkCompFiles_File_Community.PowerToys.Run.Plugin.VSCodeWorkspaces.deps.json,58148,3fdaf667a39c10b371e91f0867960acdd75888daa7af81dc5a06cc5fd5c3dd71
raw-files/VSCWrkCompFiles_File_Community.PowerToys.Run.Plugin.VSCodeWorkspaces.dll,54624,0a0e682b25b323b173330549b171ca66ac8cf4235898fe31a20edcfa9b4c21ea
raw-files/VSCWrkCompFiles_File_Dia2Lib.dll,59024,6c4cac68010fe032218efe5e9fcf46eef9f77bfaa5f3bd33f03c5ff77d5a8fac
raw-files/VSCWrkCompFiles_File_PowerDisplay.Models.dll,69984,ef7b42b766a00e9adfeb28023c6f3275c88983d6a8348af400cf42955325dd34
raw-files/VSCWrkCompFiles_File_PowerToys.Interop.dll,501088,df733810c9184ca7698e6d25ddfe7643f0fbc7e6a3bad1ffb42ec206a3f2638c
raw-files/VSCWrkCompFiles_File_PowerToys.ManagedTelemetry.dll,21856,a6b3decf60df51361676a7e4bf8d33aa0608288f1b8ec49bc2051f06ba48f540
raw-files/VSCWrkCompFiles_File_PowerToys.MouseJump.Common.dll,95584,57ebae0fa43325b1e021ce091b03986b6ec8b82aa4f20346b5c8d44572746e7c
raw-files/VSCWrkCompFiles_File_PowerToys.MouseJump.Models.dll,45408,da7b4edebbfb403c952bb22386d68742250d7c6fe49a16f611fcdfab02275c1d
raw-files/VSCWrkCompFiles_File_PowerToys.ZoomItSettingsInterop.dll,284000,aa3400b150baca293e51fa00a7e308f9869e17b42ea35bc87645c6f1851aabef
raw-files/VSCWrkCompFiles_File_TraceReloggerLib.dll,23216,6830c0f1d3f3c17719181e73dd5cfa8ccbb3f3c575329d2120576545103467b5
raw-files/VSCWrkCompFiles_File_backup_restore_settings.json,1257,ef6a09cabecefa3dd84f93fca104f58c04e3dad412917ef31a92381b1094adcb
raw-files/VSCWrkCompFiles_File_plugin.json,438,ae1f16cde033faae550343d4bb273911a48de46d53d6d2bb2825c987c2e9200a
raw-files/VSCWrkImagesCompFiles_File_code.dark.png,437,3a5743b24d35e9b2f01fee88e4fd89fbab367cf040a64730f6ca94d74d8b6e2a
raw-files/VSCWrkImagesCompFiles_File_code.light.png,405,a10a11fba1d855ce4f67a8304818843fa5ef65e96fdecf4dc6113a92866bee39
raw-files/VSCWrkImagesCompFiles_File_folder.png,1372,59a74978dfef1befa0ba9d66ba9ddda80a46f06701efda8c6bcbda5638c5747f
raw-files/VSCWrkImagesCompFiles_File_monitor.png,1867,f0585a2ea96410451f0929e494e1487951b12f25f7f1a68607645e7e3f06219b
raw-files/ValueGeneratorCmpFiles_File_Community.PowerToys.Run.Plugin.ValueGenerator.deps.json,46965,6d744a13404fe1bf652f466561e63a379783f18bef9fa0b17a898a1c6a677b86
raw-files/ValueGeneratorCmpFiles_File_Community.PowerToys.Run.Plugin.ValueGenerator.dll,51552,cb5285fa5331c51a60e219a2fa4223d8ada68cb1bac3230218d4f63b7bdf1b6e
raw-files/ValueGeneratorCmpFiles_File_Dia2Lib.dll,59024,6c4cac68010fe032218efe5e9fcf46eef9f77bfaa5f3bd33f03c5ff77d5a8fac
raw-files/ValueGeneratorCmpFiles_File_PowerDisplay.Models.dll,69984,ef7b42b766a00e9adfeb28023c6f3275c88983d6a8348af400cf42955325dd34
raw-files/ValueGeneratorCmpFiles_File_PowerToys.Interop.dll,501088,df733810c9184ca7698e6d25ddfe7643f0fbc7e6a3bad1ffb42ec206a3f2638c
raw-files/ValueGeneratorCmpFiles_File_PowerToys.ManagedTelemetry.dll,21856,a6b3decf60df51361676a7e4bf8d33aa0608288f1b8ec49bc2051f06ba48f540
raw-files/ValueGeneratorCmpFiles_File_PowerToys.MouseJump.Common.dll,95584,57ebae0fa43325b1e021ce091b03986b6ec8b82aa4f20346b5c8d44572746e7c
raw-files/ValueGeneratorCmpFiles_File_PowerToys.MouseJump.Models.dll,45408,da7b4edebbfb403c952bb22386d68742250d7c6fe49a16f611fcdfab02275c1d
raw-files/ValueGeneratorCmpFiles_File_PowerToys.ZoomItSettingsInterop.dll,284000,aa3400b150baca293e51fa00a7e308f9869e17b42ea35bc87645c6f1851aabef
raw-files/ValueGeneratorCmpFiles_File_TraceReloggerLib.dll,23216,6830c0f1d3f3c17719181e73dd5cfa8ccbb3f3c575329d2120576545103467b5
raw-files/ValueGeneratorCmpFiles_File_backup_restore_settings.json,1257,ef6a09cabecefa3dd84f93fca104f58c04e3dad412917ef31a92381b1094adcb
raw-files/ValueGeneratorCmpFiles_File_plugin.json,493,de559115fedd367510958dbbd99b2b2b8f6ddba394ee7286801e85669a64401b
raw-files/ValueGeneratorImagesCmpFiles_File_ValueGenerator.dark.png,492,4b032973b020d0636fa09fa2aee18623946b0aca51229d0ee6a60d8833001852
raw-files/ValueGeneratorImagesCmpFiles_File_ValueGenerator.light.png,468,ad6e390d7b2631b7e1fcf0c245f35568e69884977d0da9e14a7faeadea593202
raw-files/ValueGeneratorImagesCmpFiles_File_Warning.dark.png,966,12f8792cad40cf3589586f6eec63f75249398a106bec61252058d24ef9c912ee
raw-files/ValueGeneratorImagesCmpFiles_File_Warning.light.png,1036,df3c0d3980cb87ab97c9f17fe4639dbde4b480fd74807ef9107254decea01c86
raw-files/WebSrchCompFiles_File_Community.PowerToys.Run.Plugin.WebSearch.deps.json,46845,c92f2c724d26b684f7aafac8b790d93d38ad0afe0fbc3cd9bfaea004f24d4965
raw-files/WebSrchCompFiles_File_Community.PowerToys.Run.Plugin.WebSearch.dll,23904,3842729b52bb6dfe34e85d58e767765d927ac67847c1ff24ace473e77bb84e6c
raw-files/WebSrchCompFiles_File_Dia2Lib.dll,59024,6c4cac68010fe032218efe5e9fcf46eef9f77bfaa5f3bd33f03c5ff77d5a8fac
raw-files/WebSrchCompFiles_File_PowerDisplay.Models.dll,69984,ef7b42b766a00e9adfeb28023c6f3275c88983d6a8348af400cf42955325dd34
raw-files/WebSrchCompFiles_File_PowerToys.Interop.dll,501088,df733810c9184ca7698e6d25ddfe7643f0fbc7e6a3bad1ffb42ec206a3f2638c
raw-files/WebSrchCompFiles_File_PowerToys.ManagedTelemetry.dll,21856,a6b3decf60df51361676a7e4bf8d33aa0608288f1b8ec49bc2051f06ba48f540
raw-files/WebSrchCompFiles_File_PowerToys.MouseJump.Common.dll,95584,57ebae0fa43325b1e021ce091b03986b6ec8b82aa4f20346b5c8d44572746e7c
raw-files/WebSrchCompFiles_File_PowerToys.MouseJump.Models.dll,45408,da7b4edebbfb403c952bb22386d68742250d7c6fe49a16f611fcdfab02275c1d
raw-files/WebSrchCompFiles_File_PowerToys.ZoomItSettingsInterop.dll,284000,aa3400b150baca293e51fa00a7e308f9869e17b42ea35bc87645c6f1851aabef
raw-files/WebSrchCompFiles_File_TraceReloggerLib.dll,23216,6830c0f1d3f3c17719181e73dd5cfa8ccbb3f3c575329d2120576545103467b5
raw-files/WebSrchCompFiles_File_backup_restore_settings.json,1257,ef6a09cabecefa3dd84f93fca104f58c04e3dad412917ef31a92381b1094adcb
raw-files/WebSrchCompFiles_File_plugin.json,404,6048cdf283611b2bb646abc671e6334f1baea7c7c65a82ee81c497054765c5c9
raw-files/WebSrchImagesCompFiles_File_WebSearch.dark.png,871,9faf1b865bf91f0e88b73f334c57e7e2dbd80f19a37cc6bc302b7495115e41a9
raw-files/WebSrchImagesCompFiles_File_WebSearch.light.png,840,acb9b489d5244d83673b7f07571cf8e0e92ae64a3826a2680a381c7780a6209a
raw-files/WinSetCmpFiles_File_Dia2Lib.dll,59024,6c4cac68010fe032218efe5e9fcf46eef9f77bfaa5f3bd33f03c5ff77d5a8fac
raw-files/WinSetCmpFiles_File_Microsoft.PowerToys.Run.Plugin.WindowsSettings.deps.json,46989,eb65735426c1dc7a9865ac1d350cfb0429ec6fdab47121b3d39d75892ff60ed3
raw-files/WinSetCmpFiles_File_Microsoft.PowerToys.Run.Plugin.WindowsSettings.dll,177504,c75727e302a0aaed53fff178b60c404aa1e54deed705f577d7d64cff2e5c9969
raw-files/WinSetCmpFiles_File_PowerDisplay.Models.dll,69984,ef7b42b766a00e9adfeb28023c6f3275c88983d6a8348af400cf42955325dd34
raw-files/WinSetCmpFiles_File_PowerToys.Interop.dll,501088,df733810c9184ca7698e6d25ddfe7643f0fbc7e6a3bad1ffb42ec206a3f2638c
raw-files/WinSetCmpFiles_File_PowerToys.ManagedTelemetry.dll,21856,a6b3decf60df51361676a7e4bf8d33aa0608288f1b8ec49bc2051f06ba48f540
raw-files/WinSetCmpFiles_File_PowerToys.MouseJump.Common.dll,95584,57ebae0fa43325b1e021ce091b03986b6ec8b82aa4f20346b5c8d44572746e7c
raw-files/WinSetCmpFiles_File_PowerToys.MouseJump.Models.dll,45408,da7b4edebbfb403c952bb22386d68742250d7c6fe49a16f611fcdfab02275c1d
raw-files/WinSetCmpFiles_File_PowerToys.ZoomItSettingsInterop.dll,284000,aa3400b150baca293e51fa00a7e308f9869e17b42ea35bc87645c6f1851aabef
raw-files/WinSetCmpFiles_File_TraceReloggerLib.dll,23216,6830c0f1d3f3c17719181e73dd5cfa8ccbb3f3c575329d2120576545103467b5
raw-files/WinSetCmpFiles_File_backup_restore_settings.json,1257,ef6a09cabecefa3dd84f93fca104f58c04e3dad412917ef31a92381b1094adcb
raw-files/WinSetCmpFiles_File_plugin.json,432,d7530f34b1c9000902c09624b8c6099f08f2f7cd40471ed7f8478e1502783afc
raw-files/WinSetImagesCmpFiles_File_WindowsSettings.dark.png,941,e89222d51d9be8d3e3346efee3af69b01dc9d939a0e6007245f32da323184f50
raw-files/WinSetImagesCmpFiles_File_WindowsSettings.light.png,861,338a51d85776be7c8c576b61e219539d7e0b94ebf8bb78ea6cb6048921b684b8
raw-files/WinTermCmpFiles_File_Dia2Lib.dll,59024,6c4cac68010fe032218efe5e9fcf46eef9f77bfaa5f3bd33f03c5ff77d5a8fac
raw-files/WinTermCmpFiles_File_Microsoft.PowerToys.Run.Plugin.WindowsTerminal.deps.json,50307,1dce33495ed85d01eb7b33ac0a89f1b99376335de142baad1b3f8598ec8b9aa1
raw-files/WinTermCmpFiles_File_Microsoft.PowerToys.Run.Plugin.WindowsTerminal.dll,32608,ff0d23e80748d7d8d1052bbb17bbdaf6b229756f6e20d6a8c0606ee6070e8315
raw-files/WinTermCmpFiles_File_PowerDisplay.Models.dll,69984,ef7b42b766a00e9adfeb28023c6f3275c88983d6a8348af400cf42955325dd34
raw-files/WinTermCmpFiles_File_PowerToys.Interop.dll,501088,df733810c9184ca7698e6d25ddfe7643f0fbc7e6a3bad1ffb42ec206a3f2638c
raw-files/WinTermCmpFiles_File_PowerToys.ManagedTelemetry.dll,21856,a6b3decf60df51361676a7e4bf8d33aa0608288f1b8ec49bc2051f06ba48f540
raw-files/WinTermCmpFiles_File_PowerToys.MouseJump.Common.dll,95584,57ebae0fa43325b1e021ce091b03986b6ec8b82aa4f20346b5c8d44572746e7c
raw-files/WinTermCmpFiles_File_PowerToys.MouseJump.Models.dll,45408,da7b4edebbfb403c952bb22386d68742250d7c6fe49a16f611fcdfab02275c1d
raw-files/WinTermCmpFiles_File_PowerToys.ZoomItSettingsInterop.dll,284000,aa3400b150baca293e51fa00a7e308f9869e17b42ea35bc87645c6f1851aabef
raw-files/WinTermCmpFiles_File_TraceReloggerLib.dll,23216,6830c0f1d3f3c17719181e73dd5cfa8ccbb3f3c575329d2120576545103467b5
raw-files/WinTermCmpFiles_File_backup_restore_settings.json,1257,ef6a09cabecefa3dd84f93fca104f58c04e3dad412917ef31a92381b1094adcb
raw-files/WinTermCmpFiles_File_plugin.json,457,666e8b8365ab02609fc9e06ff6dee2376df259231cc1fab9ff6d3d7bc24f5b8f
raw-files/WinTermImagesCmpFiles_File_WindowsTerminal.dark.png,503,9e1ce975611456756985e9868fb0491134676f507edadf8c64a25630b5c0a24c
raw-files/WinTermImagesCmpFiles_File_WindowsTerminal.light.png,484,5a372caa740daf1d36c2c455c1c30f28554f8959812ecdaeec76a77dffe3a431
raw-files/WinUI3ApplicationsFiles_File_Awake.ModuleServices.dll,39264,09e45d48e73134168e3c3b11758b184b0e79caa84ce76869e28b999473389839
raw-files/WinUI3ApplicationsFiles_File_Azure.AI.Inference.dll,397384,9c23ae43144fe31834d2f6c1fdc766265186d1119db1250f52e970611fbfeac8
raw-files/WinUI3ApplicationsFiles_File_Azure.AI.OpenAI.dll,454688,b303b90301b1b019a388b9740744dc313651d60dfed8ac5b802aa5ca90a001d3
raw-files/WinUI3ApplicationsFiles_File_Azure.Core.dll,438856,f87221287bde26eac8b932da37db8a9ed2998e1e0559408585a48339a625d938
raw-files/WinUI3ApplicationsFiles_File_ColorPicker.ModuleServices.dll,72032,d1c037bab4f6b01aa8c72662383cdb96682012f3fa4546ae6ba963764caeaaf5
raw-files/WinUI3ApplicationsFiles_File_Common.Search.dll,19296,763a13f9523cecddae2ead507666a68f5a286bc16e7b67a882170261b5ddf29a
raw-files/WinUI3ApplicationsFiles_File_CommunityToolkit.Common.dll,36128,8ea62feadd12dcdc62ee46dce310a6640b988e1ff9a01731df6e5cc88fafe4c2
raw-files/WinUI3ApplicationsFiles_File_CommunityToolkit.Mvvm.dll,146216,a9d9da786fe01e8d9ca5f0aa0d6623d575959de828a4190db3c1b58aa346dde5
raw-files/WinUI3ApplicationsFiles_File_CommunityToolkit.WinUI.Animations.dll,230736,336b63fb560642b644c8325e2370d3ff3c501fc2b8b91ac4d7dac7053bcfb25f
raw-files/WinUI3ApplicationsFiles_File_CommunityToolkit.WinUI.Collections.dll,51536,5a5b8b46c278655f9f492f18c7a62ac891be0aab4a570eefbabd250c44525bf3
raw-files/WinUI3ApplicationsFiles_File_CommunityToolkit.WinUI.Controls.MarkdownTextBlock.dll,125304,d972f883bfb40a99b6ae8be787e9a2228ae3cb6b74916f29ccc311cc6cc391d2
raw-files/WinUI3ApplicationsFiles_File_CommunityToolkit.WinUI.Controls.OpacityMaskView.dll,38264,8b4bb78cb465821045263bc913bd86ba0e640f51cb64ed22ecac28c7ea68d627
raw-files/WinUI3ApplicationsFiles_File_CommunityToolkit.WinUI.Controls.Primitives.dll,75088,7cfbb2691120ef6dddfb05478f7ab0051e0e483f9f0d6bb87249ec238355213e
raw-files/WinUI3ApplicationsFiles_File_CommunityToolkit.WinUI.Controls.Segmented.dll,54608,fd8478e233dd84a843062128613e357618e51faca3bb626ef269c89c3cd41059
raw-files/WinUI3ApplicationsFiles_File_CommunityToolkit.WinUI.Controls.SettingsControls.dll,106320,4b29c45112c6b12ac1c5d2883a4fe22fe5b037aa34350b07a3f517452ced9fab
raw-files/WinUI3ApplicationsFiles_File_CommunityToolkit.WinUI.Controls.Sizers.dll,62288,00c8298ad65e959723d8dbfa21d733adeb33b9dfc262323f0c182e4535a52ccc
raw-files/WinUI3ApplicationsFiles_File_CommunityToolkit.WinUI.Converters.dll,26960,b7df817b78b51f00d8ab7b8ecd7f423a3a41cb56f0fa046d0f0887a1f1d1f247
raw-files/WinUI3ApplicationsFiles_File_CommunityToolkit.WinUI.Extensions.dll,129360,943ac384e855ea755771db4ee7644c21065bcc93ecf4f1116eac590ae69e0eeb
raw-files/WinUI3ApplicationsFiles_File_CommunityToolkit.WinUI.Helpers.dll,76624,fe5ff9a15367aebe6aa5ba64ea7345271cec20edc58dbf610dc3b9a9b931eef0
raw-files/WinUI3ApplicationsFiles_File_CommunityToolkit.WinUI.Triggers.dll,31568,b46fb2b22c5f3ad32a1ce57eeba792ae0b8e42fae495b14e15d2fce1f80a11bf
raw-files/WinUI3ApplicationsFiles_File_CommunityToolkit.WinUI.UI.Controls.DataGrid.dll,435920,8d635554f69d85a67bf6821c439838592aea735bf42e555e97bdd8de334f8370
raw-files/WinUI3ApplicationsFiles_File_FileLocksmithContextMenuPackage.msix,239809,8de4970e1c896017d853407b6b947d1420988f0e999f94d63fe18197a5060879
raw-files/WinUI3ApplicationsFiles_File_Google.Apis.Auth.dll,256368,75218e08f1f883703623db357760fae2a1d7f2b23c0f357be8115061e54c29ad
raw-files/WinUI3ApplicationsFiles_File_Google.Apis.Core.dll,96632,b95d11c952773506020332b5be942e96fafb2407e2c7c0d77a992b60259620d5
raw-files/WinUI3ApplicationsFiles_File_Google.Apis.dll,94584,67e64b9ffd0244987407bfbfddb5c96a89fc458db5929362a79c1b406bd0147d
raw-files/WinUI3ApplicationsFiles_File_Google.GenAI.dll,1164664,cf82e14c54e705009b89f3077a3cbf53aa7e7754c6d809e78d29240377588dec
raw-files/WinUI3ApplicationsFiles_File_HtmlAgilityPack.dll,181624,279b4ea60cdda31c3044fa48e9fc2bc8c189f1b4316491a792330a3a567eb52a
raw-files/WinUI3ApplicationsFiles_File_ImageResizerContextMenuPackage.msix,231321,1c4e8f5fa6e6d8524a14e9bda90a56e0b9e0eba507fe925641a2a1b8f672044d
raw-files/WinUI3ApplicationsFiles_File_LanguageModelProvider.dll,83296,41f93c4e85b1ac9829ec4fef7b27b5ac1e1fcbdd911ae9ab83b51bf54c25cbbf
raw-files/WinUI3ApplicationsFiles_File_Markdig.dll,484216,44a23e93f7543b75b826f818375327a7b012ac6177d5e0571fcd4dd5a547d5b5
raw-files/WinUI3ApplicationsFiles_File_Microsoft.AI.Foundry.Local.dll,109112,ba5be552f5819dd7c9568db88559abdb3c35c25de7d58d3a44e8c44152a4f5b2
raw-files/WinUI3ApplicationsFiles_File_Microsoft.Bcl.HashCode.dll,14208,4e15ea3b7be1eca481a3ae7599da818538dc68895d711588a05a21affa0ae835
raw-files/WinUI3ApplicationsFiles_File_Microsoft.CmdPal.Ext.PowerToys.deps.json,81721,b82044dd614d9381ca494eeed59b9ae2405af07209261493b51efdc06c9be542
raw-files/WinUI3ApplicationsFiles_File_Microsoft.CmdPal.Ext.PowerToys.dll,279392,35b9a9aaf71568b533d8f17844bddf219f8c17f4212b2d55a470a9ecd27832f8
raw-files/WinUI3ApplicationsFiles_File_Microsoft.CmdPal.Ext.PowerToys.exe,216416,4b9dc5c73e949e4556c4d4cc71c39f701681ac05f2c1967b9b06d2243bcc6641
raw-files/WinUI3ApplicationsFiles_File_Microsoft.CmdPal.Ext.PowerToys.pri,1360680,e10d9c658744ab787aae3c2215ebd2b7e9f4f2b22bcb637fb7f96a559052e233
raw-files/WinUI3ApplicationsFiles_File_Microsoft.CmdPal.Ext.PowerToys.runtimeconfig.json,2519,dfa60aa6abfa2c153f19ef0417ee972bf53a6beeaa443e54dc79e030a51e5231
raw-files/WinUI3ApplicationsFiles_File_Microsoft.CommandPalette.Extensions.Toolkit.dll,494944,1c940d3953dc2b465b285397bc94f28b35aa2905e46c994557d7397046e5e206
raw-files/WinUI3ApplicationsFiles_File_Microsoft.CommandPalette.Extensions.dll,48992,a90fe49a041fe59a211be0115939156882dbc9d2e23c4bf967dd3e448d0056bf
raw-files/WinUI3ApplicationsFiles_File_Microsoft.Extensions.AI.Abstractions.dll,503840,0a3a98123309e267d88ae2d1c4063f8552d19594b4c84882bfb1cec5bddb9b92
raw-files/WinUI3ApplicationsFiles_File_Microsoft.Extensions.AI.AzureAIInference.dll,76320,91624afa0b01acb278d4071eadec9ab7c4bf2601050df456306ad0799b8dbd7d
raw-files/WinUI3ApplicationsFiles_File_Microsoft.Extensions.AI.OpenAI.dll,175176,7b1212031886d7e840e0e3269363ea4fa7c7bdcba80288867f7fdefea284ccb4
raw-files/WinUI3ApplicationsFiles_File_Microsoft.Extensions.AI.dll,286752,e0bb8dfd6f1226a97e9474a2d839a9ea78a0f976625a3f539bf7630a8c3736a0
raw-files/WinUI3ApplicationsFiles_File_Microsoft.Extensions.VectorData.Abstractions.dll,81952,8984ce9b95a23a3ba8b06676f4e574efadc6d45c91420359668358e06557f175
raw-files/WinUI3ApplicationsFiles_File_Microsoft.Graphics.Imaging.Projection.dll,26936,1f7e7cb79f841efea2e5f238b059c3896189bc4ce75811cea5124abe50a98560
raw-files/WinUI3ApplicationsFiles_File_Microsoft.InteractiveExperiences.Projection.dll,1618744,59ff8f319db3afc59c27c23eb5a33d53c13303540f458372885beccf866bf504
raw-files/WinUI3ApplicationsFiles_File_Microsoft.ML.OnnxRuntime.dll,258216,b4a9e890142a0c875e1d71e33772fbb10d4276df72828410c1502daf11d2a605
raw-files/WinUI3ApplicationsFiles_File_Microsoft.Security.Authentication.OAuth.Projection.dll,80696,7c3b01f0df79c502e380533b5303cf27e4b71272d9e426d135bd2983ab305b0e
raw-files/WinUI3ApplicationsFiles_File_Microsoft.SemanticKernel.Abstractions.dll,353312,d42620f805535238ee104c3fc8d212503cdde7c1bc79a67aaae7963f4c4cc994
raw-files/WinUI3ApplicationsFiles_File_Microsoft.SemanticKernel.Connectors.AzureAIInference.dll,152608,f5a22ff2c93355825f4ec631c58a1026c4e16eace49753cec79aa77cd68355c3
raw-files/WinUI3ApplicationsFiles_File_Microsoft.SemanticKernel.Connectors.AzureOpenAI.dll,57376,8f02a98c4919a63483d06d11348f92d31892ea90a9b398ce55dd7f9ae117fb15
raw-files/WinUI3ApplicationsFiles_File_Microsoft.SemanticKernel.Connectors.Google.dll,257056,c7734e7e85642831a306202a56f8b95a5be8d1c333032d314e038f84b54592bf
raw-files/WinUI3ApplicationsFiles_File_Microsoft.SemanticKernel.Connectors.MistralAI.dll,205384,557fd6170cc862218139138da05fa151384d8ef2885b3093802e71c00c0361b9
raw-files/WinUI3ApplicationsFiles_File_Microsoft.SemanticKernel.Connectors.Ollama.dll,156536,5540617dfb7371d287cb7ac927bc9df955c449fbfc1cf1397e0532454b2121e4
raw-files/WinUI3ApplicationsFiles_File_Microsoft.SemanticKernel.Connectors.OpenAI.dll,285768,45ba4d509a03b350ba909b645dbebda38a8f6e0bd08eeed427bd8f6c7ad3392e
raw-files/WinUI3ApplicationsFiles_File_Microsoft.SemanticKernel.Core.dll,338976,713793308306a4b6bc9cd021da62da0ab9aae17c26695f48cebed46e146d9c99
raw-files/WinUI3ApplicationsFiles_File_Microsoft.SemanticKernel.dll,15904,e65ed6a4f58ce2b49a9866c26654595a89ca98a2c2ab884083e15e7a5f38a7cc
raw-files/WinUI3ApplicationsFiles_File_Microsoft.Web.WebView2.Core.Projection.dll,762248,81fad86a396b987fb9e45342f3cd12a6cec8495753a317f2cf0409c46fc7ac48
raw-files/WinUI3ApplicationsFiles_File_Microsoft.Web.WebView2.Core.dll,866072,23df42dca369edf33b8741b9fea8154bf02c08011e230a8cbcd8280b95d057d5
raw-files/WinUI3ApplicationsFiles_File_Microsoft.WinUI.dll,7331128,8d2b7ef71fce2d6d716735868b0a47adc61b02bfa5b8b4bd5008325a79df54ee
raw-files/WinUI3ApplicationsFiles_File_Microsoft.Windows.AI.ContentSafety.Projection.dll,37216,502e688df984a02c2087004b434f076c2be66ad8413f66a4458f903951c4e9e1
raw-files/WinUI3ApplicationsFiles_File_Microsoft.Windows.AI.Foundation.Projection.dll,25400,bb9efef24f8ae8fafd628319ce49603ca1f1ddc495f0b9a0b870087d46bfa4b4
raw-files/WinUI3ApplicationsFiles_File_Microsoft.Windows.AI.Imaging.Projection.dll,84280,9721b5898872eef14880aafa2c43f5d43cbb5dd3e5472d0a7346d4dc6f1cf90b
raw-files/WinUI3ApplicationsFiles_File_Microsoft.Windows.AI.MachineLearning.Projection.dll,94712,e7572e1fb53b8f1182f9fb5d17248a2a37cc98cca8ef2e51620763c85f056666
raw-files/WinUI3ApplicationsFiles_File_Microsoft.Windows.AI.Projection.dll,26936,03a97ae434387452b8c91c03fc00de9a83d2ef4482526341269f7fe4c0cad418
raw-files/WinUI3ApplicationsFiles_File_Microsoft.Windows.AI.Text.Projection.dll,100192,125295eebac09ff376115630c2cf272971db08cd8ae19a721ade0c8633262022
raw-files/WinUI3ApplicationsFiles_File_Microsoft.Windows.AI.Video.Projection.dll,41784,5fb1a60a374a0e1bc1ca7f5c1559bc3fce725be4957d8097b8c40472b68de5e4
raw-files/WinUI3ApplicationsFiles_File_Microsoft.Windows.AppLifecycle.Projection.dll,40760,dabf014853f09913a92931aa4fbf7df7bc1496de68d5d51d5edf601095efc73b
raw-files/WinUI3ApplicationsFiles_File_Microsoft.Windows.AppNotifications.Builder.Projection.dll,68408,5e3c28d46475a7d112e815d3020097c177ca2a6dfa06120928c65a755d9a20cd
raw-files/WinUI3ApplicationsFiles_File_Microsoft.Windows.AppNotifications.Projection.dll,61752,fc878f051722e6f0fc35fa90fc772edda34985c7c37924c93913b8d46bc8a5e9
raw-files/WinUI3ApplicationsFiles_File_Microsoft.Windows.ApplicationModel.Background.Projection.dll,25400,5723ed363a51e074e673e7efd07d74a30cdb6f8e49703b11686daf7e11b0e178
raw-files/WinUI3ApplicationsFiles_File_Microsoft.Windows.ApplicationModel.DynamicDependency.Projection.dll,43832,037676cee0b3e03d63666a23067a978f1c343c990bb5a1b4755984d10d60553f
raw-files/WinUI3ApplicationsFiles_File_Microsoft.Windows.ApplicationModel.Resources.Projection.dll,68920,20c47a2f198a6c2175501da4167b059b8e07a83aa0cf6377151a8c6f172eb9ab
raw-files/WinUI3ApplicationsFiles_File_Microsoft.Windows.ApplicationModel.WindowsAppRuntime.Projection.dll,46904,8d8ab22a751bcb8b5b08af97fc3cb9d52bd20222dcf8c650e5a1ee40a7682c24
raw-files/WinUI3ApplicationsFiles_File_Microsoft.Windows.BadgeNotifications.Projection.dll,24376,4396aa96b282256fe981bb1ec5c290551aefb6ee4743a763e52e37f5d0664260
raw-files/WinUI3ApplicationsFiles_File_Microsoft.Windows.Foundation.Projection.dll,30008,264856e7cce109efd5622af2d63c966a2731cc44ce9404ccb440ee84484f53c2
raw-files/WinUI3ApplicationsFiles_File_Microsoft.Windows.Management.Deployment.Projection.dll,172856,44ceec6d7a047f63d7cc849cd51cd85f786bd717d3f15772231c122540a8ccb2
raw-files/WinUI3ApplicationsFiles_File_Microsoft.Windows.Media.Capture.Projection.dll,37688,954e96220e8e868b25e3e8f0dc994cb882151803170cebc92113b28b88ff9f11
raw-files/WinUI3ApplicationsFiles_File_Microsoft.Windows.PushNotifications.Projection.dll,44856,c5c62a85baf5bb8d6978b6a7c20b91289f04e6e7f96b40595f869f3c8bc45523
raw-files/WinUI3ApplicationsFiles_File_Microsoft.Windows.Security.AccessControl.Projection.dll,21304,f364b54b98ac2f97dff1fcf8525a5462a458251966de0d1dc0f7dbc335899754
raw-files/WinUI3ApplicationsFiles_File_Microsoft.Windows.Storage.Pickers.Projection.dll,68408,4c597139e521617c8287d1e9eb9fcc0240cf11d57c3187b8bd9188540af862ba
raw-files/WinUI3ApplicationsFiles_File_Microsoft.Windows.Storage.Projection.dll,38200,99e1309d75036aafcdb8492a0873c9f570795d91ee32e6b5710fea4690a6b343
raw-files/WinUI3ApplicationsFiles_File_Microsoft.Windows.System.Power.Projection.dll,35128,67bf52e2e5e7d154956b4ea0e9723c1084ae9c184740e1245c8cc7ee236865e8
raw-files/WinUI3ApplicationsFiles_File_Microsoft.Windows.System.Projection.dll,28472,534eed914c788a0bda99536d787aba2d87643d97fd5f72d3578962b7fff1dcf2
raw-files/WinUI3ApplicationsFiles_File_Microsoft.Windows.Widgets.Projection.dll,167264,8d6e5d3418e2f6eff2b27df0ac51b7dc452a40fc4c98c86f61e305d04b21f89f
raw-files/WinUI3ApplicationsFiles_File_Microsoft.WindowsAppRuntime.Bootstrap.Net.dll,16696,9181be6edc712d61b8961e7ed2591df3d6227d1175d50b831b8f1bfedf1714ff
raw-files/WinUI3ApplicationsFiles_File_Microsoft.Xaml.Interactions.dll,42400,4b8cbb665ed55becf85ab7270ff4de2b499679f84c176c967513354ae1b9aeee
raw-files/WinUI3ApplicationsFiles_File_Microsoft.Xaml.Interactivity.dll,27552,44b00adce01c9e30da20abd7268ad72a7c9992a3028bb9531039eee3d4b6d164
raw-files/WinUI3ApplicationsFiles_File_NewPlusPackage.msix,154557,c654b537d28fa63dea5392bd44252d68c4ea5f5adcda5afa3439f2bef6f2d51b
raw-files/WinUI3ApplicationsFiles_File_OllamaSharp.dll,366968,6ec91e4ee64dedd351826e523b707d14da571d3299489e15977b9c024b542e8d
raw-files/WinUI3ApplicationsFiles_File_OpenAI.dll,4358504,8400b994499385ddd1791162cedf7e217c6de387076aa33710420dc2ed297b5e
raw-files/WinUI3ApplicationsFiles_File_Peek.Common.dll,83808,b69cde3bb42f32fccd16b5b3f8c79a6035a7fdbcc113062e5962ddf42ad6237f
raw-files/WinUI3ApplicationsFiles_File_Peek.Common.pri,672,9e3c03ed09be277f6f91991c73783252aff26ac17b4494bfd0dac902a3886234
raw-files/WinUI3ApplicationsFiles_File_Peek.FilePreviewer.dll,367968,27792bbec37bdf8ca9d0d536f4d0c4f8d2f28b682cecc30608889603c045fa03
raw-files/WinUI3ApplicationsFiles_File_Peek.FilePreviewer.pri,25288,f892ecec2eb337ca85e2466dc2c8697246ebe85bbbe5c26539ea7784be179833
raw-files/WinUI3ApplicationsFiles_File_PowerAccent.Common.dll,54624,c46fe97e1ef28bc4c449dbb7f4bb29d9d42e90cc31945ba80bc66b6dfeb2b53e
raw-files/WinUI3ApplicationsFiles_File_PowerAccent.Core.dll,117600,c519377787d21cbd3efcbd7f09d51f3caf59355ccde2327c7c108a2f70a7d498
raw-files/WinUI3ApplicationsFiles_File_PowerDisplay.Lib.dll,226144,2f87bb9ca59bea5e68f945b537bdb1f46e46a67cbd3bc21a241635f0b4b91d41
raw-files/WinUI3ApplicationsFiles_File_PowerRenameContextMenuPackage.msix,191842,407740a78de15aceb4c8a80355255ef5094ac6a26e56b29a4431a26669bf7f53
raw-files/WinUI3ApplicationsFiles_File_PowerRenameUI.ico,118203,e3d8be4df0c0e4e488788b0c518195b613ff56aa26dbfc733fc4ba56645ba8e3
raw-files/WinUI3ApplicationsFiles_File_PowerRenameUI.winmd,11264,58d947a582533be490f3e37a2ac37952e986b8a58cfc828b6ecf0ecef9609086
raw-files/WinUI3ApplicationsFiles_File_PowerToys.AdvancedPaste.deps.json,127010,8b7744da600bc10570e57e3ad8bb092faabe59f4ad99ddc44e95d71dcfd7e6f9
raw-files/WinUI3ApplicationsFiles_File_PowerToys.AdvancedPaste.dll,1122144,d7793a9fc44e04eee1cb3f8c08595ba8eae2e9c5e40c44b9f1c678c050e61647
raw-files/WinUI3ApplicationsFiles_File_PowerToys.AdvancedPaste.exe,781152,d24beeddf90afb124f708f4677341c31fdbe1dbccda6065b6ecff60931be97d9
raw-files/WinUI3ApplicationsFiles_File_PowerToys.AdvancedPaste.pri,1507528,d671061b60f41c7ce1f6e6c89dd308522d688a1df33d1734b750ad5c56c43c0e
raw-files/WinUI3ApplicationsFiles_File_PowerToys.AdvancedPaste.runtimeconfig.json,934,d23470ba802838316aaa2d918813f1dee40db784ba19d1b4f05dc21f619145af
raw-files/WinUI3ApplicationsFiles_File_PowerToys.Common.UI.Controls.dll,104288,391cebeaa4733614135d6bf78d5727962253fcf38fb6a92db735549c6c6f879c
raw-files/WinUI3ApplicationsFiles_File_PowerToys.Common.UI.Controls.pri,18112,6b9bb9ded2c75dce248bc432688d847e7cce5b5f21eb18a5242d94f608d12e2a
raw-files/WinUI3ApplicationsFiles_File_PowerToys.EnvironmentVariables.deps.json,96593,246ebe1252b5d882c8e7fb23fa41941a29fb199e6ed0a5766e99cf161ef40da5
raw-files/WinUI3ApplicationsFiles_File_PowerToys.EnvironmentVariables.dll,687456,f0c3ca1bbcdaccafbb00219ec84348a4796c55affb84dd1b5a67daf24b33749b
raw-files/WinUI3ApplicationsFiles_File_PowerToys.EnvironmentVariables.exe,772960,73584da4b5474e9c30c4bf39103d9f6e505e5ab1154e2b7c7cbddf3552d4dfce
raw-files/WinUI3ApplicationsFiles_File_PowerToys.EnvironmentVariables.pri,1546992,8e92f73f1d698a2fded2ca43b1cd2cf0481d046f706431b64ec660dae5a61b9a
raw-files/WinUI3ApplicationsFiles_File_PowerToys.EnvironmentVariables.runtimeconfig.json,934,d23470ba802838316aaa2d918813f1dee40db784ba19d1b4f05dc21f619145af
raw-files/WinUI3ApplicationsFiles_File_PowerToys.EnvironmentVariablesModuleInterface.dll,683360,5685f2e77e1a4f04920c6ce95a9cccc4433f2114e8025da20599f0ce4b56c5a8
raw-files/WinUI3ApplicationsFiles_File_PowerToys.EnvironmentVariablesUILib.dll,186208,78a19597a8bc11f7c7511726f40dba90a1782557604c2da93bf5c56524a15e57
raw-files/WinUI3ApplicationsFiles_File_PowerToys.EnvironmentVariablesUILib.pri,70656,1ffcf7c85bc3ca5d5376cc9b9ed24957b36c7f6c7e056d1cb85a41fcbf13b848
raw-files/WinUI3ApplicationsFiles_File_PowerToys.FileLocksmithContextMenu.dll,745824,18e642f2df61442c38c098e9171c735cf3000470879a8699e63b086d5c4827dd
raw-files/WinUI3ApplicationsFiles_File_PowerToys.FileLocksmithExt.dll,1018720,d169826e40bf044a218d1367baeadc12dfcc9060c9d38e89fb1d60fb3bea4860
raw-files/WinUI3ApplicationsFiles_File_PowerToys.FileLocksmithLib.Interop.dll,319328,37ec772cf6c5ea581200c62decfd2c1d0aad03cb208059d5a7814e9c76484bd9
raw-files/WinUI3ApplicationsFiles_File_PowerToys.FileLocksmithLib.Interop.winmd,3584,6a8a36150ea9399e922c9fd766a931a133788a38fa5a3dc7f6adad66a5495b5c
raw-files/WinUI3ApplicationsFiles_File_PowerToys.FileLocksmithUI.deps.json,69079,d27d01e959bc5dfd2d62ab03c8265d05798955bee0ebb5a175b705079c479524
raw-files/WinUI3ApplicationsFiles_File_PowerToys.FileLocksmithUI.dll,479072,ecd3d68c795f368edafaf2def339f9c04f97cb6f5a6ed9e1b7154d0034489cd3
raw-files/WinUI3ApplicationsFiles_File_PowerToys.FileLocksmithUI.exe,476000,b2016985fd8c089e71ce136a4c4caf3253ae091edffda805f17e4dc9f7678c0b
raw-files/WinUI3ApplicationsFiles_File_PowerToys.FileLocksmithUI.pri,1474232,321c8240392c7f9d7671529a2dd76b4d07e5a0987d20af508ef6b61329c8e064
raw-files/WinUI3ApplicationsFiles_File_PowerToys.FileLocksmithUI.runtimeconfig.json,934,d23470ba802838316aaa2d918813f1dee40db784ba19d1b4f05dc21f619145af
raw-files/WinUI3ApplicationsFiles_File_PowerToys.GPOWrapper.dll,195424,8ead5537f49830e942ab2d4f602efd44e1d1c9dce20b2bfe8002985c54f99b4b
raw-files/WinUI3ApplicationsFiles_File_PowerToys.Hosts.deps.json,98104,0b631dd7a6d409f4341210a5c35a8758f5c8baa139effc72f1cbe437313aee09
raw-files/WinUI3ApplicationsFiles_File_PowerToys.Hosts.dll,417632,88c65d4a81b387c2388ea0259654bb9f6807fcd1c5a1a80749ec4dfe296ee4bd
raw-files/WinUI3ApplicationsFiles_File_PowerToys.Hosts.exe,479584,60ca3342322c9374831ce304fcc2d7822c3dbfbd963587b5ad478b64e3b8bcef
raw-files/WinUI3ApplicationsFiles_File_PowerToys.Hosts.pri,1483808,ed67d4f748d1395c8c48d61e2f13a291e231c358b7e700c199ff3f0ee432f8e4
raw-files/WinUI3ApplicationsFiles_File_PowerToys.Hosts.runtimeconfig.json,934,d23470ba802838316aaa2d918813f1dee40db784ba19d1b4f05dc21f619145af
raw-files/WinUI3ApplicationsFiles_File_PowerToys.HostsModuleInterface.dll,683360,e59e8d3a40b3b607fd0e904b92d29043309f4634c2192bdca7357ebf3593b1af
raw-files/WinUI3ApplicationsFiles_File_PowerToys.HostsUILib.dll,196448,1e8b3d119a034985caa79db935125b101d196de5016a6c9050fc16a8ded0d1ca
raw-files/WinUI3ApplicationsFiles_File_PowerToys.HostsUILib.pri,69960,d33394ced348b55cd1862479493a5cbefda9386ebcc192b5c8acd066d1bca241
raw-files/WinUI3ApplicationsFiles_File_PowerToys.ImageResizer.deps.json,71631,fcb9a151c016137fbd8de17669f0cdb3a1ff037025de765db00c1f02f11f0b80
raw-files/WinUI3ApplicationsFiles_File_PowerToys.ImageResizer.dll,534368,4242c359a449509b9c3971ed2cff9ec53fd389bc0b861898e9bdbdf3a5d420b0
raw-files/WinUI3ApplicationsFiles_File_PowerToys.ImageResizer.exe,424800,6bc30e42dbc801344e36204d00c5c027aed207dfa44e1f3dd0209711cc6b4aa5
raw-files/WinUI3ApplicationsFiles_File_PowerToys.ImageResizer.pri,1555664,61e89b7bf2e1474ee8ffe21d6c7a676121928eb1c004a0ac841cc45b98632075
raw-files/WinUI3ApplicationsFiles_File_PowerToys.ImageResizer.runtimeconfig.json,934,d23470ba802838316aaa2d918813f1dee40db784ba19d1b4f05dc21f619145af
raw-files/WinUI3ApplicationsFiles_File_PowerToys.ImageResizerCLI.deps.json,72103,ef36c18738758813b9c3ccd34a8c0e2394dcce8639335d3249e2fa4617c52e18
raw-files/WinUI3ApplicationsFiles_File_PowerToys.ImageResizerCLI.dll,17248,0bade2ab8e800d96883c4bbcbfb3813962ec487ba3822712c7fd8166149f9f6e
raw-files/WinUI3ApplicationsFiles_File_PowerToys.ImageResizerCLI.exe,172896,8233bff6a4fe234a43ba888d100fe4ca7fc905233db2c6fa78bd6cecb188ecda
raw-files/WinUI3ApplicationsFiles_File_PowerToys.ImageResizerCLI.pri,1555672,386cb1d6cb02de0ce4264f1f9e2535629089540459a34a7f89dec7ea78252f80
raw-files/WinUI3ApplicationsFiles_File_PowerToys.ImageResizerCLI.runtimeconfig.json,934,d23470ba802838316aaa2d918813f1dee40db784ba19d1b4f05dc21f619145af
raw-files/WinUI3ApplicationsFiles_File_PowerToys.ImageResizerContextMenu.dll,761184,16ffd5ccea7b5a11706cfbf7fd9d7260a627962d0876daef44fa7fe1a8ec23e6
raw-files/WinUI3ApplicationsFiles_File_PowerToys.ImageResizerExt.dll,1037664,b2aa888d4f7f04b6907483a16bf9b993e0e89608d0977a0165a3afff64578df6
raw-files/WinUI3ApplicationsFiles_File_PowerToys.KeyboardManagerEditorLibraryWrapper.dll,762208,116cbc735e524b480bfc990c04314961258103157c7ffefc02dff3da0ed3afc2
raw-files/WinUI3ApplicationsFiles_File_PowerToys.KeyboardManagerEditorUI.deps.json,78641,bd66a66d56dbd469b44db3ce359504215c35bfc524c5151402463819b78bbf20
raw-files/WinUI3ApplicationsFiles_File_PowerToys.KeyboardManagerEditorUI.dll,491872,39321680f0f3b8d88328925539cd8e9d70e6df4bf141e55c576eb49f09356882
raw-files/WinUI3ApplicationsFiles_File_PowerToys.KeyboardManagerEditorUI.exe,416608,c764e9f359eedb888be123e41307a0b319ff91931e94d0cbf3d4b4d2138b5eae
raw-files/WinUI3ApplicationsFiles_File_PowerToys.KeyboardManagerEditorUI.pri,1585536,f256d61d78e9368fd699950204defa563165ede0d54a2f1eae83ae2a184bff51
raw-files/WinUI3ApplicationsFiles_File_PowerToys.KeyboardManagerEditorUI.runtimeconfig.json,867,1401ad3714099edb8aedded755dd6f5f780c5b7682c18e227ec76e8d1e6fa3bf
raw-files/WinUI3ApplicationsFiles_File_PowerToys.ManagedCsWin32.dll,22880,7f5bed15fb61652d4d45bb6d547c09619ba87ec7fe86b74413751665e6cf06f8
raw-files/WinUI3ApplicationsFiles_File_PowerToys.MeasureToolCore.dll,892256,6bf602a9fbb0eae076f903f2e86eeb03384662f1238a434df677f77a2b491db3
raw-files/WinUI3ApplicationsFiles_File_PowerToys.MeasureToolCore.pri,728,65587a06934f3123f819eb94f473a2d5734ab5dae19517f4683f161600e537f1
raw-files/WinUI3ApplicationsFiles_File_PowerToys.MeasureToolCore.winmd,2560,dc00f4bdae396b0bb6ec87251d94ab088cd4ab3042fdfd6ed267ba7b9a5e577d
raw-files/WinUI3ApplicationsFiles_File_PowerToys.MeasureToolModuleInterface.dll,678752,298bdea1bb8ffb1056bcb41db90e315cbce96d0271bc1f578059b30cdae50006
raw-files/WinUI3ApplicationsFiles_File_PowerToys.MeasureToolUI.deps.json,70880,542e3a376eb5e4d924cf811258b286b97db1f11f52666b2cc5b7bd4377b0a9a0
raw-files/WinUI3ApplicationsFiles_File_PowerToys.MeasureToolUI.dll,216928,0cde8b2df5b5a4e010dd0097a7ec48deb542b654fa75027c79c649580663abd8
raw-files/WinUI3ApplicationsFiles_File_PowerToys.MeasureToolUI.exe,301408,815db2603b648800dccb19fd5ab60f248cc6c687adb539117be7194d5dbce55d
raw-files/WinUI3ApplicationsFiles_File_PowerToys.MeasureToolUI.pri,1415976,629d3f531152645edb14b7bcc9c19311eb093bf92eec26aaa08fbd3a3cce877f
raw-files/WinUI3ApplicationsFiles_File_PowerToys.MeasureToolUI.runtimeconfig.json,867,1401ad3714099edb8aedded755dd6f5f780c5b7682c18e227ec76e8d1e6fa3bf
raw-files/WinUI3ApplicationsFiles_File_PowerToys.ModuleContracts.dll,18784,a543ccef2f27e10645adcd19ebe6f2331a0748795195d94e16accb19a3449061
raw-files/WinUI3ApplicationsFiles_File_PowerToys.MouseJump.Common.deps.json,4648,690d0f278989545cdee016af9f7bf9c69c1c866f215dd962b7bc074ca8713d7f
raw-files/WinUI3ApplicationsFiles_File_PowerToys.MouseJump.HotKeys.deps.json,5583,4a0fdd020fcd0e93308df12c1ccb3d6ea42b18a003fb9f07196411268bb5d886
raw-files/WinUI3ApplicationsFiles_File_PowerToys.MouseJump.HotKeys.dll,21344,f48e102709e32372f45c0e8fec57872069687ec8aa381d108359dbd9978eade9
raw-files/WinUI3ApplicationsFiles_File_PowerToys.MouseJump.Models.deps.json,1785,9240b74f05c7d5069718bde537fd7ae35fca0ed3db994c558d91923689b2454e
raw-files/WinUI3ApplicationsFiles_File_PowerToys.MouseJump.WinUI3.deps.json,71269,3c5326ad7f36ac82615d3f667a4bbff76ebe14b1a0852662a6fff090b2987b8b
raw-files/WinUI3ApplicationsFiles_File_PowerToys.MouseJump.WinUI3.dll,390496,dc5b8f0d92aaf6a1df743e6549cac60720df836b686fd9965b6dda040f0f55fa
raw-files/WinUI3ApplicationsFiles_File_PowerToys.MouseJump.WinUI3.exe,301408,80c6c8e054236602afe84e716a9d4a3a2b5d02100647317b4f2fbfc9c640edff
raw-files/WinUI3ApplicationsFiles_File_PowerToys.MouseJump.WinUI3.pri,1358368,f3414a0c8e79ea4ba3693702975ba77e4cb0aeefcda71a4135182b273745f34d
raw-files/WinUI3ApplicationsFiles_File_PowerToys.MouseJump.WinUI3.runtimeconfig.json,867,1401ad3714099edb8aedded755dd6f5f780c5b7682c18e227ec76e8d1e6fa3bf
raw-files/WinUI3ApplicationsFiles_File_PowerToys.MouseJump.dll,681312,2bc91f5205bc34d5d80abc0616cf4c09f3247d6c47ff5af354f6f94bf28a8c29
raw-files/WinUI3ApplicationsFiles_File_PowerToys.NewPlus.ShellExtension.dll,1314656,c1ef2777a87ecc31d2b188af3dd7d873e4f8643b2da0d6f8609a5f2f50b54ff9
raw-files/WinUI3ApplicationsFiles_File_PowerToys.NewPlus.ShellExtension.win10.dll,1200992,b98a1e1cf88ad1f3d5bf13e7443cb8fc44b94db043d64d45502ce94453906736
raw-files/WinUI3ApplicationsFiles_File_PowerToys.Peek.UI.deps.json,97497,87324a7e7cf3d7443704dd1bde66be1726b361cae62a05960b1ad9c58a5ae292
raw-files/WinUI3ApplicationsFiles_File_PowerToys.Peek.UI.dll,470880,c41cbf3ecef4f33c784d9db09b37e49311f9f3bf8746a38848886d464d527019
raw-files/WinUI3ApplicationsFiles_File_PowerToys.Peek.UI.exe,467296,5a9bbe78858bcbb8e76dfd9be40373d976e7698d7cb14f966625ebd0d8a091f2
raw-files/WinUI3ApplicationsFiles_File_PowerToys.Peek.UI.pri,1489168,91a2d9488c12a4436238cb68d530764a572c132554417799c013f8470e143074
raw-files/WinUI3ApplicationsFiles_File_PowerToys.Peek.UI.runtimeconfig.json,934,d23470ba802838316aaa2d918813f1dee40db784ba19d1b4f05dc21f619145af
raw-files/WinUI3ApplicationsFiles_File_PowerToys.Peek.dll,749920,75517dd2e16a2d5b6a7df82749e5d0ada7fb3e7ef3829eaa51c63746acbded33
raw-files/WinUI3ApplicationsFiles_File_PowerToys.PowerAccent.deps.json,79677,ed666fc7c06ae189d7e38542dde86151af79114944a6f73003fabe0977db7726
raw-files/WinUI3ApplicationsFiles_File_PowerToys.PowerAccent.dll,330592,01f9b2ef9768dcb565f65aa54afcd26993755815f3c4f99993cfe228cdfe313c
raw-files/WinUI3ApplicationsFiles_File_PowerToys.PowerAccent.exe,408928,bd5263cb9129a3cf1171f98bd950737bff4715e2cd4f6528b2addb2bbd7e8a20
raw-files/WinUI3ApplicationsFiles_File_PowerToys.PowerAccent.pri,1419408,84050cdc9b8b6b809a2ee17bc2cd42f64ed5a8fb536f4e6a78c73d7b96916453
raw-files/WinUI3ApplicationsFiles_File_PowerToys.PowerAccent.runtimeconfig.json,2586,39a75a42810346715248f82df1dedff23173de327d08f3e0fb416ad510a3ead5
raw-files/WinUI3ApplicationsFiles_File_PowerToys.PowerAccentKeyboardService.dll,686944,77b9d70273bb7935bfb62fe01e92df74287075b7eca6a92e3a45ebac4fdc8ad5
raw-files/WinUI3ApplicationsFiles_File_PowerToys.PowerAccentKeyboardService.winmd,5120,fc5e883ae659c82093821510012ea05e78ce8d0dd859dc1d64abd92d25b59c03
raw-files/WinUI3ApplicationsFiles_File_PowerToys.PowerDisplay.Cli.deps.json,52256,a444e76353bafe752a7821bf502403763b9551d74d31b281c3cee90f441b94f1
raw-files/WinUI3ApplicationsFiles_File_PowerToys.PowerDisplay.Cli.dll,278880,dd06a4c6eb0a5a5832cc118cf35423160ec1dabb2faa6be630dbf64ed6726401
raw-files/WinUI3ApplicationsFiles_File_PowerToys.PowerDisplay.Cli.exe,368992,e39dfd627dddf6476dec91db58dd47a24abb3116ee10ad5d3618b62ef84db51b
raw-files/WinUI3ApplicationsFiles_File_PowerToys.PowerDisplay.Cli.runtimeconfig.json,2567,ee2f4c1a30ca83236a284ee12018452801b6dd466c2e418d7064af20e7f7378f
raw-files/WinUI3ApplicationsFiles_File_PowerToys.PowerDisplay.Contracts.deps.json,1803,a3db273f6feaf705dd08be70a09d002bbb2da433c669f2b7e233060fad8a30f5
raw-files/WinUI3ApplicationsFiles_File_PowerToys.PowerDisplay.Contracts.dll,136032,89c16d51318f48a9a180af461a1805aaa738b6722ca000c68b8b406f9e7b9871
raw-files/WinUI3ApplicationsFiles_File_PowerToys.PowerDisplay.Ipc.dll,88416,677ee0b89b586a23f6d88a4b78054b77b669aeb9120217de657bdce45bd8c3b6
raw-files/WinUI3ApplicationsFiles_File_PowerToys.PowerDisplay.deps.json,84575,c693018255f053ab79b5deb8dfd23e69386299e7cba28b198a7405c4228cc60f
raw-files/WinUI3ApplicationsFiles_File_PowerToys.PowerDisplay.dll,794976,cc1b8d842f843c6c23543882034e40d9f49b12f60aab42b6c08bee3f836573a3
raw-files/WinUI3ApplicationsFiles_File_PowerToys.PowerDisplay.exe,498016,207291b928ae343772e50a8470daa98fb0d491265828567adf5683134188cdeb
raw-files/WinUI3ApplicationsFiles_File_PowerToys.PowerDisplay.pri,1527792,0e1d56d67286f9c83350bb3730ffa3e0d7f5f010ed7f3710a775c3fca42dfd99
raw-files/WinUI3ApplicationsFiles_File_PowerToys.PowerDisplay.runtimeconfig.json,2586,39a75a42810346715248f82df1dedff23173de327d08f3e0fb416ad510a3ead5
raw-files/WinUI3ApplicationsFiles_File_PowerToys.PowerRename.exe,2574688,9058a6e9931944090b173d544d751a85efe334571bdc0d31c6b275f23caeb1ec
raw-files/WinUI3ApplicationsFiles_File_PowerToys.PowerRename.pri,1557216,81431be6c86fc59da8d57c64bf022d9d2398c26f1af437666d0873327eadc160
raw-files/WinUI3ApplicationsFiles_File_PowerToys.PowerRenameContextMenu.dll,976736,63caced7ddf4eea32b4c6c689a7d624f20153952ad8a1bbbc766f71710344123
raw-files/WinUI3ApplicationsFiles_File_PowerToys.PowerRenameExt.dll,1229664,fb0544c0ac09a2a0eb78d1181cf72c3f23d07285d0f620bda89d5255eed2f57c
raw-files/WinUI3ApplicationsFiles_File_PowerToys.QuickAccess.deps.json,83484,bfe7bd4d0056b40a1ebef8c989174da40954d4e7f153158443c7b32f620c31eb
raw-files/WinUI3ApplicationsFiles_File_PowerToys.QuickAccess.dll,323936,922a13939e73e52f7be48dec5b6f62a556f20fdf766b767c5fcdc5d14914f96e
raw-files/WinUI3ApplicationsFiles_File_PowerToys.QuickAccess.exe,344928,a340f49bef30fe65ce8543b5e8228fd542d5b7eaede0cafd92fcc5956bb8916d
raw-files/WinUI3ApplicationsFiles_File_PowerToys.QuickAccess.pri,4172560,2f2bdb40838d77062ad6ee4fb78324e1e95921983f556b2341ff8899ad3b2b3b
raw-files/WinUI3ApplicationsFiles_File_PowerToys.QuickAccess.runtimeconfig.json,867,1401ad3714099edb8aedded755dd6f5f780c5b7682c18e227ec76e8d1e6fa3bf
raw-files/WinUI3ApplicationsFiles_File_PowerToys.RegistryPreview.deps.json,71386,6ded821b033ab689ab7f92c5accddd0c53064d83b349ba2e002f447af76bcd7c
raw-files/WinUI3ApplicationsFiles_File_PowerToys.RegistryPreview.dll,335712,ff28943a74e6ecd1f5aec2122c4e082d2cf032667422f03df3016382d0974cb0
raw-files/WinUI3ApplicationsFiles_File_PowerToys.RegistryPreview.exe,440160,e1d255860cc7d4ff07645b03f7a725dd40232d5167aaa9ab0f236748aa965342
raw-files/WinUI3ApplicationsFiles_File_PowerToys.RegistryPreview.pri,1505440,7e1db284889466ee642d8d9d0ba60f894e85cc2f72086814acdc3d26d02b8260
raw-files/WinUI3ApplicationsFiles_File_PowerToys.RegistryPreview.runtimeconfig.json,934,d23470ba802838316aaa2d918813f1dee40db784ba19d1b4f05dc21f619145af
raw-files/WinUI3ApplicationsFiles_File_PowerToys.RegistryPreviewExt.dll,747360,47acec9162c561f203da06b88de1f92b970e85b508e068474eab1ed4d73fccb6
raw-files/WinUI3ApplicationsFiles_File_PowerToys.RegistryPreviewUILib.dll,245088,3122a58079abff5913aca8fb61d11b32d124ed931758c0be94c854cee7af9c12
raw-files/WinUI3ApplicationsFiles_File_PowerToys.RegistryPreviewUILib.pri,82272,332d54a5a57d716942df31fc541018986252ea065c6f460ae1ab60851fa1100f
raw-files/WinUI3ApplicationsFiles_File_PowerToys.Settings.UI.Controls.dll,105312,0b8b4ef935785f36041dba827dda772aec2c604a947b24dce41bddd9e8857181
raw-files/WinUI3ApplicationsFiles_File_PowerToys.Settings.UI.Controls.pri,18632,5fb29df0da2d4b35ce93422ff6a80ad9026d50cff8a7dfe627e2c01398bcc7a0
raw-files/WinUI3ApplicationsFiles_File_PowerToys.Settings.deps.json,124481,b793a8f725e2e69cc08ebd275a029f209620364efe5727c9c612a2ce601001b8
raw-files/WinUI3ApplicationsFiles_File_PowerToys.Settings.dll,2855776,947eae3efef703d9e31d2f24f1c6070ffb8d869a5a7fb4191a2cc9d668f37605
raw-files/WinUI3ApplicationsFiles_File_PowerToys.Settings.exe,354656,94c405e8f32f5b3a0dad83bc694f8f2046a35ea2afd00276cffb293773b7d7e1
raw-files/WinUI3ApplicationsFiles_File_PowerToys.Settings.pri,4675328,66bb374c26662cbc7d3f0d164e1e06860e40825ae4e71ecbb1ac72965aa33748
raw-files/WinUI3ApplicationsFiles_File_PowerToys.Settings.runtimeconfig.json,867,1401ad3714099edb8aedded755dd6f5f780c5b7682c18e227ec76e8d1e6fa3bf
raw-files/WinUI3ApplicationsFiles_File_PowerToys.ShortcutGuide.IndexYmlGenerator.deps.json,100034,f628747b737146d7143cc1cd5e6b357d3b91ee948c696f6670a4f68864046c12
raw-files/WinUI3ApplicationsFiles_File_PowerToys.ShortcutGuide.IndexYmlGenerator.dll,17760,5b642c9e0da31527f265a4958d4014263bcca96321a0825bcea3d98b0d01cbb4
raw-files/WinUI3ApplicationsFiles_File_PowerToys.ShortcutGuide.IndexYmlGenerator.exe,172896,913f923f9e7ffa9735255c1ca58c489564cc4c7872c5a0bef663aac961dddf81
raw-files/WinUI3ApplicationsFiles_File_PowerToys.ShortcutGuide.IndexYmlGenerator.pri,1511912,bb0418d2c2cad46777bb1c351408c3daffffcffc517549a2ef2c6b30ad99c8b4
raw-files/WinUI3ApplicationsFiles_File_PowerToys.ShortcutGuide.IndexYmlGenerator.runtimeconfig.json,867,1401ad3714099edb8aedded755dd6f5f780c5b7682c18e227ec76e8d1e6fa3bf
raw-files/WinUI3ApplicationsFiles_File_PowerToys.ShortcutGuide.deps.json,99474,bafd0d64cdb7f4177d7ed40ad39fa288e5824b1473cee6ee530c45f6a085361a
raw-files/WinUI3ApplicationsFiles_File_PowerToys.ShortcutGuide.dll,447328,42afa0934d85621a4ec6be645b66d9d5bc92fc9c1915e5c3c099eac0fe2aa594
raw-files/WinUI3ApplicationsFiles_File_PowerToys.ShortcutGuide.exe,318304,37cde79f8d05d5b6a78d9bf5a155c3e6fde8189e7078c73dbcfaa1c7eca360a9
raw-files/WinUI3ApplicationsFiles_File_PowerToys.ShortcutGuide.pri,1512024,bef869bcb11ca3f41c06b48204e28500bc3295ddac93b671ba516c4974628e7f
raw-files/WinUI3ApplicationsFiles_File_PowerToys.ShortcutGuide.runtimeconfig.json,867,1401ad3714099edb8aedded755dd6f5f780c5b7682c18e227ec76e8d1e6fa3bf
raw-files/WinUI3ApplicationsFiles_File_PowerToys.ShortcutGuideModuleInterface.dll,699232,fd73812dc1aec9b3f017957d0724debc1a51b9bdf4ca5a069984d934311b3f4c
raw-files/WinUI3ApplicationsFiles_File_PowerToys.ZoomItSettingsInterop.dll,284000,cb3fc803b934ba5b2bb7d1db66936f44ac48e89fbf68be3b99d2fbf52d05e97d
raw-files/WinUI3ApplicationsFiles_File_ReverseMarkdown.dll,38776,c6e10f571ec126eb1c8182bc58785f005b24432d1fa75bd590cb700d7fa12bba
raw-files/WinUI3ApplicationsFiles_File_RomanNumerals.dll,39800,8890d7d9c1640446306bbbc1f6c20e9faac7fe11633edc37eae8033d8bad6fc6
raw-files/WinUI3ApplicationsFiles_File_SharpCompress.dll,2469240,84e689d4e69daf1276cb20d1c0bcee3a0f30f4ad479158383250b946062e322f
raw-files/WinUI3ApplicationsFiles_File_Shmuelie.WinRTServer.dll,118136,e9136817ddcef1745b3f90b0cefc6cfbfb72e2151062c0fe5b940581ef0896bd
raw-files/WinUI3ApplicationsFiles_File_SkiaSharp.Views.WinUI.Native.Projection.dll,35368,98c2c985cea3bbd854c08998b28aeaa2b7cb7034967cdeb51d07eea0a9650ff7
raw-files/WinUI3ApplicationsFiles_File_SkiaSharp.Views.WinUI.Native.dll,58928,f6aed3bf20bd6618be212d4139b9c25670c95493bebaea8b980dd14a5df88b13
raw-files/WinUI3ApplicationsFiles_File_SkiaSharp.Views.WinUI.Native.winmd,2560,069620458f3821003426b34a2ef1d210aad9811fbba45e3cc9d5a0e0c2e5d355
raw-files/WinUI3ApplicationsFiles_File_SkiaSharp.Views.Windows.dll,39984,5a4c6ddf9443d5f7588acefa0e8aa09cbe8e03edfa1697358725a720b07cffd4
raw-files/WinUI3ApplicationsFiles_File_SkiaSharp.dll,437808,17ee1284313749f73a5cf5f309318d831741a8d6d397c998c5fc6485843c28bb
raw-files/WinUI3ApplicationsFiles_File_System.ClientModel.dll,232992,5e6fe3ad456a178c80ed320ea65b70206d48b31a332a9e3ecbb1ad71ce6a296b
raw-files/WinUI3ApplicationsFiles_File_System.Memory.Data.dll,33544,25970acddbae6072e9337747b2cbcd04047f78566b2f58bd623a8993833fb10c
raw-files/WinUI3ApplicationsFiles_File_System.Numerics.Tensors.dll,518448,93726ced42c0998e7d81b9a8684896ec2cf04df74e5d097acba70637defd5fb5
raw-files/WinUI3ApplicationsFiles_File_ToolGood.Words.Pinyin.dll,1763704,a4ff1780ce97a56d96db5efa112207508d30ca6187bc53823615476f432a594b
raw-files/WinUI3ApplicationsFiles_File_UnicodeInformation.dll,1549688,d03f1867ec528da66cd815d95417e3c1b67738f2cbdc46046e93fc998c3af497
raw-files/WinUI3ApplicationsFiles_File_WinUIEx.dll,620240,3b82ba0816ba1a6d4caadd16ed3cd1ff33647a17669cdbdf373d77a42e88468a
raw-files/WinUI3ApplicationsFiles_File_WmiLight.Native.dll,118648,21504637ac97c41160e9418f2e294f6333c7d7dc69aca9312925776a38f3ec2d
raw-files/WinUI3ApplicationsFiles_File_WmiLight.dll,58232,a1ff1d7c4b4b954c1603035f38dfa6c0cbefef42a4733d3d31bcd36c98ac1d06
raw-files/WinUI3ApplicationsFiles_File_Workspaces.ModuleServices.dll,17760,75dddd5a49e6fdb57cc37aa3385a11d5b9ef7ef690b3a3344ef9b112c5e4913b
raw-files/WinUI3ApplicationsFiles_File_YamlDotNet.dll,303480,b0242937ccc93aa95646640e0f62117f563f3c7a620735be965f9214669de532
raw-files/WinUI3ApplicationsFiles_File_boost_regex_vc143_mt_gd_x32_1_87.dll,543096,b1302ec6d5c5c9972edb35cc64f3f636021d17234c2be7b2005a4e74be8e95c2
raw-files/WinUI3ApplicationsFiles_File_boost_regex_vc143_mt_gd_x64_1_87.dll,711032,1994aa08d094e33f67f9ec164b13d6e65b307d3f607e5a789234884f64f9e2ec
raw-files/WinUI3ApplicationsFiles_File_boost_regex_vc143_mt_x32_1_87.dll,208760,08f154ceb06f9894c557ceec35e5dc56c8f78b37a46dc7d2708d8e81f36a6e9e
raw-files/WinUI3ApplicationsFiles_File_boost_regex_vc143_mt_x64_1_87.dll,238968,8439c70d1b1c75f8569b52c24d5a475f683d2bc4a1c84988812687638e083f2b
raw-files/WinUI3ApplicationsFiles_File_libSkiaSharp.dll,9414216,9a0d95e8caaa852c70d085af6a40a744242172ad9ea3fd6bc7599875a8a1dbcd
raw-files/WinUI3AppsMicrosoftUIXamlAssetsFile_NoiseAsset_256x256_PNG.png,3241,4f2aa94a2e345a32dae689176b86c644bef87081ff9daef8c77417731862031b
raw-files/WinUI3AppsMicrosoftUIXamlAssetsFile_map.html,32558,1c48985f80bf626fabe1b7e2be7d7c53c271c5f75f5800eba47587505d73f99d
raw-files/WinUI3Apps_WinAppSDKLoc_af_ZA_XamlMui_File,26464,9d7550f8afce2ee0606860598f166dcf9c91d2283e59b4e46dae1977a5158f14
raw-files/WinUI3Apps_WinAppSDKLoc_af_ZA_XamlPhoneMui_File,14136,2b999f5dc1d393cb353c13ed22cdeb650dd2ebfc325450e2f7b7030fe7268081
raw-files/WinUI3Apps_WinAppSDKLoc_ar_SA_XamlMui_File,26936,c3096f6e06f3a7cfe0d287e9ad33c1761a6d2854c2181b1d6584f94553bd4675
raw-files/WinUI3Apps_WinAppSDKLoc_ar_SA_XamlPhoneMui_File,14176,71a19d4f81c93dea8f78a208c601f63e2d6f482a61efd4cc1e9e7a07f0bf6cae
raw-files/WinUI3Apps_WinAppSDKLoc_az_Latn_AZ_XamlMui_File,26976,9aba22e0bff303a64154bba74e4b912ada0b1747972752a8673eacd6814a79c9
raw-files/WinUI3Apps_WinAppSDKLoc_az_Latn_AZ_XamlPhoneMui_File,14176,c3351d46630843173a72e687de35624dd9eefa2478df04c9b9392d8b624f3714
raw-files/WinUI3Apps_WinAppSDKLoc_bg_BG_XamlMui_File,28472,72b4bb45031b38ca389e121e633dc53527a8f4533cf229ac87c4fc8cd0f6f44a
raw-files/WinUI3Apps_WinAppSDKLoc_bg_BG_XamlPhoneMui_File,14136,56dce3544ec77b713da7ac6f0ded39d85ce6d5c46eac118a457bf188b34025ad
raw-files/WinUI3Apps_WinAppSDKLoc_bs_Latn_BA_XamlMui_File,27448,486d80fae09a235a65e191fbe966b304c753116c61f65fbcdd28d5a516435a82
raw-files/WinUI3Apps_WinAppSDKLoc_bs_Latn_BA_XamlPhoneMui_File,14136,e3b80b13c568f96ded26fc5bee2cf66314ec42493ea75e2020f76c0822fa635b
raw-files/WinUI3Apps_WinAppSDKLoc_ca_ES_XamlMui_File,27960,01bc656e7d441d598925e76c020117c417f2f79ed51a213550226192d8ed2a55
raw-files/WinUI3Apps_WinAppSDKLoc_ca_ES_XamlPhoneMui_File,14176,b5bf3e42fe596dfada29aeff6bdefcfcbe15596b33611d5bc786900bc79972f3
raw-files/WinUI3Apps_WinAppSDKLoc_cs_CZ_XamlMui_File,26976,5fccd5fad67240c90e9d5501fc012617fe2bdfbea5072f76ebfcd6d505cb2870
raw-files/WinUI3Apps_WinAppSDKLoc_cs_CZ_XamlPhoneMui_File,14136,34a379d11e5289f84a48eca7ac97a31d8fc6234672df335cb6035202cdc19990
raw-files/WinUI3Apps_WinAppSDKLoc_cy_GB_XamlMui_File,26936,3fda4ac86670b70c9d5eb95ef95a89c8f071fd5caad7888d2fc593479f1e5e97
raw-files/WinUI3Apps_WinAppSDKLoc_cy_GB_XamlPhoneMui_File,14136,e8e90036ac8dbedae5ee25f949f5f47477484bc627208e32c471f16a39a94820
raw-files/WinUI3Apps_WinAppSDKLoc_da_DK_XamlMui_File,26424,a391553ddcf822103aa4863597568665310cd89c777473bf1cacca7410a1404f
raw-files/WinUI3Apps_WinAppSDKLoc_da_DK_XamlPhoneMui_File,14136,08fcdefbe72a29df94c458a00d98ad16c81bc0abe838bfa12c66169c7412578c
raw-files/WinUI3Apps_WinAppSDKLoc_de_DE_XamlMui_File,27448,aa343304aac2d16238090af547bacd17bebf47171861ac99ff8ae6c2d0346211
raw-files/WinUI3Apps_WinAppSDKLoc_de_DE_XamlPhoneMui_File,14176,b5cbd691c8c428974ac43c720c364059eba9aacc152f2acfcd61373fa0459c2e
raw-files/WinUI3Apps_WinAppSDKLoc_el_GR_XamlMui_File,28472,e7072876d4a5f0fb3f1c6fe4928ccf0ce6a7f876bfbc2af53856f0da861f0eca
raw-files/WinUI3Apps_WinAppSDKLoc_el_GR_XamlPhoneMui_File,14176,94a3ba765f2ade47922e2ab278c68dedf3f4325fbb0cfb1634d60560e16f0022
raw-files/WinUI3Apps_WinAppSDKLoc_en_GB_XamlMui_File,25400,f0e5b7cd7c0f11e307af3419b8b90a9b45774a5acfa82d755ebc6077184297d6
raw-files/WinUI3Apps_WinAppSDKLoc_en_GB_XamlPhoneMui_File,14176,112ddf67a6cf35f1b879c16a16a46c9945d1d13edae9c1055139fa2a5977394b
raw-files/WinUI3Apps_WinAppSDKLoc_en_us_XamlMui_File,25952,a1899653f7ce5f185f5e88d4ae75a2323155fb1851441921c90dbaca1017b18d
raw-files/WinUI3Apps_WinAppSDKLoc_en_us_XamlPhoneMui_File,14176,af8f9b0fc97f2c3497bce566818a08c3c8d65c6fc80b63f819b32a8c763b5dc8
raw-files/WinUI3Apps_WinAppSDKLoc_es_ES_XamlMui_File,27960,4da026e07e88d832c065dac9a4b781951d258b84b71a19303517c1cfb36c7eaa
raw-files/WinUI3Apps_WinAppSDKLoc_es_ES_XamlPhoneMui_File,14136,9d302684a8c6e4ed786cb36a16e1ba1351b924ce83157c76e93464f8eab19e1d
raw-files/WinUI3Apps_WinAppSDKLoc_es_MX_XamlMui_File,27960,5470d9a11e272c15ba28f3cefad8e8343b76f46a57d478267b55537d1141991a
raw-files/WinUI3Apps_WinAppSDKLoc_es_MX_XamlPhoneMui_File,14176,48dbc0c20cffbe9920324c9fad80a2fbdd54f9b3bcf93f78970bc62c729c25b2
raw-files/WinUI3Apps_WinAppSDKLoc_et_EE_XamlMui_File,26976,564132bd8e35ad458bd9068a3f33c25f7e571bd7e9a94c75125b540fbae8e6ca
raw-files/WinUI3Apps_WinAppSDKLoc_et_EE_XamlPhoneMui_File,14136,2f033a157fb422958aa8626269730217b753bf9f65aaf054b210c3f81e6c0f53
raw-files/WinUI3Apps_WinAppSDKLoc_eu_ES_XamlMui_File,28472,5b7a4edfa208de4ad966a3be54b50600f0abe35eea99133514fac24be833d241
raw-files/WinUI3Apps_WinAppSDKLoc_eu_ES_XamlPhoneMui_File,14176,8330efc0457927ab7dc9069a5fa534c73cf21a05c981eca5f45ce346e93fbca8
raw-files/WinUI3Apps_WinAppSDKLoc_fa_IR_XamlMui_File,26936,02d4b519a2c0cafce8a442be61e2a9fb52d07710e0b7d655592574cb4f65d201
raw-files/WinUI3Apps_WinAppSDKLoc_fa_IR_XamlPhoneMui_File,14176,888c25c96e653e78189a27b01420aca5bc366871943303d21ffa3848c13b7409
raw-files/WinUI3Apps_WinAppSDKLoc_fi_FI_XamlMui_File,27448,f6ae40bd88d91d3e462cb7d81624929b6b478b234ca2877026001ee1036e16f0
raw-files/WinUI3Apps_WinAppSDKLoc_fi_FI_XamlPhoneMui_File,14136,70a9631a8a557caad63ad4c75fbe68184e98f4a55e1f4c716fcd4ffb05b01d89
raw-files/WinUI3Apps_WinAppSDKLoc_fr_CA_XamlMui_File,28000,b8d91e1dfd799acfd4b5f8111e7e2c4c89dc185462d433dc973f9824e73ef172
raw-files/WinUI3Apps_WinAppSDKLoc_fr_CA_XamlPhoneMui_File,14136,8e9b01bcd0a926c58dc7607227739f566c9e0591502b063c0854665f00484ede
raw-files/WinUI3Apps_WinAppSDKLoc_fr_FR_XamlMui_File,28000,9a80829d6bea568eaa237bd4c7d3ed932e770b46fcc66ab774cb2dfa46caf541
raw-files/WinUI3Apps_WinAppSDKLoc_fr_FR_XamlPhoneMui_File,14136,1bab408442d571e548dd4a6efe6a9357630d31dc8192aebcb800f0ad52cb23b2
raw-files/WinUI3Apps_WinAppSDKLoc_gl_ES_XamlMui_File,27960,2e9b6f037769124c705f54e147b6b914692e531919c15dc31721e04e365dedf4
raw-files/WinUI3Apps_WinAppSDKLoc_gl_ES_XamlPhoneMui_File,14136,189acb3ab403b1ee52485d11821b240c5fd7a1b727da9b67e6bcfd349b636dc9
raw-files/WinUI3Apps_WinAppSDKLoc_he_IL_XamlMui_File,25912,eb8f53624d8f5a2d5d2e900e2da36d73659b33a812c2eac840a9391b4b193116
raw-files/WinUI3Apps_WinAppSDKLoc_he_IL_XamlPhoneMui_File,13624,d7ccb7974b3c80c123e7e6dd4106feb9e0968b4491f39885792ac2826f410470
raw-files/WinUI3Apps_WinAppSDKLoc_hi_IN_XamlMui_File,26424,eb60d520787c15f04cffb500d56774f955fe12c5c27a3e044333dce24bb4d5c9
raw-files/WinUI3Apps_WinAppSDKLoc_hi_IN_XamlPhoneMui_File,14136,327f7dcbdefbd03f4ea0ec3d0ace712837b1e6e9fd2064244fa27eae2a317e7b
raw-files/WinUI3Apps_WinAppSDKLoc_hr_HR_XamlMui_File,27488,ae2823e9d7601be2b1c8271d3bed3e74ab765f72c5e109492c1309207f234a3b
raw-files/WinUI3Apps_WinAppSDKLoc_hr_HR_XamlPhoneMui_File,14136,dbca138c3c6a641dcd70b33f55a4985235b13507c859ce4dfaa61eee7cb6bc37
raw-files/WinUI3Apps_WinAppSDKLoc_hu_HU_XamlMui_File,27448,9e26188f98a5a1ea2cfc393f5a42859d894aa58254f9fc6bf2512bf0f11a156a
raw-files/WinUI3Apps_WinAppSDKLoc_hu_HU_XamlPhoneMui_File,14136,041ab217ce8f8cd11bbe78c9b2e8fecd9a49ede12be4fe7610b0d858416ef261
raw-files/WinUI3Apps_WinAppSDKLoc_id_ID_XamlMui_File,26936,ba22a67cb95bbcc031f646ce2f78ab830fe8e8230ff46dc9cc405298ffa64feb
raw-files/WinUI3Apps_WinAppSDKLoc_id_ID_XamlPhoneMui_File,14136,5f93e1a920edaf207700ef467d598da76fe6bc98a6f1e3ad2fda4390eeff87ba
raw-files/WinUI3Apps_WinAppSDKLoc_is_IS_XamlMui_File,26464,349b013c2fda87bd36427eef3bf0cd0fcabc23ba11b0da605b601410d77c71ca
raw-files/WinUI3Apps_WinAppSDKLoc_is_IS_XamlPhoneMui_File,14136,48e225687af384ff35576a211671ee94c93e98dcde3bbfa651c90f27a69838ff
raw-files/WinUI3Apps_WinAppSDKLoc_it_IT_XamlMui_File,27960,58d9bb4f372aaa879b41048f2056a7246bfcfbb64f246b9e420d712644f1da07
raw-files/WinUI3Apps_WinAppSDKLoc_it_IT_XamlPhoneMui_File,14136,f2559a45e9ffe13ea1b3f4d833bcc0306bece0926d94a92dece810a9fa66c650
raw-files/WinUI3Apps_WinAppSDKLoc_ja_JP_XamlMui_File,22880,55894aaf6c9e39369c4fa1602a4141070ae3ed53e44f34e956eb425f74a62c01
raw-files/WinUI3Apps_WinAppSDKLoc_ja_JP_XamlPhoneMui_File,13664,5df8a9a308dcec378242bccbe3c06d5f8e2895199c64429b61ac41cd50768d0b
raw-files/WinUI3Apps_WinAppSDKLoc_ka_GE_XamlMui_File,27448,9a97d79d80c972b994fb85a0d000229425f2ba4eabd2bbc13dfca4a552cdc56b
raw-files/WinUI3Apps_WinAppSDKLoc_ka_GE_XamlPhoneMui_File,14136,cae511bc93801ef35499a6cd747306841113e5f4ca8e25c1ab2dc18fbfbb5d7c
raw-files/WinUI3Apps_WinAppSDKLoc_kk_KZ_XamlMui_File,27448,e1b3db03c96bb95f80fe930b3f46a3d9724e1fe5aafb9e5ee4b77b61dd7889d1
raw-files/WinUI3Apps_WinAppSDKLoc_kk_KZ_XamlPhoneMui_File,14176,77c7ce5dcfb9cc2e0662f996cd288ad0ac4a7cece0172602a844d07243df7fee
raw-files/WinUI3Apps_WinAppSDKLoc_ko_KR_XamlMui_File,22328,4dfaa3b202e72ff3866b727411342480cfe8810c04ec3484308a739d84da9dfc
raw-files/WinUI3Apps_WinAppSDKLoc_ko_KR_XamlPhoneMui_File,13624,86a606a7778996fc93467055a4d3000d9bb8dcabd25f4e2d0295d50c3588b258
raw-files/WinUI3Apps_WinAppSDKLoc_lt_LT_XamlMui_File,28000,0cba4092175f848c3a58e75223b8fd0967058a9858446dc0cc1048756ee46d65
raw-files/WinUI3Apps_WinAppSDKLoc_lt_LT_XamlPhoneMui_File,14136,fcf83214455f739aede854ed57b6a72ac99bb4b1ab29256cb9364e23238439a5
raw-files/WinUI3Apps_WinAppSDKLoc_lv_LV_XamlMui_File,26936,251855dc787ce8000b9e87b954c84711870358849e3a61deb442797c39b03553
raw-files/WinUI3Apps_WinAppSDKLoc_lv_LV_XamlPhoneMui_File,14176,7d575b798bc5431e5a327b8bfae959a0441df5cb2d2f7d202cb5fd6f5b663382
raw-files/WinUI3Apps_WinAppSDKLoc_ms_MY_XamlMui_File,26976,6f337f633fc8290c705958a7524a9e04533c9d8c9b8c4aeafcda71a342a7b10c
raw-files/WinUI3Apps_WinAppSDKLoc_ms_MY_XamlPhoneMui_File,14136,ca7885d0fad0c9f3978e80a4d9ae79a2b2e07e61df77b0b82dcf1e4bb9650892
raw-files/WinUI3Apps_WinAppSDKLoc_nb_NO_XamlMui_File,25952,a2ebfe5fbdd2089626e8f4ae2872f0f7fe2543c6e6fc229a740f8713fffec507
raw-files/WinUI3Apps_WinAppSDKLoc_nb_NO_XamlPhoneMui_File,14136,a009d1e590d5c5bd3410ce47c5ecb270963aa32d12a60d9d40e62b16ccdc13c5
raw-files/WinUI3Apps_WinAppSDKLoc_nl_NL_XamlMui_File,27488,cd81f6c91698aea15f3311a834b396051fc977ddcb4bd7d282ad898e02aed0dc
raw-files/WinUI3Apps_WinAppSDKLoc_nl_NL_XamlPhoneMui_File,14176,435745ecaf7789416668820246622a093f081a1956e9f0e387f17a3b69f2f094
raw-files/WinUI3Apps_WinAppSDKLoc_nn_NO_XamlMui_File,25912,a6a85b8b205ccf9d4cf317f3e568a1d58fd9169dd1fc341bb7a10fa03aaa3aa8
raw-files/WinUI3Apps_WinAppSDKLoc_nn_NO_XamlPhoneMui_File,14176,4623ccef879ad4d64cea4a8a392e7f1e3292613d98ac2a69f54256d00a8b098e
raw-files/WinUI3Apps_WinAppSDKLoc_pl_PL_XamlMui_File,28000,e6f3e8e1aba17f21cead4698ccf02a3c83cecfe6de8628e7876677044068b6f3
raw-files/WinUI3Apps_WinAppSDKLoc_pl_PL_XamlPhoneMui_File,14136,004653b61bd9b48dce860f66e7efc5503ef95be9448933d96811eca7bcd643b4
raw-files/WinUI3Apps_WinAppSDKLoc_pt_BR_XamlMui_File,27448,e8e7b79764399c5354226048981aaa754565e6323c3c30a5e4f71351ec7b4988
raw-files/WinUI3Apps_WinAppSDKLoc_pt_BR_XamlPhoneMui_File,14176,19a24cd0c3385d382703ad1b3a45f93cce56c8cf730c88492bc9dbf85dabd30f
raw-files/WinUI3Apps_WinAppSDKLoc_pt_PT_XamlMui_File,27488,cda47408e18e77d49eccd9d46d02ecf6df862f3b417021660e0d024346c34628
raw-files/WinUI3Apps_WinAppSDKLoc_pt_PT_XamlPhoneMui_File,14136,fe7b6a0fad33ff6425fd7cd0bf48c0d8b19b5289cb4e20d29396a2d39eb82893
raw-files/WinUI3Apps_WinAppSDKLoc_ro_RO_XamlMui_File,27448,6190d667c2778c85e33b5dfbbd19d6a7d0d4d54d3f8e230ddc76b185b93fdf7c
raw-files/WinUI3Apps_WinAppSDKLoc_ro_RO_XamlPhoneMui_File,14136,f19e6de3586f06764d9910be7d6b8bc9c97b60348cb6a4b9cec8d804c6f46fb2
raw-files/WinUI3Apps_WinAppSDKLoc_ru_RU_XamlMui_File,29024,b9869f4d147ff7c72836a8ee599c56ffeaf87c3b82ac4f9d462675bd911e9e02
raw-files/WinUI3Apps_WinAppSDKLoc_ru_RU_XamlPhoneMui_File,14136,8449a9b6c53a96bc99ce5748b4662a16bd682b62bbd99a5dbc0af79ef40fbb59
raw-files/WinUI3Apps_WinAppSDKLoc_sk_SK_XamlMui_File,27960,c6274c6d7f74fe7b9d6af655152d998285618e54ac53d2bab3a40bf2eded50ce
raw-files/WinUI3Apps_WinAppSDKLoc_sk_SK_XamlPhoneMui_File,14176,0b4bb396643484a056f937a7d5876a6d7308fc52f8225b0f1c7a8f5fe43ee810
raw-files/WinUI3Apps_WinAppSDKLoc_sl_SI_XamlMui_File,27448,5dacdd8addb5bfa374a7cff3c2766a2ef805a1cea54d4249d326a642cf3d8a72
raw-files/WinUI3Apps_WinAppSDKLoc_sl_SI_XamlPhoneMui_File,14136,a02f271690f82bfd6fa71737e50a0a5d29303414533b5d4b0957e3ba0fe39ff2
raw-files/WinUI3Apps_WinAppSDKLoc_sq_AL_XamlMui_File,28000,9903c387733024c17ea8435d7a85c31850adcc678a0e593d7751ec492a87d849
raw-files/WinUI3Apps_WinAppSDKLoc_sq_AL_XamlPhoneMui_File,14136,c5a80f5c9841a92b510d7faf6769834c32cf94f8eb3bd6e6a1eac9dda84184fb
raw-files/WinUI3Apps_WinAppSDKLoc_sr_Cyrl_RS_XamlMui_File,27448,3f9ecd7ad1035e84ef2aec8e4885068bf7bc81295a6d7b635b587be6e2d15838
raw-files/WinUI3Apps_WinAppSDKLoc_sr_Cyrl_RS_XamlPhoneMui_File,14136,753becf4331c73bb8f5d5eced1dc9213e05a3ad3fff8bbc4cfcc1105fae87c05
raw-files/WinUI3Apps_WinAppSDKLoc_sr_Latn_RS_XamlMui_File,27448,ee575ba84dd2c139e3591ae102164ba35e0eb546690187991fce8f5e0a24956d
raw-files/WinUI3Apps_WinAppSDKLoc_sr_Latn_RS_XamlPhoneMui_File,14136,bf98cd9fc670a74a35e9c9ab267e497ce07997c7a1bbc827bca2e1b34622fd9e
raw-files/WinUI3Apps_WinAppSDKLoc_sv_SE_XamlMui_File,26464,96145eadc0d3661385c0d0ee11f3a633bbf44fddbcab9cfaca26e6a1bbc52d15
raw-files/WinUI3Apps_WinAppSDKLoc_sv_SE_XamlPhoneMui_File,14136,04359cbc5263afba48440ef527eb846b4e2bdb7b45afa989275087cd5595caf3
raw-files/WinUI3Apps_WinAppSDKLoc_th_TH_XamlMui_File,25952,8dc4cc33e86325e159abff551150150d762efb12c874377cd73d40e881cce6dd
raw-files/WinUI3Apps_WinAppSDKLoc_th_TH_XamlPhoneMui_File,14176,27cdaa04615b9fea50f254ff28f2b4f93890674135a9314aebadeedf63079078
raw-files/WinUI3Apps_WinAppSDKLoc_tr_TR_XamlMui_File,26464,a4775ff16d9c37891384058087489641984731f0e5010652393d57a88c76b855
raw-files/WinUI3Apps_WinAppSDKLoc_tr_TR_XamlPhoneMui_File,14136,b82fe62609707758e00d43659c0344c99e3bd1b570703857dff84da685b06c35
raw-files/WinUI3Apps_WinAppSDKLoc_uk_UA_XamlMui_File,27960,d8f089304dff1d0ff4acc9e0bc98c003b8dcaa3666bede265f9b10ef3614f3f7
raw-files/WinUI3Apps_WinAppSDKLoc_uk_UA_XamlPhoneMui_File,14136,6382f0d376db2a2d5e7ee45eb9af2db6aceb2d722be7c8215b82106f67c01d1c
raw-files/WinUI3Apps_WinAppSDKLoc_vi_VN_XamlMui_File,26936,f5f8c7efef7c9dab9f2d8f50b12d12ed5b840dce521aee845304ae6a76215d56
raw-files/WinUI3Apps_WinAppSDKLoc_vi_VN_XamlPhoneMui_File,14136,bc02b312b3c0dce5a42241e4ff85368f9e5e1d5e182da79c0e2851122c363e85
raw-files/WinUI3Apps_WinAppSDKLoc_zh_CN_XamlMui_File,21344,e462b319ed9427324fb84af1f8a6350749ac9fb7df036974723ce688cc494b57
raw-files/WinUI3Apps_WinAppSDKLoc_zh_CN_XamlPhoneMui_File,13664,fc52b9ce9f1355a78a1e6e62263f3a6414e0f4d2ada5538c461edf1a8a60946d
raw-files/WinUI3Apps_WinAppSDKLoc_zh_TW_XamlMui_File,21304,4a6dc433e5eaaf546d428bbdfb0de42a37663aaedb5ff0ac03425a4869e04ea2
raw-files/WinUI3Apps_WinAppSDKLoc_zh_TW_XamlPhoneMui_File,13624,af2a36d4e2b821cd566508539ec13de0be4785e633cb500ee7ba7a91068d959d
raw-files/WinUI3Apps_hardlinks_txt,13913,ae3f70b43d95f41fe35913806bdf2bcdf296246d23c80087ecc41e03656541b1
raw-files/WindowWlkrCompFiles_File_Dia2Lib.dll,59024,6c4cac68010fe032218efe5e9fcf46eef9f77bfaa5f3bd33f03c5ff77d5a8fac
raw-files/WindowWlkrCompFiles_File_Microsoft.Plugin.WindowWalker.deps.json,46581,b8c7dd5d1363557c6ed07338ac184ca9f640bd58ef216a9495f2e6899433d393
raw-files/WindowWlkrCompFiles_File_Microsoft.Plugin.WindowWalker.dll,52064,e949c47d899fdd9d1ec5ba4294e2c526db82cfca2e3a4260d789f3871553e059
raw-files/WindowWlkrCompFiles_File_PowerDisplay.Models.dll,69984,ef7b42b766a00e9adfeb28023c6f3275c88983d6a8348af400cf42955325dd34
raw-files/WindowWlkrCompFiles_File_PowerToys.Interop.dll,501088,df733810c9184ca7698e6d25ddfe7643f0fbc7e6a3bad1ffb42ec206a3f2638c
raw-files/WindowWlkrCompFiles_File_PowerToys.ManagedTelemetry.dll,21856,a6b3decf60df51361676a7e4bf8d33aa0608288f1b8ec49bc2051f06ba48f540
raw-files/WindowWlkrCompFiles_File_PowerToys.MouseJump.Common.dll,95584,57ebae0fa43325b1e021ce091b03986b6ec8b82aa4f20346b5c8d44572746e7c
raw-files/WindowWlkrCompFiles_File_PowerToys.MouseJump.Models.dll,45408,da7b4edebbfb403c952bb22386d68742250d7c6fe49a16f611fcdfab02275c1d
raw-files/WindowWlkrCompFiles_File_PowerToys.ZoomItSettingsInterop.dll,284000,aa3400b150baca293e51fa00a7e308f9869e17b42ea35bc87645c6f1851aabef
raw-files/WindowWlkrCompFiles_File_TraceReloggerLib.dll,23216,6830c0f1d3f3c17719181e73dd5cfa8ccbb3f3c575329d2120576545103467b5
raw-files/WindowWlkrCompFiles_File_backup_restore_settings.json,1257,ef6a09cabecefa3dd84f93fca104f58c04e3dad412917ef31a92381b1094adcb
raw-files/WindowWlkrCompFiles_File_plugin.json,400,d05695dd4cfb014d695fcced6f5d3a34425c0a39b80bdfbcb9b22893b06e7e0e
raw-files/WindowWlkrImagesCompFiles_File_info.dark.png,761,8daadfd551fd7a673468ed3a023a86e699c2ba58bdfef065a8a3230d6fe5fe82
raw-files/WindowWlkrImagesCompFiles_File_info.light.png,710,d4a5688d0f6fa7cb9f1d33ac6e8c495e4a1dd6a45aad0f54ea42a536221674ad
raw-files/WindowWlkrImagesCompFiles_File_windowwalker.dark.png,564,fa8d76e56eb7573f01e2fe0c90bc52f28cd5ebf9dededc13e6bba2d26e074f03
raw-files/WindowWlkrImagesCompFiles_File_windowwalker.light.png,536,104d063d75dd20e0d890c21afb87eacc10a27ecf4b24e6d716cb4a5c8519e1d8
raw-files/WorkspacesEditor_ar_SA_File,19296,c3ebd06ce852c8b5b2f46fc81c74db5a90228103cfe0c5081a2084f6b53075ac
raw-files/WorkspacesEditor_cs_CZ_File,18784,545162e49720852656b93320fcd0652aad005dc989c87e8107cb7cca255b0b9d
raw-files/WorkspacesEditor_de_DE_File,18784,57fe9ac359964d444a9d4bfd140bf4935f79a85df1d5b395743c27f45347e387
raw-files/WorkspacesEditor_es_ES_File,18784,7a5657f51e0839ade0124226fb41c10c0719d2c314152ea044521c811f7e680e
raw-files/WorkspacesEditor_fa_IR_File,19296,c163facb4b22d11e3fcce54f346af79e3c19a53d29afa1ae5fd8de8934fcf7dc
raw-files/WorkspacesEditor_fr_FR_File,18784,ae06c490aeb96a8c14c850e19883913681d39ad637ec5c616643cda7e3e69907
raw-files/WorkspacesEditor_he_IL_File,19296,049fb33cc5f6eea515548e8d367964a6641aa096878e8588d6a78d5537d6961b
raw-files/WorkspacesEditor_hu_HU_File,18784,3754bb6dc8a2fe520bc454a811a5f55839bc28a07d6a2484166f5dbeb6a4902d
raw-files/WorkspacesEditor_it_IT_File,18272,7408b4d89a537eb3113f25b28382f3c9aa7ea2863e48f3f18886737abab551a5
raw-files/WorkspacesEditor_ja_JP_File,18784,ab416417816c9d55e746c6ddc881393e0a2662c42885f3eb30a56dc754ff8755
raw-files/WorkspacesEditor_ko_KR_File,18272,60c4a3828b99ceec73f6683c7d89c8c1a54370712af12aa52e445b20f5c9d124
raw-files/WorkspacesEditor_nl_NL_File,18272,04f679da90d6d806746b4de1c11415f78f457a7853936537817b848dc8b68ae4
raw-files/WorkspacesEditor_pl_PL_File,18784,708258290bdbbc58d46796cffaa76b94513fee4a6e2e6dd45b2f24b956d9eb5d
raw-files/WorkspacesEditor_pt_BR_File,18784,cff8ecf09ce474b6014876ee9acb8bf415aa0d7b9ec47e17c6b360b15a64389e
raw-files/WorkspacesEditor_pt_PT_File,18784,472f7bbc103db0a243480b3dadb0ccf53814bf21df81d344fc32904784958aee
raw-files/WorkspacesEditor_ru_RU_File,19808,a7991a611f9ee064f7fd734259f7f12345e724e0f7d9a7726d275427aebe753b
raw-files/WorkspacesEditor_sv_SE_File,18272,1c87687a5cb92a572246a9e4f287fbcc8858a67e58922f5e4dea119e4f7a47ed
raw-files/WorkspacesEditor_tr_TR_File,18784,5ad3cffbd14f0544c49c38e82a5e016e18efccb2dddccacdf9c022621ba14826
raw-files/WorkspacesEditor_uk_UA_File,19296,d88948e4f4154ab155e68e27187362a6df0f81da8f7b24b5c763c4c83d2d1f78
raw-files/WorkspacesEditor_zh_CN_File,18272,cf2491778c0b11a5a2dc250894f354a4f12214e4cb22085a2585f39de7137e93
raw-files/WorkspacesEditor_zh_TW_File,18272,923a298b3bfaf232e26293b82ec508e096c4e19ec19ba1c3099e252533c6ddcc
raw-files/WorkspacesImagesComponentFiles_File_DefaultIcon.ico,112730,a3bf40246f34e024cd8ae9eaf24f24733461891424ef391366bac175b0310bc7
raw-files/WorkspacesImagesComponentFiles_File_Workspaces.ico,467385,62fd91d0e9a85ab14c58778d8e0d3751dc35de3aa3926c25347895462c25d7a1
raw-files/calcComponentFiles_File_Dia2Lib.dll,59024,6c4cac68010fe032218efe5e9fcf46eef9f77bfaa5f3bd33f03c5ff77d5a8fac
raw-files/calcComponentFiles_File_Microsoft.PowerToys.Run.Plugin.Calculator.deps.json,47385,3ab105aa1635f6840f9fc702e49fa61e1804995e55610a64b7ca829be3a22b26
raw-files/calcComponentFiles_File_Microsoft.PowerToys.Run.Plugin.Calculator.dll,48480,8be282cddd03930f2d8fdc69c060a0a584b94647bc55bddb9838bd9ed9f38c38
raw-files/calcComponentFiles_File_PowerDisplay.Models.dll,69984,ef7b42b766a00e9adfeb28023c6f3275c88983d6a8348af400cf42955325dd34
raw-files/calcComponentFiles_File_PowerToys.Interop.dll,501088,df733810c9184ca7698e6d25ddfe7643f0fbc7e6a3bad1ffb42ec206a3f2638c
raw-files/calcComponentFiles_File_PowerToys.ManagedTelemetry.dll,21856,a6b3decf60df51361676a7e4bf8d33aa0608288f1b8ec49bc2051f06ba48f540
raw-files/calcComponentFiles_File_PowerToys.MouseJump.Common.dll,95584,57ebae0fa43325b1e021ce091b03986b6ec8b82aa4f20346b5c8d44572746e7c
raw-files/calcComponentFiles_File_PowerToys.MouseJump.Models.dll,45408,da7b4edebbfb403c952bb22386d68742250d7c6fe49a16f611fcdfab02275c1d
raw-files/calcComponentFiles_File_PowerToys.ZoomItSettingsInterop.dll,284000,aa3400b150baca293e51fa00a7e308f9869e17b42ea35bc87645c6f1851aabef
raw-files/calcComponentFiles_File_TraceReloggerLib.dll,23216,6830c0f1d3f3c17719181e73dd5cfa8ccbb3f3c575329d2120576545103467b5
raw-files/calcComponentFiles_File_backup_restore_settings.json,1257,ef6a09cabecefa3dd84f93fca104f58c04e3dad412917ef31a92381b1094adcb
raw-files/calcComponentFiles_File_plugin.json,408,622cd30705fa86f09b4e7b70230bc15a10e162da38777736810f324c4ac46ea5
raw-files/calcImagesComponentFiles_File_calculator.dark.png,523,3eab1fef3f48e4dedf4e865d69901c72021fa85fd9c024f82d9cd650f144c96f
raw-files/calcImagesComponentFiles_File_calculator.light.png,480,be3b5ffe0f96a6be1eb345b0cc68636423a1cea0b0aadad0387f23132c97a5ed
raw-files/fil._9ZfONzo3TrE1VOflJLgJwOEVc,4427,361f56ebb20bd0a40bd61f5497aefca994d6acdc178fb7b9cd96447033b5b886
raw-files/fil03p5Yd8klQ2zYmnwcDCXoFZ7Wxk,133143,55d71564f6c4d2cd6feb3dccc6a55f750b0ff11ba43a9a026b84d4befb997ca9
raw-files/fil1H9pP67uX6tGioaVK79r7Q6gVk0,9337,8c4c86e69a355cb6c310bec49c29e1945834f4643a982a75163ae6eedaa22cda
raw-files/fil1LDFwlK4T.Gg1wv8ARKiC.KAFWM,23939,1f177d53a0a30a605e3392be5792680b5a672f47894713f7a92efb47ec4b9916
raw-files/fil2hqCByaNT3CyZ9Xq3oCsdg5.fF0,4421,24be8d591933d38aeb57ab728d63f632bc5c5700c4c31a230d995c5cdefd4d70
raw-files/fil2iOlo3PEuyYoDW_SU99ejsmW29w,3767451,a0e91ed7d71e45c4ab051facd6ba446ab0cf8645515c01802b1208bb7f52ea58
raw-files/fil4DChbWe1lLtga.feW4vRVoY6DYI,8697,51518be9caa253f9dcda9e8ba564376152d264c7e46cf12015ea5b920ef1b543
raw-files/fil4nEiUUxAxgww1YMm40TQscB5HUw,12109,834ac8e1ea6890f39d468096359ee68abfed1dc1c05b5c80bf5592a6e6d1d557
raw-files/fil5.tGeiUqEvA1DmWwdqOnk2LGXTc,4391,118d5bf98d7c356206744d63c34893d0adf9f2948fe8c06b41c0ee84e9f7ef0e
raw-files/fil5pcQN7mTPBOdD9njzfOZIbFK2is,4114,825b685a6a473f85ca5a1896767fd53eddd7ba2bc09ce13aad6136fdd90e995a
raw-files/fil6E6yxmX7SJfKEiHpzVr83VCyAWs,7837,4b35d75523e910441924218ad021b3c803bc989158eb107c09ccd635791db8bc
raw-files/fil6G17i5YnTmN178zV_yvzxuvmQsY,1683,9f78a7f431fc551a3c84a57b34e21b6fb5ae5e5e8232168bede0ee0ba37e3af6
raw-files/fil7DLt.BXuM4qKVICH94YXmqFF054,6131,9aedbec9cfd9d4f3a8b0bd905d9b2f32e47f1b3b0d544210eceb8d7130a656a4
raw-files/fil7of5MhBbmZYwqLdC75b1W7RiOxI,4402,b6238f63eee42a1bcf16d67d87de2a8ecc35ca1dad736aa6ae0c6e159ddb8bbf
raw-files/fil90oVSN_.XeganKcABHWCYvyWZ0Q,3389,57ece99a40aedf6614bfedb1d1be379fcceab313d6f37b9ee834da563fd8baf3
raw-files/fil96QbBeylQOJWpnEpTNfxj4TX5NM,4026,5f43681b25c800004b5bf01eb4b71cb3c60feb58c4e8058a40889d5154ceb004
raw-files/fil97PQg7rhlsBk0SADVkVbViCN.dY,3249,07ecfddfb86a086014442789dc48f035a201ac61a553d8336760d1dbf8e8610b
raw-files/fil9c1sLjEEBGvfeqfNI9DOBspTPyw,2954,352ee98e7e8f99d45eea1e8ac5af4cfcd81064e3970f7657a224915bd38b2270
raw-files/fil9jHD9GNRnxOpZt2eKdOQvlhwsVE,4629,d800f2ce4e3416722fa3ebdf066e96d9bd95e1555388104857f0fb297926b389
raw-files/fil9zS2nir1bXD7g.TWz4ToMhyFBxE,5343,6fbde514add5bc63fbbfa3a469726df82b94152be65487851e387a2118575ed8
raw-files/filBkEAFoS22G3lN9Ag2IrjwVEhFDA,4785,fd0fb02e876ddac8c19611eb583e1f21b786e4c8ac92efb7169050aa800a9223
raw-files/filC3uh.qXy2wHh1vmSmkwmhRYF.KQ,8232,481ae8d0bd41ac2674eca37974a44fe45feb84aa225e90c5e06ba43cb5fe488e
raw-files/filClIRbpyKXn8BxNyKg1FR.kCgUbs,5659,4ee126510095136ae176458939e82e1f7b73dd216b8b0555b04e7327a24b1e6d
raw-files/filDVnvISl1XtVQBft2YuSVs2K6wEo,2714,c2bfd5a8dcd7afd32c100f97470f315c8a3df5480765719a8f5d9a4aaf8a41c4
raw-files/filD_P65clXDvGfwJk.DEC_FllEd98,5747,bda74693f44fa7bec1281c267e101974380a28885380924690d4fead483d26f5
raw-files/filE7QMh6c6KcsdazjM4ZS_fOao9y4,2676,e14fd1ec63ff8563aef4a18400dc811672387b6ed09e11fd8604dcd3c8328fcb
raw-files/filEE1mQLAarcuc.mPgpnZ7n1W.Q5M,5066,076036712416eb3f2a2b631854ba9897f800629f9ac2f03553d080bf3825e945
raw-files/filEUKWdWL31EvgclwJlU5dKuv1OSo,6010,c79fd4d01d4e6931493ee2d3997393e4de9ed0cd0ec12737051d23540bb7168d
raw-files/filEZYKJFcrpik8CvsQVvjkXDZ4KMI,5015,f62157622715b62d4bf425faf5f60ffdd710bad9d8c8354cd9945a878251e3cc
raw-files/filEioWcXCnzFegWVjxrxhpwIObI_Y,2250,000b8622f77bb75d085072aec876ddbcfda7dc4ea15e7efad8713e2df5ba38bf
raw-files/filFFDLO0ahksygO8bfIVwmc.Zwu3A,3026,33794045d0e98aa589087ddf9af1d9e66ab1d401c622a36fe65d7e6636e35aad
raw-files/filFgGRBQyxKCKmhoTCPzZ0xJDtr_Q,5361,3543a7c15c52a6859fd3faca3996a20a556570a01ccdf02a0c4df0367dbfb05a
raw-files/filFtAUmwEdceVlC7CRbhrxZEFitkg,3820,3e7c27fba0252bf8b8f4fe8ff854a0f6b160dbfc6bd2f53ac9313581bfeb539b
raw-files/filFwFUho8LAuRK3vXmIS7eatNxKts,6065,f7353c79184b84289ae1f7a4379bb2e4f5c2302eed528683db3d9daf4682e27d
raw-files/filGnlHUyG7PzAly4HyxF..gtKocQc,161145,253da54cb47af5c20ea9d94e17910981b1c84a9a4450e1cbf17f27a726ef93c2
raw-files/filGpRXiVOsg00B6RLntBsXFYbP3No,2645,09ac633998150cd123928861b0521c82f8999f8459bf9ccfd65efd9e295daf24
raw-files/filHgUakEp4KY3cijALOkDElu.rprs,42564,52d67dae6111ca6ab79ffd5dba6a5efc57d7c12f91793cf3aab489af110fbcec
raw-files/filIdtc3lJ4jFBioxIznz_3EyrxS_8,14996,35a8db90c8ceed7ef02e7293cab53616fbeea71eeb2229ecb53716734cdba044
raw-files/filIffN80.ZfRf0QlFIfE2Aq643KnQ,3272,d214a239d3e0339c2473ac4d39c3d256824f5170d2c5c762af613ae0159b17c2
raw-files/filIj3tVwI3XVYP_rRF2sNgI0cuMmc,3646,3a8d3395ba01fcf42eb2c9ce19e7334e8b1360b24157aa24e2881416c5d08537
raw-files/filIqiMJhIxITJdjQWSLxH1LBduK70,131219,b000a1e55d33d3c1c0683913da1b18e0c9552d903693fd0bc78ba4b6ebc2f1a6
raw-files/filIu0cx4YABdWRQBhD68v_QG3.c6Q,9088,a73594c3cb885ee84a615b2071884bab7888dc37b933e69aef40f41c6a958b9f
raw-files/filIuwwZHRmwS_Bcd43Yinv9lS34dM,3601,de913ac0afba3ae700f42004c8ccf75746b51405acd863ef45f66e5be0b8cd8d
raw-files/filL7y4EArPUXbEfn7S4pxZm_darLA,12641,8c6777f4308db42d6e6085183dcec6637482724f5d7cbac8fe5b250c8d08c039
raw-files/filLHXaLINhIsCNkQ9dIjmWq6ycPAg,80340,0f1d5219934e96e83b8db162d60b4d8c09b5de1e7d38031cbafe4a3c0f2889c9
raw-files/filLI50uLOVa3B.5SVhvOnZJQS0PKM,120645,725ca632c1371809e8259193914551a54d3c08769dbcbdadc6769c106880c64b
raw-files/filLb.zvNVAbKjgx57t5xEjakhTZNY,19438,20082c209dc95a74f82eb1fb8a713ce8e9b6ce7c442fe22be795c7fa0f1cd8bb
raw-files/filLhjTMp2.UYvLBYdCBPPI9S6E650,1932,04b00abd4da7f7639357002abd9bfe1ecf011faed3d6372432fd54514afe0de1
raw-files/filMCyslBwxG5gwYwoVj0CgVbcEeKw,6620,ceaa50382cce6fae488e9574ac487023caf44eb4a1e69f8f5efe81776c96aa10
raw-files/filNNR0F9BAvokGIjUDI9M5I9EWKjc,4732,0eaf30800f8d609f066119dab703ffdac89f911a16a623baeca38f1525b5627b
raw-files/filNPO.4vnwcEqiLvOPAEPowCCshl8,256484,2d537f471ecfb14a9596b0c8250e7d2c48e6c0362c0d4a672e0daf22b3ec677f
raw-files/filNmLWGYTQblzEF2UiAog13d8nQLc,11094,92a11675653f0d465ed1c065972ea81ff134c5166245eea1bdd62fd37385e945
raw-files/filPRwKz_BttH0YLd2l3B6MxMZS1X0,122221,72a49feb847de7ee6d34a4a96ab2cc957f2ed47da73891864e96b226c14a5921
raw-files/filRcCay8.2JDYpGisZrBwN6ofCs9w,3832,9dd1cb6ce11bb56fd4b34b005cbd22d5d8958df231b80f008dea953efedad44c
raw-files/filRcQDjtIuEt85D1jWnbc2XRfSUNs,5926,efa712acd36bbfa17b34c14600e02a093933c43ecb554ac309757b22e1293bcd
raw-files/filRsng8jeoOY5hJvDSoNTHDUjpt7s,7147,18e832370347b0d0a9c66ba6c6376ba543c64c7943b6c49b8ef533a3d14b93b0
raw-files/filSHw_pgRKugBrAm_d0PJXoxgjUcM,6806,3acc2f2c6b82370a3d0c8b5e7085b1379563ff7863a33ff3043384aefbd54b08
raw-files/filSPtdQd6OTDBDIklhbXCN_Vq6mDc,778112,e4d197569d1037951518be46618f2bab4a090aa374118ab0e17b9b6469fd75b7
raw-files/filSzbVNeUkNKeoFbVIkDZ0alV_L_g,10482,cdddf5d61240f8ccadd49cf2c9e5288b41a734787dcd7b1be24cce34ad7c4812
raw-files/filVSye6oPoX.hPx_KCwxMMtLVwDz0,33647,5cfbbd29bfc03974817aece1ed47c15c3a8e058b14f5ee6ae639e5fa09a57787
raw-files/filVhFBZ2qkdMofOGGH9FlJSdbJSiM,3462,3ec8204dc0f2beca98f3ede6608f164062b177513622271387407e5959dcd205
raw-files/filW.jg_SsnHlHEnO_LdA7masVeZAI,3908,0fa272011c99b546e92a706b08340d7ae612ed85423898f02ab7da875b1fc718
raw-files/filWTp71Y13PuokQITHXH4.h3mK9gs,6470,4e0a0a65bc6e5d358adf30e4334e41233fd56ee046749c9c5d70716d6a6fd751
raw-files/filXN8KaODqkH7cQlk63qwNVxH4QfM,8062,f36ba8a85d63ac04512d36318194e930b16f23af51c2bc40333514b624cc402b
raw-files/filXeQzRQddsZwwRSN037J7Zch_PLk,157393,50730d6a3ca971385b627dd821390145a3c7657cf3abf2fd6f15270abfbf3712
raw-files/filYIwtbz7mLtruaKa9lOp5VeBXo.Q,3372,0421b9e8cb75efe7385694f5906577f10432a1c0997b2fe8930495111a83ec9a
raw-files/filYLbY2vvg2Z32yhJk5jYbqDeJboM,14299,cd709cf6ebc4bc2674468bb4596c8a38e41932f338878b639791d0c2a275c024
raw-files/filYpqqgpDHTVoUSnb7Uo5ZdDdnuN4,376545,eef69b3c3d3d3583273ccfd0f07c905a6b428797b3e369149371450538d5624e
raw-files/filZL9ExRouBegcIMqev4BWoEnLXnA,5800846,06db6aa5c2a5ae905ec17e1b922d9f046328afc68a81cdab33d95e531e56a622
raw-files/filZm_kc24I2SnE6rT5cwmXqCGEh_g,8453,726609e031dd2c940f77c1215244206930ab4e8e32c2ca798e12b4d2f86a29b8
raw-files/fil_EzLFzGoMw_YvWDCj.1KwOjP0rg,3099,0979cff8ecc60658c1e70b6446c68609da442a390c57830659e0b630a5c98c19
raw-files/fil_Mz4v_ttksesB29eWI.Ql1FkD5o,3637,6764c73e64b43b888e9e0f2b98b1aa5976f8fe4e5095dfcdf8dcb69867f66405
raw-files/filaxVCUHhb8qwTM7bTSq5dwoeAUm0,4750,522ee9f57e74632b340fed39ec1ab9bf392c2585ed8f74e6adba4a5198ebdcbf
raw-files/filcMk3JX3LqlVSEqHW2zOM_nA.Xkc,4054,e52085fb21e996d4701d3e5c28ed79fab21c3e50b0775cc1c1f6bb85dbc85c6c
raw-files/filcX32wx_CfoNVM_d62gVFynqFHac,131865,2c5943595b7e59441ef81038433bd915aef1c52864b833b74549ddd8d319a9c9
raw-files/fildAr.dpSh_6QEluKW4VGE9e8YYvE,3412,929e1637a91b6a808bb83549f3d24b8f92d345d49d32071cf79f41fe1d43390e
raw-files/fildYLbuVNWa4AunvXNv6uieVmuHmg,5249,78506f849291fe3d2ecc88ff989f2ea41d9324288425767502ac9ea418e1c363
raw-files/filfOx1l9Y_XSY_zsZ3RfchiQChyeI,2604,82c278b08e8312e50dd8ead20a84066421d5ef9e9ed3e7c4c4c435b47855dbae
raw-files/filfrr458TzXwnLLJA2GmCNtFqHy9w,11128,e6a4dbb54233133f74b5b8a8956280d8456701bdfb8ddecddf2ba2c908c86841
raw-files/filgXc.x1hHebSefsPEPcfpqXjBCOE,9831,b708407ba46b050a6b4956d1dfb25b3feabdc0d8856ecce9c95aa8ac81094199
raw-files/filgs7cpBt.xbNXm7g_sG3IMwfD5ak,8454,9b88c96078940e5148420a7d2021436d47b157ae070a2652406d69e62a08c973
raw-files/fili2acbjU0oxlMWLqZ0ugTRAFyySM,30061,e54ed34df62046aee410b0b60aebe6d3290c1c87f734d42f51063e1ead5ee87e
raw-files/filicrhzlGJD5FSutHbIJ4ahwGM1_s,3958,b9063a90386c9510e89291e20e03b71a03d6b18dfcc0eb8fa84d18ca555ce0d4
raw-files/filjoseNLkgM7LRwkkpX.Pe1ffjfQ8,8153,53b301e2149091c7ad4768173475b0731f4066d905c13eb94b66457642ff03f4
raw-files/filk.Ib.LiMlZ9q_utBrrC5VhdA5_s,17784,6ae3f5d450af375818acacba61c9b96ac823d8066348ce43f67eced5f3d8eb33
raw-files/fillBfmf4xKxMOjz0f4a3BsHcvz5_Y,210105,2f93a57013bdf7b19e2dabce7d422d12a3e01d90aeab28e2d586506756084f08
raw-files/fillKTp1oDi8LrxNDtNwCf8Xj0ZIFA,4993,acba83fe75053c7693ca096b1221bf372ee3d8f6d65113c871006f729c33ecd5
raw-files/fillr.yG3uEk6lzwD1L_nqvTy0o3ps,4276,31e18a3b9b04163b4dd58f472cbec64ddb8091af1be28b70785fc08e3588b44f
raw-files/filnPaP0Yvq2OvVZyDLdVCV.jSoTEU,9888,e52e0a6487e4e333f2ddf1269f02cb66d9ed60a4269ddfc908f36b3abaae483a
raw-files/filnubsk.eZl4EqZqkhQvvDhtm._EM,3486,ac45badf9c6d84be4649ba624cadf375601288f1d7f12f6a3ce293c19d6b9447
raw-files/filo2fAhGaat5R6v83DCcyzWY1T2nQ,538599,d8cc8cb642eac1e5cdea9af1f5073ae87e02e5b8e2603d95fb7c5f4099dedb95
raw-files/filoSBkT7e3ekRs5B4N8dEZRHxQURo,119988,3f314124e07e23c7cb2fa1bdf6367d70444de9f9be1897c546dfc4a404740bfa
raw-files/filq3rGm8TsceoJhqBtdC86OAOT_5E,6173,7aa6b2a5e80ce0570d9e83acb2dad3da9e4dc77e06cba4db0e10fa79effb4713
raw-files/filrLo5nViRdM_XoiWLdquo5RrpuB0,17161,c8c9ed48b0a7440439a9da29dd931d2ed6163e8302ed5d335011aeefa85f2be9
raw-files/filrzWMCMm19OGBi4ZMdic62UV6cUw,2658,63427d098c7f92612b86f3f3f0d19a9e1c7ad9714d22768a7e4a2830c541b289
raw-files/filtI24C4FdT0j.Bxdmavr0jmcmYuA,4222,4aa7202d2ea8ce5b934f7335a28e0a1d89f50c8ea499847a349bf9380ea9e8a7
raw-files/filvSTIJ_yunL7c_vxY0Wto8Q3idVk,5083,b6be0dcfc59de52d463f1aa613ca501513bb6af989b8c6d50767786361e23eef
raw-files/filvidnrbIa98c3sAfd_MEFmZl4F_c,7244,65f63afbeeaff4a1c09a1dc9850f4ba425857d853e0ed503e549adac8bced570
raw-files/filvl4fKg04d6YNlhEo7n9tNqV5uk0,2843,1548a06eeb921b102f2e26d9a966b1e9f728ef8d22797b21382a2da11f2feab8
raw-files/filxkpHqG.qJ_8w2B1Afw.vnTeUN24,8858,ca5b313d1af7ab24e981a086fe4a48651505f9d7bf4788759cd6a96200f7b44a
raw-files/filxrf0bQyj1JW9URcErY7IN1eNer0,33107,dba603c05186270874d31d5c09917992625ec17e6cb6a30f422c5af851067e47
raw-files/filzVfGRWKBtDBmXN3G9ZjIeEO65Vs,449524,bd019605d5d32198dcd27e03df67a7fe5d0900c808ac4c6d2cffe8dc45e4131a
raw-files/filzaNK_v941BiuThPUidZtzqvvsNM,2514,3d78e9dd0943317858b385febf0d92f6c41f3667acdc61034afba135f3af0ce9
raw-files/icon.ico,43006,637eecfa2f0baaf87677adfbd7164ff9954429cf920e1bd7abebe08f85984e1d
raw-files/iconUpdate.ico,43006,9eafeb49429ef83477fee8c9a12ab64dac665ab61f17fba6ef1554d241ffdf4a
raw-files/launcherImagesComponentFiles_File_RunAsset.ico,16958,8b6f09a463b4a4a4c70f47a0adb93c5d0b00e0d881503cbb23c856d67208411b
raw-files/launcherImagesComponentFiles_File_app_error.dark.png,166,b522360c4ad276600820f92d4f4bbe895950785abfa4ab3e97e8f764e8f6bbe9
raw-files/launcherImagesComponentFiles_File_app_error.light.png,154,f64867f9995cd2ee9d369e4b8b5d9260c4fda2a2c0d05d2c630315d35e0f8760
raw-files/msvcp140.dll,643512,7c26614e1d733892c2deac7e245ce115504b1d80592dd0a01b08e3e5a55f89ca
raw-files/msvcp140_app.dll,270104,d502311faa250f54c037d4b229db2c351175ce4f274093e9b8f626697309c36b
raw-files/resources.pri,18962536,7409d633fbba50196bc17bae4f5f2fb6dc94bc55f5bcad88b6528d6c170974e3
raw-files/vcruntime140.dll,178616,d1f4225df2cd877dbf130d5668a021dce3f94118455ff5ec952061c30afc9ce7
raw-files/vcruntime140_1.dll,50112,a7146c08f89fe5b04541ab507cdb59ff7b44534d4ba3c668a426c6450a03434e
raw-files/vcruntime140_1_app.dll,28952,62fd861505b84593daa04dd13bd3f00cbbd7d60f565b68c1cb2f01c4a2da1052
raw-files/vcruntime140_app.dll,33048,a976be6801f4d82a5aa3ec90c96e95cd644adbfa5a1d375cfd153694882dd851
